timestamp,station_id,temperature,pressure,humidity,anomaly_label,anomaly_type,imputed,temperature_corrected,pressure_corrected,humidity_corrected
2024-07-01 00:00:00,AWS_Chennai_001,25.62,1007.91,52.57,0,normal,False,25.62,1007.91,52.57
2024-07-01 00:10:00,AWS_Chennai_001,25.14,1007.6,57.07,0,normal,False,25.14,1007.6,57.07
2024-07-01 00:20:00,AWS_Chennai_001,24.41,1007.32,60.77,0,normal,False,24.41,1007.32,60.77
2024-07-01 00:30:00,AWS_Chennai_001,24.18,1007.01,62.24,0,normal,False,24.18,1007.01,62.24
2024-07-01 00:40:00,AWS_Chennai_001,24.66,1006.73,63.11,0,normal,False,24.66,1006.73,63.11
2024-07-01 00:50:00,AWS_Chennai_001,24.55,1006.89,67.88,0,normal,False,24.55,1006.89,67.88
2024-07-01 01:00:00,AWS_Chennai_001,24.87,1006.78,70.25,0,normal,False,24.87,1006.78,70.25
2024-07-01 01:10:00,AWS_Chennai_001,25.33,1006.48,73.15,0,normal,False,25.33,1006.48,73.15
2024-07-01 01:20:00,AWS_Chennai_001,24.94,1006.23,75.5,0,normal,False,24.94,1006.23,75.5
2024-07-01 01:30:00,AWS_Chennai_001,24.51,1006.07,75.08,0,normal,False,24.51,1006.07,75.08
2024-07-01 01:40:00,AWS_Chennai_001,24.46,1005.53,73.32,0,normal,False,24.46,1005.53,73.32
2024-07-01 01:50:00,AWS_Chennai_001,24.28,1005.56,74.05,0,normal,False,24.28,1005.56,74.05
2024-07-01 02:00:00,AWS_Chennai_001,24.31,1005.55,73.67,0,normal,False,24.31,1005.55,73.67
2024-07-01 02:10:00,AWS_Chennai_001,24.43,1005.32,72.05,0,normal,False,24.43,1005.32,72.05
2024-07-01 02:20:00,AWS_Chennai_001,24.34,1005.31,73.6,0,normal,False,24.34,1005.31,73.6
2024-07-01 02:30:00,AWS_Chennai_001,24.37,1005.56,75.19,0,normal,False,24.37,1005.56,75.19
2024-07-01 02:40:00,AWS_Chennai_001,24.7,1005.79,74.14,0,normal,False,24.7,1005.79,74.14
2024-07-01 02:50:00,AWS_Chennai_001,24.4,1005.92,73.89,0,normal,False,24.4,1005.92,73.89
2024-07-01 03:00:00,AWS_Chennai_001,24.44,1005.93,76.18,0,normal,False,24.44,1005.93,76.18
2024-07-01 03:10:00,AWS_Chennai_001,24.99,1005.99,78.62,0,normal,False,24.99,1005.99,78.62
2024-07-01 03:20:00,AWS_Chennai_001,24.76,1005.95,79.82,0,normal,False,24.76,1005.95,79.82
2024-07-01 03:30:00,AWS_Chennai_001,24.38,1006.0,81.69,0,normal,False,24.38,1006.0,81.69
2024-07-01 03:40:00,AWS_Chennai_001,24.42,1005.8,80.45,0,normal,False,24.42,1005.8,80.45
2024-07-01 03:50:00,AWS_Chennai_001,24.51,1005.72,79.83,0,normal,False,24.51,1005.72,79.83
2024-07-01 04:00:00,AWS_Chennai_001,24.88,1005.37,77.31,0,normal,False,24.88,1005.37,77.31
2024-07-01 04:10:00,AWS_Chennai_001,25.2,1005.14,77.9,0,normal,False,25.2,1005.14,77.9
2024-07-01 04:20:00,AWS_Chennai_001,24.94,1004.74,80.54,0,normal,False,24.94,1004.74,80.54
2024-07-01 04:30:00,AWS_Chennai_001,24.74,1004.86,82.37,0,normal,False,24.74,1004.86,82.37
2024-07-01 04:40:00,AWS_Chennai_001,24.65,1004.55,81.81,0,normal,False,24.65,1004.55,81.81
2024-07-01 04:50:00,AWS_Chennai_001,24.31,1004.74,82.61,0,normal,False,24.31,1004.74,82.61
2024-07-01 05:00:00,AWS_Chennai_001,24.89,1004.37,83.15,0,normal,False,24.89,1004.37,83.15
2024-07-01 05:10:00,AWS_Chennai_001,25.45,1004.16,84.94,0,normal,False,25.45,1004.16,84.94
2024-07-01 05:20:00,AWS_Chennai_001,25.3,1003.81,85.67,0,normal,False,25.3,1003.81,85.67
2024-07-01 05:30:00,AWS_Chennai_001,25.37,1003.78,82.82,0,normal,False,25.37,1003.78,82.82
2024-07-01 05:40:00,AWS_Chennai_001,25.77,1004.05,83.04,0,normal,False,25.77,1004.05,83.04
2024-07-01 05:50:00,AWS_Chennai_001,25.94,1003.93,80.49,0,normal,False,25.94,1003.93,80.49
2024-07-01 06:00:00,AWS_Chennai_001,26.32,1003.53,80.1,0,normal,False,26.32,1003.53,80.1
2024-07-01 06:10:00,AWS_Chennai_001,26.93,1003.28,81.11,0,normal,False,26.93,1003.28,81.11
2024-07-01 06:20:00,AWS_Chennai_001,27.44,1003.19,79.27,0,normal,False,27.44,1003.19,79.27
2024-07-01 06:30:00,AWS_Chennai_001,27.52,1003.36,76.54,0,normal,False,27.52,1003.36,76.54
2024-07-01 06:40:00,AWS_Chennai_001,27.62,1003.14,77.17,0,normal,False,27.62,1003.14,77.17
2024-07-01 06:50:00,AWS_Chennai_001,28.02,1003.26,77.17,0,normal,False,28.02,1003.26,77.17
2024-07-01 07:00:00,AWS_Chennai_001,28.51,1003.2,78.18,0,normal,False,28.51,1003.2,78.18
2024-07-01 07:10:00,AWS_Chennai_001,28.56,1002.92,76.77,0,normal,False,28.56,1002.92,76.77
2024-07-01 07:20:00,AWS_Chennai_001,28.56,1002.84,78.22,0,normal,False,28.56,1002.84,78.22
2024-07-01 07:30:00,AWS_Chennai_001,28.88,1002.64,81.17,0,normal,False,28.88,1002.64,81.17
2024-07-01 07:40:00,AWS_Chennai_001,29.54,1002.48,80.03,0,normal,False,29.54,1002.48,80.03
2024-07-01 07:50:00,AWS_Chennai_001,29.75,1002.57,80.67,0,normal,False,29.75,1002.57,80.67
2024-07-01 08:00:00,AWS_Chennai_001,30.16,1002.45,81.37,0,normal,False,30.16,1002.45,81.37
2024-07-01 08:10:00,AWS_Chennai_001,30.85,1002.33,81.56,0,normal,False,30.85,1002.33,81.56
2024-07-01 08:20:00,AWS_Chennai_001,31.12,1002.29,79.41,0,normal,False,31.12,1002.29,79.41
2024-07-01 08:30:00,AWS_Chennai_001,30.73,1002.05,79.74,0,normal,False,30.73,1002.05,79.74
2024-07-01 08:40:00,AWS_Chennai_001,31.1,1001.91,81.87,0,normal,False,31.1,1001.91,81.87
2024-07-01 08:50:00,AWS_Chennai_001,31.23,1001.85,81.53,0,normal,False,31.23,1001.85,81.53
2024-07-01 09:00:00,AWS_Chennai_001,31.51,969.15,82.42,1,spike_pressure,True,31.386666666666667,1001.9133333333333,80.68
2024-07-01 09:10:00,AWS_Chennai_001,31.46,1002.12,80.62,0,normal,True,31.543333333333333,1001.9766666666667,79.83
2024-07-01 09:20:00,AWS_Chennai_001,31.7,1002.04,78.98,0,normal,False,31.7,1002.04,78.98
2024-07-01 09:30:00,AWS_Chennai_001,31.89,1001.89,79.11,0,normal,False,31.89,1001.89,79.11
2024-07-01 09:40:00,AWS_Chennai_001,32.22,1002.07,79.58,0,normal,False,32.22,1002.07,79.58
2024-07-01 09:50:00,AWS_Chennai_001,32.22,1001.97,79.78,0,normal,False,32.22,1001.97,79.78
2024-07-01 10:00:00,AWS_Chennai_001,32.47,1002.19,81.8,0,normal,False,32.47,1002.19,81.8
2024-07-01 10:10:00,AWS_Chennai_001,32.58,1002.1,77.79,0,normal,False,32.58,1002.1,77.79
2024-07-01 10:20:00,AWS_Chennai_001,32.62,1001.95,77.29,0,normal,False,32.62,1001.95,77.29
2024-07-01 10:30:00,AWS_Chennai_001,32.94,1001.98,77.3,0,normal,False,32.94,1001.98,77.3
2024-07-01 10:40:00,AWS_Chennai_001,33.19,1001.96,77.64,0,normal,False,33.19,1001.96,77.64
2024-07-01 10:50:00,AWS_Chennai_001,32.4,1001.92,77.51,0,normal,False,32.4,1001.92,77.51
2024-07-01 11:00:00,AWS_Chennai_001,32.53,1001.93,78.59,0,normal,False,32.53,1001.93,78.59
2024-07-01 11:10:00,AWS_Chennai_001,32.57,1002.3,79.59,0,normal,False,32.57,1002.3,79.59
2024-07-01 11:20:00,AWS_Chennai_001,32.79,1002.29,79.39,0,normal,False,32.79,1002.29,79.39
2024-07-01 11:30:00,AWS_Chennai_001,32.73,1002.3,79.73,0,normal,False,32.73,1002.3,79.73
2024-07-01 11:40:00,AWS_Chennai_001,33.11,1002.41,79.24,0,normal,False,33.11,1002.41,79.24
2024-07-01 11:50:00,AWS_Chennai_001,32.88,1002.33,81.59,0,normal,False,32.88,1002.33,81.59
2024-07-01 12:00:00,AWS_Chennai_001,33.34,1002.43,80.29,0,normal,False,33.34,1002.43,80.29
2024-07-01 12:10:00,AWS_Chennai_001,33.51,1002.29,79.36,0,normal,False,33.51,1002.29,79.36
2024-07-01 12:20:00,AWS_Chennai_001,33.6,1002.28,80.75,0,normal,False,33.6,1002.28,80.75
2024-07-01 12:30:00,AWS_Chennai_001,33.33,1002.21,78.56,0,normal,False,33.33,1002.21,78.56
2024-07-01 12:40:00,AWS_Chennai_001,33.13,1002.28,76.15,0,normal,False,33.13,1002.28,76.15
2024-07-01 12:50:00,AWS_Chennai_001,33.54,1002.29,76.36,0,normal,False,33.54,1002.29,76.36
2024-07-01 13:00:00,AWS_Chennai_001,33.75,1002.29,78.06,0,normal,False,33.75,1002.29,78.06
2024-07-01 13:10:00,AWS_Chennai_001,33.8,1002.44,77.83,0,normal,False,33.8,1002.44,77.83
2024-07-01 13:20:00,AWS_Chennai_001,34.0,1002.53,78.28,0,normal,False,34.0,1002.53,78.28
2024-07-01 13:30:00,AWS_Chennai_001,33.8,1002.65,77.85,0,normal,False,33.8,1002.65,77.85
2024-07-01 13:40:00,AWS_Chennai_001,34.1,1002.37,75.73,0,normal,False,34.1,1002.37,75.73
2024-07-01 13:50:00,AWS_Chennai_001,34.3,1002.7,77.16,0,normal,False,34.3,1002.7,77.16
2024-07-01 14:00:00,AWS_Chennai_001,34.11,1002.48,78.46,0,normal,False,34.11,1002.48,78.46
2024-07-01 14:10:00,AWS_Chennai_001,34.11,1002.61,78.76,0,normal,False,34.11,1002.61,78.76
2024-07-01 14:20:00,AWS_Chennai_001,34.15,1003.09,78.86,0,normal,False,34.15,1003.09,78.86
2024-07-01 14:30:00,AWS_Chennai_001,34.13,1003.08,78.09,0,normal,False,34.13,1003.08,78.09
2024-07-01 14:40:00,AWS_Chennai_001,34.45,1003.04,79.18,0,normal,False,34.45,1003.04,79.18
2024-07-01 14:50:00,AWS_Chennai_001,34.55,1003.23,79.9,0,normal,False,34.55,1003.23,79.9
2024-07-01 15:00:00,AWS_Chennai_001,34.11,1003.01,82.17,0,normal,False,34.11,1003.01,82.17
2024-07-01 15:10:00,AWS_Chennai_001,33.87,1002.8,81.21,0,normal,False,33.87,1002.8,81.21
2024-07-01 15:20:00,AWS_Chennai_001,34.2,1002.58,80.0,0,normal,False,34.2,1002.58,80.0
2024-07-01 15:30:00,AWS_Chennai_001,33.94,1002.4,78.37,0,normal,False,33.94,1002.4,78.37
2024-07-01 15:40:00,AWS_Chennai_001,33.44,1002.35,78.07,0,normal,False,33.44,1002.35,78.07
2024-07-01 15:50:00,AWS_Chennai_001,33.21,1002.12,80.2,0,normal,False,33.21,1002.12,80.2
2024-07-01 16:00:00,AWS_Chennai_001,32.71,1002.16,78.84,0,normal,False,32.71,1002.16,78.84
2024-07-01 16:10:00,AWS_Chennai_001,32.83,1002.29,77.86,0,normal,False,32.83,1002.29,77.86
2024-07-01 16:20:00,AWS_Chennai_001,32.16,1002.38,81.05,0,normal,False,32.16,1002.38,81.05
2024-07-01 16:30:00,AWS_Chennai_001,32.23,1002.39,82.5,0,normal,False,32.23,1002.39,82.5
2024-07-01 16:40:00,AWS_Chennai_001,32.4,1002.25,81.65,0,normal,False,32.4,1002.25,81.65
2024-07-01 16:50:00,AWS_Chennai_001,32.52,1002.21,83.82,0,normal,False,32.52,1002.21,83.82
2024-07-01 17:00:00,AWS_Chennai_001,32.13,1002.28,84.54,0,normal,False,32.13,1002.28,84.54
2024-07-01 17:10:00,AWS_Chennai_001,31.94,1002.4,85.73,0,normal,False,31.94,1002.4,85.73
2024-07-01 17:20:00,AWS_Chennai_001,31.49,1002.44,87.91,0,normal,False,31.49,1002.44,87.91
2024-07-01 17:30:00,AWS_Chennai_001,31.33,1002.34,86.91,1,drift_temperature,False,31.33,1002.34,86.91
2024-07-01 17:40:00,AWS_Chennai_001,30.54,1002.39,85.74,1,drift_temperature,False,30.54,1002.39,85.74
2024-07-01 17:50:00,AWS_Chennai_001,29.36,1002.28,83.78,1,drift_temperature,False,29.36,1002.28,83.78
2024-07-01 18:00:00,AWS_Chennai_001,28.56,1002.13,81.61,1,drift_temperature,False,28.56,1002.13,81.61
2024-07-01 18:10:00,AWS_Chennai_001,27.52,1002.03,82.85,1,drift_temperature,False,27.52,1002.03,82.85
2024-07-01 18:20:00,AWS_Chennai_001,26.55,1002.25,82.58,1,drift_temperature,False,26.55,1002.25,82.58
2024-07-01 18:30:00,AWS_Chennai_001,25.63,1002.16,82.68,1,drift_temperature,False,25.63,1002.16,82.68
2024-07-01 18:40:00,AWS_Chennai_001,24.77,1002.16,85.2,1,drift_temperature,False,24.77,1002.16,85.2
2024-07-01 18:50:00,AWS_Chennai_001,23.42,1002.01,84.92,1,drift_temperature,False,23.42,1002.01,84.92
2024-07-01 19:00:00,AWS_Chennai_001,22.84,1001.88,82.48,1,drift_temperature,False,22.84,1001.88,82.48
2024-07-01 19:10:00,AWS_Chennai_001,22.01,1001.81,83.28,1,drift_temperature,False,22.01,1001.81,83.28
2024-07-01 19:20:00,AWS_Chennai_001,20.85,1002.0,83.28,1,drift_temperature,True,21.267142857142858,1001.6999999999999,83.14142857142858
2024-07-01 19:30:00,AWS_Chennai_001,19.97,1001.79,82.37,1,drift_temperature,True,20.524285714285714,1001.5899999999999,83.00285714285714
2024-07-01 19:40:00,AWS_Chennai_001,18.79,1001.67,81.46,1,drift_temperature,True,19.78142857142857,1001.4799999999999,82.86428571428571
2024-07-01 19:50:00,AWS_Chennai_001,18.63,1001.33,80.35,1,drift_temperature,True,19.03857142857143,1001.37,82.72571428571429
2024-07-01 20:00:00,AWS_Chennai_001,17.69,1001.4,80.36,1,drift_temperature,True,18.295714285714286,1001.26,82.58714285714287
2024-07-01 20:10:00,AWS_Chennai_001,17.1,1001.21,81.08,1,drift_temperature,True,17.552857142857142,1001.15,82.44857142857143
2024-07-01 20:20:00,AWS_Chennai_001,16.81,1001.04,82.31,1,drift_temperature,False,16.81,1001.04,82.31
2024-07-01 20:30:00,AWS_Chennai_001,16.06,1000.69,81.96,1,drift_temperature,False,16.06,1000.69,81.96
2024-07-01 20:40:00,AWS_Chennai_001,15.58,1000.71,80.69,1,drift_temperature,True,15.51,1000.665,81.905
2024-07-01 20:50:00,AWS_Chennai_001,14.96,1000.64,81.85,1,drift_temperature,False,14.96,1000.64,81.85
2024-07-01 21:00:00,AWS_Chennai_001,14.24,1000.5,83.59,1,drift_temperature,False,14.24,1000.5,83.59
2024-07-01 21:10:00,AWS_Chennai_001,13.12,1000.34,82.74,1,drift_temperature,False,13.12,1000.34,82.74
2024-07-01 21:20:00,AWS_Chennai_001,27.51,1000.4,82.09,0,normal,True,20.365,1000.4100000000001,82.16499999999999
2024-07-01 21:30:00,AWS_Chennai_001,27.61,1000.48,81.59,0,normal,False,27.61,1000.48,81.59
2024-07-01 21:40:00,AWS_Chennai_001,27.74,1000.7,82.02,0,normal,False,27.74,1000.7,82.02
2024-07-01 21:50:00,AWS_Chennai_001,27.54,1000.46,81.95,0,normal,False,27.54,1000.46,81.95
2024-07-01 22:00:00,AWS_Chennai_001,27.33,1000.57,82.25,0,normal,False,27.33,1000.57,82.25
2024-07-01 22:10:00,AWS_Chennai_001,27.28,1000.87,82.0,0,normal,False,27.28,1000.87,82.0
2024-07-01 22:20:00,AWS_Chennai_001,27.02,1000.73,82.53,0,normal,False,27.02,1000.73,82.53
2024-07-01 22:30:00,AWS_Chennai_001,27.21,1000.53,82.06,0,normal,False,27.21,1000.53,82.06
2024-07-01 22:40:00,AWS_Chennai_001,27.11,1000.73,83.18,0,normal,False,27.11,1000.73,83.18
2024-07-01 22:50:00,AWS_Chennai_001,27.11,1000.76,84.39,0,normal,False,27.11,1000.76,84.39
2024-07-01 23:00:00,AWS_Chennai_001,27.31,1000.61,85.92,0,normal,False,27.31,1000.61,85.92
2024-07-01 23:10:00,AWS_Chennai_001,27.16,1000.63,82.61,0,normal,False,27.16,1000.63,82.61
2024-07-01 23:20:00,AWS_Chennai_001,26.64,1001.0,82.09,0,normal,False,26.64,1001.0,82.09
2024-07-01 23:30:00,AWS_Chennai_001,26.23,1001.01,81.52,0,normal,False,26.23,1001.01,81.52
2024-07-01 23:40:00,AWS_Chennai_001,26.21,1001.33,81.21,0,normal,False,26.21,1001.33,81.21
2024-07-01 23:50:00,AWS_Chennai_001,26.19,1001.23,84.08,0,normal,False,26.19,1001.23,84.08
2024-07-02 00:00:00,AWS_Chennai_001,26.19,1001.17,85.89,0,normal,False,26.19,1001.17,85.89
2024-07-02 00:10:00,AWS_Chennai_001,26.49,1001.3,83.78,0,normal,False,26.49,1001.3,83.78
2024-07-02 00:20:00,AWS_Chennai_001,26.95,1001.45,86.0,0,normal,False,26.95,1001.45,86.0
2024-07-02 00:30:00,AWS_Chennai_001,26.69,1001.48,86.51,0,normal,False,26.69,1001.48,86.51
2024-07-02 00:40:00,AWS_Chennai_001,26.94,1001.59,84.95,0,normal,False,26.94,1001.59,84.95
2024-07-02 00:50:00,AWS_Chennai_001,26.92,1001.92,85.45,0,normal,False,26.92,1001.92,85.45
2024-07-02 01:00:00,AWS_Chennai_001,26.86,1001.81,83.73,0,normal,False,26.86,1001.81,83.73
2024-07-02 01:10:00,AWS_Chennai_001,26.58,1001.85,84.35,0,normal,False,26.58,1001.85,84.35
2024-07-02 01:20:00,AWS_Chennai_001,26.55,1002.17,84.87,0,normal,False,26.55,1002.17,84.87
2024-07-02 01:30:00,AWS_Chennai_001,26.79,1002.23,87.45,0,normal,False,26.79,1002.23,87.45
2024-07-02 01:40:00,AWS_Chennai_001,26.14,1002.2,89.2,0,normal,False,26.14,1002.2,89.2
2024-07-02 01:50:00,AWS_Chennai_001,26.03,1002.41,89.97,0,normal,False,26.03,1002.41,89.97
2024-07-02 02:00:00,AWS_Chennai_001,26.26,1002.54,91.13,0,normal,False,26.26,1002.54,91.13
2024-07-02 02:10:00,AWS_Chennai_001,26.65,1002.73,92.71,0,normal,False,26.65,1002.73,92.71
2024-07-02 02:20:00,AWS_Chennai_001,26.57,1002.67,91.74,0,normal,False,26.57,1002.67,91.74
2024-07-02 02:30:00,AWS_Chennai_001,26.72,1002.34,89.84,0,normal,False,26.72,1002.34,89.84
2024-07-02 02:40:00,AWS_Chennai_001,26.34,1002.35,86.05,0,normal,False,26.34,1002.35,86.05
2024-07-02 02:50:00,AWS_Chennai_001,26.65,1002.49,89.38,0,normal,False,26.65,1002.49,89.38
2024-07-02 03:00:00,AWS_Chennai_001,26.89,1002.65,92.93,0,normal,False,26.89,1002.65,92.93
2024-07-02 03:10:00,AWS_Chennai_001,26.62,1002.43,92.59,0,normal,False,26.62,1002.43,92.59
2024-07-02 03:20:00,AWS_Chennai_001,26.3,1002.41,91.03,0,normal,False,26.3,1002.41,91.03
2024-07-02 03:30:00,AWS_Chennai_001,26.4,1002.5,91.09,0,normal,False,26.4,1002.5,91.09
2024-07-02 03:40:00,AWS_Chennai_001,26.42,1002.5,92.31,0,normal,False,26.42,1002.5,92.31
2024-07-02 03:50:00,AWS_Chennai_001,26.37,1002.47,93.74,0,normal,False,26.37,1002.47,93.74
2024-07-02 04:00:00,AWS_Chennai_001,26.68,1002.65,92.22,0,normal,False,26.68,1002.65,92.22
2024-07-02 04:10:00,AWS_Chennai_001,26.44,1002.36,91.9,0,normal,False,26.44,1002.36,91.9
2024-07-02 04:20:00,AWS_Chennai_001,26.49,1002.32,94.85,0,normal,False,26.49,1002.32,94.85
2024-07-02 04:30:00,AWS_Chennai_001,26.3,1002.14,95.61,0,normal,False,26.3,1002.14,95.61
2024-07-02 04:40:00,AWS_Chennai_001,26.28,1002.22,95.94,0,normal,False,26.28,1002.22,95.94
2024-07-02 04:50:00,AWS_Chennai_001,26.29,1001.89,94.7,0,normal,False,26.29,1001.89,94.7
2024-07-02 05:00:00,AWS_Chennai_001,26.24,1001.8,93.69,0,normal,False,26.24,1001.8,93.69
2024-07-02 05:10:00,AWS_Chennai_001,26.51,1001.87,91.71,0,normal,False,26.51,1001.87,91.71
2024-07-02 05:20:00,AWS_Chennai_001,26.84,1001.92,92.23,0,normal,False,26.84,1001.92,92.23
2024-07-02 05:30:00,AWS_Chennai_001,26.52,1001.95,92.14,0,normal,False,26.52,1001.95,92.14
2024-07-02 05:40:00,AWS_Chennai_001,26.93,1002.19,94.31,0,normal,False,26.93,1002.19,94.31
2024-07-02 05:50:00,AWS_Chennai_001,27.07,1002.14,94.95,0,normal,False,27.07,1002.14,94.95
2024-07-02 06:00:00,AWS_Chennai_001,26.93,1001.85,93.76,0,normal,False,26.93,1001.85,93.76
2024-07-02 06:10:00,AWS_Chennai_001,27.51,1001.74,95.6,0,normal,False,27.51,1001.74,95.6
2024-07-02 06:20:00,AWS_Chennai_001,26.85,1001.45,94.9,0,normal,False,26.85,1001.45,94.9
2024-07-02 06:30:00,AWS_Chennai_001,27.33,1001.41,94.28,0,normal,False,27.33,1001.41,94.28
2024-07-02 06:40:00,AWS_Chennai_001,27.48,1001.11,95.58,0,normal,False,27.48,1001.11,95.58
2024-07-02 06:50:00,AWS_Chennai_001,27.45,1001.25,94.96,0,normal,False,27.45,1001.25,94.96
2024-07-02 07:00:00,AWS_Chennai_001,28.05,1001.26,94.21,0,normal,False,28.05,1001.26,94.21
2024-07-02 07:10:00,AWS_Chennai_001,28.37,1001.0,93.65,0,normal,False,28.37,1001.0,93.65
2024-07-02 07:20:00,AWS_Chennai_001,29.11,1001.17,91.64,0,normal,False,29.11,1001.17,91.64
2024-07-02 07:30:00,AWS_Chennai_001,29.46,1001.18,92.44,0,normal,False,29.46,1001.18,92.44
2024-07-02 07:40:00,AWS_Chennai_001,29.66,1001.11,93.96,0,normal,False,29.66,1001.11,93.96
2024-07-02 07:50:00,AWS_Chennai_001,29.9,1001.27,94.87,0,normal,False,29.9,1001.27,94.87
2024-07-02 08:00:00,AWS_Chennai_001,30.04,1001.21,97.07,0,normal,False,30.04,1001.21,97.07
2024-07-02 08:10:00,AWS_Chennai_001,30.32,1001.07,94.47,0,normal,False,30.32,1001.07,94.47
2024-07-02 08:20:00,AWS_Chennai_001,30.83,1001.08,92.6,0,normal,False,30.83,1001.08,92.6
2024-07-02 08:30:00,AWS_Chennai_001,31.23,1001.08,89.53,0,normal,False,31.23,1001.08,89.53
2024-07-02 08:40:00,AWS_Chennai_001,31.57,1001.27,92.94,0,normal,False,31.57,1001.27,92.94
2024-07-02 08:50:00,AWS_Chennai_001,31.74,1001.27,94.75,0,normal,False,31.74,1001.27,94.75
2024-07-02 09:00:00,AWS_Chennai_001,32.0,1001.31,93.03,0,normal,False,32.0,1001.31,93.03
2024-07-02 09:10:00,AWS_Chennai_001,31.78,1001.45,90.43,0,normal,False,31.78,1001.45,90.43
2024-07-02 09:20:00,AWS_Chennai_001,32.33,1001.32,90.28,0,normal,False,32.33,1001.32,90.28
2024-07-02 09:30:00,AWS_Chennai_001,32.4,1001.49,90.18,0,normal,False,32.4,1001.49,90.18
2024-07-02 09:40:00,AWS_Chennai_001,33.16,1001.32,90.26,0,normal,False,33.16,1001.32,90.26
2024-07-02 09:50:00,AWS_Chennai_001,33.31,1001.36,92.11,0,normal,False,33.31,1001.36,92.11
2024-07-02 10:00:00,AWS_Chennai_001,33.66,1001.22,92.22,0,normal,False,33.66,1001.22,92.22
2024-07-02 10:10:00,AWS_Chennai_001,33.69,1001.18,93.1,0,normal,False,33.69,1001.18,93.1
2024-07-02 10:20:00,AWS_Chennai_001,33.66,1001.17,92.41,0,normal,False,33.66,1001.17,92.41
2024-07-02 10:30:00,AWS_Chennai_001,34.1,1001.3,91.35,0,normal,False,34.1,1001.3,91.35
2024-07-02 10:40:00,AWS_Chennai_001,34.15,1001.16,89.56,0,normal,False,34.15,1001.16,89.56
2024-07-02 10:50:00,AWS_Chennai_001,34.08,1001.18,91.98,0,normal,False,34.08,1001.18,91.98
2024-07-02 11:00:00,AWS_Chennai_001,34.02,1001.21,88.2,0,normal,False,34.02,1001.21,88.2
2024-07-02 11:10:00,AWS_Chennai_001,34.35,1001.05,86.33,0,normal,False,34.35,1001.05,86.33
2024-07-02 11:20:00,AWS_Chennai_001,34.8,1000.82,86.06,0,normal,False,34.8,1000.82,86.06
2024-07-02 11:30:00,AWS_Chennai_001,35.15,1001.15,84.28,0,normal,False,35.15,1001.15,84.28
2024-07-02 11:40:00,AWS_Chennai_001,35.05,1001.5,83.93,0,normal,False,35.05,1001.5,83.93
2024-07-02 11:50:00,AWS_Chennai_001,34.93,1001.45,82.17,0,normal,False,34.93,1001.45,82.17
2024-07-02 12:00:00,AWS_Chennai_001,34.89,1001.71,83.31,0,normal,False,34.89,1001.71,83.31
2024-07-02 12:10:00,AWS_Chennai_001,34.63,1001.82,82.46,0,normal,False,34.63,1001.82,82.46
2024-07-02 12:20:00,AWS_Chennai_001,34.97,1001.87,82.81,0,normal,False,34.97,1001.87,82.81
2024-07-02 12:30:00,AWS_Chennai_001,35.01,1001.61,82.66,0,normal,False,35.01,1001.61,82.66
2024-07-02 12:40:00,AWS_Chennai_001,34.71,1001.81,81.42,0,normal,False,34.71,1001.81,81.42
2024-07-02 12:50:00,AWS_Chennai_001,34.63,1001.88,82.13,0,normal,False,34.63,1001.88,82.13
2024-07-02 13:00:00,AWS_Chennai_001,34.64,1002.21,84.47,0,normal,False,34.64,1002.21,84.47
2024-07-02 13:10:00,AWS_Chennai_001,35.22,1002.24,81.99,0,normal,False,35.22,1002.24,81.99
2024-07-02 13:20:00,AWS_Chennai_001,35.62,1002.24,81.91,0,normal,False,35.62,1002.24,81.91
2024-07-02 13:30:00,AWS_Chennai_001,35.83,1002.06,84.23,0,normal,False,35.83,1002.06,84.23
2024-07-02 13:40:00,AWS_Chennai_001,36.1,1002.19,85.32,0,normal,False,36.1,1002.19,85.32
2024-07-02 13:50:00,AWS_Chennai_001,36.25,1002.27,84.56,0,normal,False,36.25,1002.27,84.56
2024-07-02 14:00:00,AWS_Chennai_001,35.95,1002.36,84.92,0,normal,False,35.95,1002.36,84.92
2024-07-02 14:10:00,AWS_Chennai_001,36.21,1002.44,83.44,0,normal,False,36.21,1002.44,83.44
2024-07-02 14:20:00,AWS_Chennai_001,35.66,1002.47,83.27,0,normal,False,35.66,1002.47,83.27
2024-07-02 14:30:00,AWS_Chennai_001,35.58,1002.28,84.77,0,normal,False,35.58,1002.28,84.77
2024-07-02 14:40:00,AWS_Chennai_001,35.86,1002.2,85.79,0,normal,False,35.86,1002.2,85.79
2024-07-02 14:50:00,AWS_Chennai_001,36.08,1002.27,84.12,0,normal,False,36.08,1002.27,84.12
2024-07-02 15:00:00,AWS_Chennai_001,36.41,1002.35,83.69,0,normal,False,36.41,1002.35,83.69
2024-07-02 15:10:00,AWS_Chennai_001,36.47,1002.61,82.91,0,normal,False,36.47,1002.61,82.91
2024-07-02 15:20:00,AWS_Chennai_001,36.51,1002.91,81.24,0,normal,False,36.51,1002.91,81.24
2024-07-02 15:30:00,AWS_Chennai_001,36.17,1002.81,81.09,0,normal,False,36.17,1002.81,81.09
2024-07-02 15:40:00,AWS_Chennai_001,35.95,1002.85,79.95,0,normal,False,35.95,1002.85,79.95
2024-07-02 15:50:00,AWS_Chennai_001,35.61,1002.89,80.34,0,normal,False,35.61,1002.89,80.34
2024-07-02 16:00:00,AWS_Chennai_001,35.65,1002.91,81.75,0,normal,False,35.65,1002.91,81.75
2024-07-02 16:10:00,AWS_Chennai_001,35.08,1002.81,84.7,0,normal,False,35.08,1002.81,84.7
2024-07-02 16:20:00,AWS_Chennai_001,34.99,1002.88,85.15,0,normal,False,34.99,1002.88,85.15
2024-07-02 16:30:00,AWS_Chennai_001,34.93,1002.8,90.52,0,normal,False,34.93,1002.8,90.52
2024-07-02 16:40:00,AWS_Chennai_001,34.61,1002.75,86.63,0,normal,False,34.61,1002.75,86.63
2024-07-02 16:50:00,AWS_Chennai_001,34.77,1002.63,86.47,0,normal,False,34.77,1002.63,86.47
2024-07-02 17:00:00,AWS_Chennai_001,34.32,1002.54,86.12,0,normal,False,34.32,1002.54,86.12
2024-07-02 17:10:00,AWS_Chennai_001,34.04,1002.47,85.99,0,normal,False,34.04,1002.47,85.99
2024-07-02 17:20:00,AWS_Chennai_001,33.74,1002.61,87.41,0,normal,False,33.74,1002.61,87.41
2024-07-02 17:30:00,AWS_Chennai_001,33.77,1002.43,89.32,0,normal,False,33.77,1002.43,89.32
2024-07-02 17:40:00,AWS_Chennai_001,33.87,1002.29,91.54,0,normal,False,33.87,1002.29,91.54
2024-07-02 17:50:00,AWS_Chennai_001,33.42,1001.96,93.02,0,normal,False,33.42,1001.96,93.02
2024-07-02 18:00:00,AWS_Chennai_001,32.96,1002.04,91.89,0,normal,False,32.96,1002.04,91.89
2024-07-02 18:10:00,AWS_Chennai_001,32.19,1002.16,89.83,0,normal,False,32.19,1002.16,89.83
2024-07-02 18:20:00,AWS_Chennai_001,31.36,1001.8,85.8,0,normal,False,31.36,1001.8,85.8
2024-07-02 18:30:00,AWS_Chennai_001,30.73,1001.42,86.11,0,normal,False,30.73,1001.42,86.11
2024-07-02 18:40:00,AWS_Chennai_001,29.77,1001.22,89.95,0,normal,False,29.77,1001.22,89.95
2024-07-02 18:50:00,AWS_Chennai_001,29.64,1001.2,87.67,0,normal,False,29.64,1001.2,87.67
2024-07-02 19:00:00,AWS_Chennai_001,29.33,1001.17,85.53,0,normal,False,29.33,1001.17,85.53
2024-07-02 19:10:00,AWS_Chennai_001,29.15,1001.32,85.38,0,normal,False,29.15,1001.32,85.38
2024-07-02 19:20:00,AWS_Chennai_001,28.89,1000.97,83.66,0,normal,False,28.89,1000.97,83.66
2024-07-02 19:30:00,AWS_Chennai_001,29.01,1000.85,82.73,0,normal,False,29.01,1000.85,82.73
2024-07-02 19:40:00,AWS_Chennai_001,28.6,1000.82,81.51,0,normal,False,28.6,1000.82,81.51
2024-07-02 19:50:00,AWS_Chennai_001,28.46,1000.6,83.25,0,normal,False,28.46,1000.6,83.25
2024-07-02 20:00:00,AWS_Chennai_001,27.97,1000.8,83.72,0,normal,False,27.97,1000.8,83.72
2024-07-02 20:10:00,AWS_Chennai_001,27.57,1000.94,82.12,0,normal,False,27.57,1000.94,82.12
2024-07-02 20:20:00,AWS_Chennai_001,27.27,1000.92,82.48,0,normal,False,27.27,1000.92,82.48
2024-07-02 20:30:00,AWS_Chennai_001,26.56,1000.77,83.26,0,normal,False,26.56,1000.77,83.26
2024-07-02 20:40:00,AWS_Chennai_001,26.08,1000.96,84.49,0,normal,False,26.08,1000.96,84.49
2024-07-02 20:50:00,AWS_Chennai_001,25.88,1000.92,87.71,0,normal,False,25.88,1000.92,87.71
2024-07-02 21:00:00,AWS_Chennai_001,26.11,1000.99,85.85,0,normal,False,26.11,1000.99,85.85
2024-07-02 21:10:00,AWS_Chennai_001,26.55,1001.16,85.98,0,normal,False,26.55,1001.16,85.98
2024-07-02 21:20:00,AWS_Chennai_001,26.3,1001.14,84.53,0,normal,False,26.3,1001.14,84.53
2024-07-02 21:30:00,AWS_Chennai_001,26.1,1001.26,82.24,0,normal,False,26.1,1001.26,82.24
2024-07-02 21:40:00,AWS_Chennai_001,25.95,1001.27,82.94,0,normal,False,25.95,1001.27,82.94
2024-07-02 21:50:00,AWS_Chennai_001,25.55,1001.09,85.07,0,normal,False,25.55,1001.09,85.07
2024-07-02 22:00:00,AWS_Chennai_001,25.15,1001.29,84.75,0,normal,False,25.15,1001.29,84.75
2024-07-02 22:10:00,AWS_Chennai_001,25.47,1001.26,83.41,0,normal,False,25.47,1001.26,83.41
2024-07-02 22:20:00,AWS_Chennai_001,25.7,1001.3,86.06,0,normal,False,25.7,1001.3,86.06
2024-07-02 22:30:00,AWS_Chennai_001,25.93,1001.3,85.73,0,normal,False,25.93,1001.3,85.73
2024-07-02 22:40:00,AWS_Chennai_001,25.9,1001.36,84.78,0,normal,False,25.9,1001.36,84.78
2024-07-02 22:50:00,AWS_Chennai_001,26.1,1001.33,84.55,0,normal,False,26.1,1001.33,84.55
2024-07-02 23:00:00,AWS_Chennai_001,25.89,1001.44,83.94,0,normal,False,25.89,1001.44,83.94
2024-07-02 23:10:00,AWS_Chennai_001,25.88,1001.92,84.31,0,normal,False,25.88,1001.92,84.31
2024-07-02 23:20:00,AWS_Chennai_001,25.71,1001.71,84.82,0,normal,False,25.71,1001.71,84.82
2024-07-02 23:30:00,AWS_Chennai_001,25.34,1001.71,85.46,0,normal,False,25.34,1001.71,85.46
2024-07-02 23:40:00,AWS_Chennai_001,24.8,1001.78,86.29,0,normal,False,24.8,1001.78,86.29
2024-07-02 23:50:00,AWS_Chennai_001,24.42,1001.77,83.88,0,normal,False,24.42,1001.77,83.88
2024-07-03 00:00:00,AWS_Chennai_001,24.93,1001.9,84.07,0,normal,False,24.93,1001.9,84.07
2024-07-03 00:10:00,AWS_Chennai_001,24.88,1002.14,84.37,0,normal,False,24.88,1002.14,84.37
2024-07-03 00:20:00,AWS_Chennai_001,24.99,1002.42,84.28,0,normal,False,24.99,1002.42,84.28
2024-07-03 00:30:00,AWS_Chennai_001,24.66,1002.34,86.86,0,normal,False,24.66,1002.34,86.86
2024-07-03 00:40:00,AWS_Chennai_001,24.7,1002.32,88.63,0,normal,False,24.7,1002.32,88.63
2024-07-03 00:50:00,AWS_Chennai_001,25.02,1002.29,87.39,0,normal,False,25.02,1002.29,87.39
2024-07-03 01:00:00,AWS_Chennai_001,24.55,1002.09,87.27,0,normal,False,24.55,1002.09,87.27
2024-07-03 01:10:00,AWS_Chennai_001,24.3,1002.43,87.65,0,normal,False,24.3,1002.43,87.65
2024-07-03 01:20:00,AWS_Chennai_001,23.75,1002.7,88.16,0,normal,False,23.75,1002.7,88.16
2024-07-03 01:30:00,AWS_Chennai_001,24.03,1002.84,88.84,0,normal,False,24.03,1002.84,88.84
2024-07-03 01:40:00,AWS_Chennai_001,24.23,1002.91,87.39,0,normal,False,24.23,1002.91,87.39
2024-07-03 01:50:00,AWS_Chennai_001,24.38,1003.09,87.36,0,normal,False,24.38,1003.09,87.36
2024-07-03 02:00:00,AWS_Chennai_001,24.58,1003.17,90.36,0,normal,False,24.58,1003.17,90.36
2024-07-03 02:10:00,AWS_Chennai_001,24.52,1003.13,90.32,0,normal,False,24.52,1003.13,90.32
2024-07-03 02:20:00,AWS_Chennai_001,24.52,1002.8,89.49,0,normal,False,24.52,1002.8,89.49
2024-07-03 02:30:00,AWS_Chennai_001,24.63,1002.82,88.47,0,normal,False,24.63,1002.82,88.47
2024-07-03 02:40:00,AWS_Chennai_001,24.45,1002.79,87.49,0,normal,False,24.45,1002.79,87.49
2024-07-03 02:50:00,AWS_Chennai_001,24.32,1002.74,89.11,0,normal,False,24.32,1002.74,89.11
2024-07-03 03:00:00,AWS_Chennai_001,24.66,1002.88,89.94,0,normal,False,24.66,1002.88,89.94
2024-07-03 03:10:00,AWS_Chennai_001,24.47,1003.02,89.63,0,normal,False,24.47,1003.02,89.63
2024-07-03 03:20:00,AWS_Chennai_001,24.5,1003.2,89.92,0,normal,False,24.5,1003.2,89.92
2024-07-03 03:30:00,AWS_Chennai_001,24.6,1002.97,90.8,0,normal,False,24.6,1002.97,90.8
2024-07-03 03:40:00,AWS_Chennai_001,24.32,1003.11,90.64,0,normal,False,24.32,1003.11,90.64
2024-07-03 03:50:00,AWS_Chennai_001,23.69,1003.04,90.41,0,normal,False,23.69,1003.04,90.41
2024-07-03 04:00:00,AWS_Chennai_001,23.9,1003.09,90.05,0,normal,False,23.9,1003.09,90.05
2024-07-03 04:10:00,AWS_Chennai_001,24.26,1002.56,89.13,0,normal,False,24.26,1002.56,89.13
2024-07-03 04:20:00,AWS_Chennai_001,23.96,1002.34,90.76,0,normal,False,23.96,1002.34,90.76
2024-07-03 04:30:00,AWS_Chennai_001,24.26,1002.21,92.64,0,normal,False,24.26,1002.21,92.64
2024-07-03 04:40:00,AWS_Chennai_001,24.33,1002.13,91.62,0,normal,False,24.33,1002.13,91.62
2024-07-03 04:50:00,AWS_Chennai_001,24.13,1002.2,92.66,0,normal,False,24.13,1002.2,92.66
2024-07-03 05:00:00,AWS_Chennai_001,24.44,1001.84,92.87,0,normal,False,24.44,1001.84,92.87
2024-07-03 05:10:00,AWS_Chennai_001,24.84,1001.71,92.7,0,normal,False,24.84,1001.71,92.7
2024-07-03 05:20:00,AWS_Chennai_001,24.49,1001.51,91.97,0,normal,False,24.49,1001.51,91.97
2024-07-03 05:30:00,AWS_Chennai_001,24.62,1001.55,90.0,0,normal,False,24.62,1001.55,90.0
2024-07-03 05:40:00,AWS_Chennai_001,24.74,1001.46,90.69,0,normal,False,24.74,1001.46,90.69
2024-07-03 05:50:00,AWS_Chennai_001,25.38,1001.7,88.2,0,normal,False,25.38,1001.7,88.2
2024-07-03 06:00:00,AWS_Chennai_001,25.65,1001.49,87.96,0,normal,False,25.65,1001.49,87.96
2024-07-03 06:10:00,AWS_Chennai_001,26.05,1001.46,87.76,0,normal,False,26.05,1001.46,87.76
2024-07-03 06:20:00,AWS_Chennai_001,26.74,1001.53,87.24,0,normal,False,26.74,1001.53,87.24
2024-07-03 06:30:00,AWS_Chennai_001,26.97,1001.62,88.06,0,normal,False,26.97,1001.62,88.06
2024-07-03 06:40:00,AWS_Chennai_001,27.04,1001.31,86.15,0,normal,False,27.04,1001.31,86.15
2024-07-03 06:50:00,AWS_Chennai_001,27.29,1001.01,85.88,0,normal,False,27.29,1001.01,85.88
2024-07-03 07:00:00,AWS_Chennai_001,27.44,1001.13,83.76,0,normal,False,27.44,1001.13,83.76
2024-07-03 07:10:00,AWS_Chennai_001,27.14,1001.04,84.68,0,normal,False,27.14,1001.04,84.68
2024-07-03 07:20:00,AWS_Chennai_001,27.75,1000.88,85.3,0,normal,False,27.75,1000.88,85.3
2024-07-03 07:30:00,AWS_Chennai_001,27.68,1000.74,86.04,0,normal,False,27.68,1000.74,86.04
2024-07-03 07:40:00,AWS_Chennai_001,28.16,1000.58,86.6,0,normal,False,28.16,1000.58,86.6
2024-07-03 07:50:00,AWS_Chennai_001,27.84,1000.55,84.71,0,normal,False,27.84,1000.55,84.71
2024-07-03 08:00:00,AWS_Chennai_001,27.94,1000.36,85.36,0,normal,False,27.94,1000.36,85.36
2024-07-03 08:10:00,AWS_Chennai_001,28.44,1000.28,85.7,0,normal,False,28.44,1000.28,85.7
2024-07-03 08:20:00,AWS_Chennai_001,28.83,1000.28,88.7,0,normal,False,28.83,1000.28,88.7
2024-07-03 08:30:00,AWS_Chennai_001,28.87,1000.3,87.73,0,normal,False,28.87,1000.3,87.73
2024-07-03 08:40:00,AWS_Chennai_001,29.05,1000.35,86.95,0,normal,False,29.05,1000.35,86.95
2024-07-03 08:50:00,AWS_Chennai_001,29.07,1000.38,88.43,0,normal,False,29.07,1000.38,88.43
2024-07-03 09:00:00,AWS_Chennai_001,29.7,1000.46,86.87,0,normal,False,29.7,1000.46,86.87
2024-07-03 09:10:00,AWS_Chennai_001,30.06,1000.66,88.28,0,normal,False,30.06,1000.66,88.28
2024-07-03 09:20:00,AWS_Chennai_001,30.47,1000.63,87.53,0,normal,False,30.47,1000.63,87.53
2024-07-03 09:30:00,AWS_Chennai_001,30.97,1000.77,84.48,0,normal,False,30.97,1000.77,84.48
2024-07-03 09:40:00,AWS_Chennai_001,31.42,1000.9,82.89,0,normal,False,31.42,1000.9,82.89
2024-07-03 09:50:00,AWS_Chennai_001,31.41,1000.8,81.7,0,normal,False,31.41,1000.8,81.7
2024-07-03 10:00:00,AWS_Chennai_001,31.25,1000.91,80.35,0,normal,False,31.25,1000.91,80.35
2024-07-03 10:10:00,AWS_Chennai_001,31.51,1000.89,80.63,0,normal,False,31.51,1000.89,80.63
2024-07-03 10:20:00,AWS_Chennai_001,31.46,1000.98,81.1,0,normal,False,31.46,1000.98,81.1
2024-07-03 10:30:00,AWS_Chennai_001,31.97,1001.33,77.83,0,normal,False,31.97,1001.33,77.83
2024-07-03 10:40:00,AWS_Chennai_001,32.31,1001.25,74.96,0,normal,False,32.31,1001.25,74.96
2024-07-03 10:50:00,AWS_Chennai_001,32.78,1001.49,74.54,0,normal,False,32.78,1001.49,74.54
2024-07-03 11:00:00,AWS_Chennai_001,33.06,1001.55,75.37,0,normal,False,33.06,1001.55,75.37
2024-07-03 11:10:00,AWS_Chennai_001,33.52,1001.66,76.02,0,normal,False,33.52,1001.66,76.02
2024-07-03 11:20:00,AWS_Chennai_001,34.07,1001.69,77.5,0,normal,False,34.07,1001.69,77.5
2024-07-03 11:30:00,AWS_Chennai_001,33.97,1001.98,78.63,0,normal,False,33.97,1001.98,78.63
2024-07-03 11:40:00,AWS_Chennai_001,34.0,1001.7,78.6,0,normal,False,34.0,1001.7,78.6
2024-07-03 11:50:00,AWS_Chennai_001,33.8,1001.8,80.75,0,normal,False,33.8,1001.8,80.75
2024-07-03 12:00:00,AWS_Chennai_001,33.99,1001.85,81.14,0,normal,False,33.99,1001.85,81.14
2024-07-03 12:10:00,AWS_Chennai_001,34.21,1001.57,81.36,0,normal,False,34.21,1001.57,81.36
2024-07-03 12:20:00,AWS_Chennai_001,34.52,1001.61,82.68,0,normal,False,34.52,1001.61,82.68
2024-07-03 12:30:00,AWS_Chennai_001,34.6,1001.81,85.87,0,normal,False,34.6,1001.81,85.87
2024-07-03 12:40:00,AWS_Chennai_001,34.67,1001.6,84.99,0,normal,False,34.67,1001.6,84.99
2024-07-03 12:50:00,AWS_Chennai_001,34.26,1001.77,86.62,0,normal,False,34.26,1001.77,86.62
2024-07-03 13:00:00,AWS_Chennai_001,34.55,1001.91,85.29,0,normal,False,34.55,1001.91,85.29
2024-07-03 13:10:00,AWS_Chennai_001,35.09,1002.1,85.42,0,normal,False,35.09,1002.1,85.42
2024-07-03 13:20:00,AWS_Chennai_001,35.2,1002.19,85.79,0,normal,False,35.2,1002.19,85.79
2024-07-03 13:30:00,AWS_Chennai_001,35.05,1002.48,85.7,0,normal,False,35.05,1002.48,85.7
2024-07-03 13:40:00,AWS_Chennai_001,35.27,1002.47,85.94,0,normal,False,35.27,1002.47,85.94
2024-07-03 13:50:00,AWS_Chennai_001,34.62,1002.35,85.57,0,normal,False,34.62,1002.35,85.57
2024-07-03 14:00:00,AWS_Chennai_001,34.23,1002.76,82.83,0,normal,False,34.23,1002.76,82.83
2024-07-03 14:10:00,AWS_Chennai_001,34.35,1003.04,83.46,0,normal,False,34.35,1003.04,83.46
2024-07-03 14:20:00,AWS_Chennai_001,34.27,1002.97,84.34,0,normal,False,34.27,1002.97,84.34
2024-07-03 14:30:00,AWS_Chennai_001,34.05,1002.97,85.21,0,normal,False,34.05,1002.97,85.21
2024-07-03 14:40:00,AWS_Chennai_001,33.99,1003.0,84.54,0,normal,False,33.99,1003.0,84.54
2024-07-03 14:50:00,AWS_Chennai_001,33.73,1003.19,86.45,0,normal,False,33.73,1003.19,86.45
2024-07-03 15:00:00,AWS_Chennai_001,33.6,1003.13,86.01,0,normal,False,33.6,1003.13,86.01
2024-07-03 15:10:00,AWS_Chennai_001,33.73,1002.97,85.73,0,normal,False,33.73,1002.97,85.73
2024-07-03 15:20:00,AWS_Chennai_001,33.77,1003.06,81.42,0,normal,False,33.77,1003.06,81.42
2024-07-03 15:30:00,AWS_Chennai_001,33.86,1003.1,83.01,0,normal,False,33.86,1003.1,83.01
2024-07-03 15:40:00,AWS_Chennai_001,33.66,1003.0,84.81,0,normal,False,33.66,1003.0,84.81
2024-07-03 15:50:00,AWS_Chennai_001,33.15,1003.23,88.56,0,normal,False,33.15,1003.23,88.56
2024-07-03 16:00:00,AWS_Chennai_001,33.19,1003.29,86.16,0,normal,False,33.19,1003.29,86.16
2024-07-03 16:10:00,AWS_Chennai_001,32.88,1003.39,86.67,0,normal,False,32.88,1003.39,86.67
2024-07-03 16:20:00,AWS_Chennai_001,32.73,1003.35,87.37,0,normal,False,32.73,1003.35,87.37
2024-07-03 16:30:00,AWS_Chennai_001,32.56,1003.28,87.21,0,normal,False,32.56,1003.28,87.21
2024-07-03 16:40:00,AWS_Chennai_001,32.17,1003.27,89.83,0,normal,False,32.17,1003.27,89.83
2024-07-03 16:50:00,AWS_Chennai_001,32.64,1002.98,90.46,0,normal,False,32.64,1002.98,90.46
2024-07-03 17:00:00,AWS_Chennai_001,32.66,1002.83,88.9,0,normal,False,32.66,1002.83,88.9
2024-07-03 17:10:00,AWS_Chennai_001,32.08,1002.69,89.38,0,normal,False,32.08,1002.69,89.38
2024-07-03 17:20:00,AWS_Chennai_001,31.88,1002.52,87.43,0,normal,False,31.88,1002.52,87.43
2024-07-03 17:30:00,AWS_Chennai_001,31.84,1002.62,86.07,0,normal,False,31.84,1002.62,86.07
2024-07-03 17:40:00,AWS_Chennai_001,31.83,1002.27,85.18,0,normal,False,31.83,1002.27,85.18
2024-07-03 17:50:00,AWS_Chennai_001,31.91,1002.05,84.42,0,normal,False,31.91,1002.05,84.42
2024-07-03 18:00:00,AWS_Chennai_001,31.99,1001.87,83.56,0,normal,False,31.99,1001.87,83.56
2024-07-03 18:10:00,AWS_Chennai_001,31.81,1002.11,83.68,0,normal,False,31.81,1002.11,83.68
2024-07-03 18:20:00,AWS_Chennai_001,31.7,1002.24,84.63,0,normal,False,31.7,1002.24,84.63
2024-07-03 18:30:00,AWS_Chennai_001,31.29,1002.03,82.91,0,normal,False,31.29,1002.03,82.91
2024-07-03 18:40:00,AWS_Chennai_001,31.31,1001.99,85.41,0,normal,False,31.31,1001.99,85.41
2024-07-03 18:50:00,AWS_Chennai_001,31.29,1001.83,84.01,0,normal,False,31.29,1001.83,84.01
2024-07-03 19:00:00,AWS_Chennai_001,31.1,1001.67,85.03,0,normal,False,31.1,1001.67,85.03
2024-07-03 19:10:00,AWS_Chennai_001,30.57,1001.49,85.22,0,normal,False,30.57,1001.49,85.22
2024-07-03 19:20:00,AWS_Chennai_001,30.57,1001.48,87.37,0,normal,False,30.57,1001.48,87.37
2024-07-03 19:30:00,AWS_Chennai_001,29.92,1001.27,87.52,0,normal,False,29.92,1001.27,87.52
2024-07-03 19:40:00,AWS_Chennai_001,30.33,1001.34,86.19,0,normal,False,30.33,1001.34,86.19
2024-07-03 19:50:00,AWS_Chennai_001,30.04,1001.33,85.68,0,normal,False,30.04,1001.33,85.68
2024-07-03 20:00:00,AWS_Chennai_001,29.97,1001.27,85.6,0,normal,False,29.97,1001.27,85.6
2024-07-03 20:10:00,AWS_Chennai_001,30.1,1000.99,84.53,0,normal,False,30.1,1000.99,84.53
2024-07-03 20:20:00,AWS_Chennai_001,29.6,1000.85,83.86,0,normal,False,29.6,1000.85,83.86
2024-07-03 20:30:00,AWS_Chennai_001,29.52,1001.0,85.69,0,normal,False,29.52,1001.0,85.69
2024-07-03 20:40:00,AWS_Chennai_001,28.99,1000.97,86.73,0,normal,False,28.99,1000.97,86.73
2024-07-03 20:50:00,AWS_Chennai_001,28.86,1001.15,86.03,0,normal,False,28.86,1001.15,86.03
2024-07-03 21:00:00,AWS_Chennai_001,28.71,1001.1,86.76,0,normal,False,28.71,1001.1,86.76
2024-07-03 21:10:00,AWS_Chennai_001,28.2,1000.97,85.97,0,normal,False,28.2,1000.97,85.97
2024-07-03 21:20:00,AWS_Chennai_001,27.87,1001.21,88.09,0,normal,False,27.87,1001.21,88.09
2024-07-03 21:30:00,AWS_Chennai_001,27.67,1001.24,85.94,0,normal,False,27.67,1001.24,85.94
2024-07-03 21:40:00,AWS_Chennai_001,27.48,1001.27,88.01,0,normal,False,27.48,1001.27,88.01
2024-07-03 21:50:00,AWS_Chennai_001,27.45,1001.33,88.71,0,normal,False,27.45,1001.33,88.71
2024-07-03 22:00:00,AWS_Chennai_001,27.41,1001.15,88.3,0,normal,False,27.41,1001.15,88.3
2024-07-03 22:10:00,AWS_Chennai_001,27.72,1001.32,89.28,0,normal,False,27.72,1001.32,89.28
2024-07-03 22:20:00,AWS_Chennai_001,27.6,1001.45,88.04,0,normal,False,27.6,1001.45,88.04
2024-07-03 22:30:00,AWS_Chennai_001,27.0,1001.42,89.1,0,normal,False,27.0,1001.42,89.1
2024-07-03 22:40:00,AWS_Chennai_001,26.93,1001.6,89.82,0,normal,False,26.93,1001.6,89.82
2024-07-03 22:50:00,AWS_Chennai_001,26.85,1001.82,91.68,0,normal,False,26.85,1001.82,91.68
2024-07-03 23:00:00,AWS_Chennai_001,26.73,1001.7,90.38,0,normal,False,26.73,1001.7,90.38
2024-07-03 23:10:00,AWS_Chennai_001,26.59,1001.7,93.0,0,normal,False,26.59,1001.7,93.0
2024-07-03 23:20:00,AWS_Chennai_001,26.01,1001.74,91.4,0,normal,False,26.01,1001.74,91.4
2024-07-03 23:30:00,AWS_Chennai_001,25.99,1001.85,90.87,0,normal,False,25.99,1001.85,90.87
2024-07-03 23:40:00,AWS_Chennai_001,26.1,1001.87,90.71,0,normal,False,26.1,1001.87,90.71
2024-07-03 23:50:00,AWS_Chennai_001,25.92,1002.01,91.03,0,normal,False,25.92,1002.01,91.03
2024-07-04 00:00:00,AWS_Chennai_001,26.35,1002.26,91.96,0,normal,False,26.35,1002.26,91.96
2024-07-04 00:10:00,AWS_Chennai_001,25.63,1002.09,93.49,0,normal,False,25.63,1002.09,93.49
2024-07-04 00:20:00,AWS_Chennai_001,25.46,1002.19,92.52,0,normal,False,25.46,1002.19,92.52
2024-07-04 00:30:00,AWS_Chennai_001,25.59,1002.39,90.73,0,normal,False,25.59,1002.39,90.73
2024-07-04 00:40:00,AWS_Chennai_001,25.32,1002.18,91.2,0,normal,False,25.32,1002.18,91.2
2024-07-04 00:50:00,AWS_Chennai_001,24.8,1002.18,92.07,0,normal,False,24.8,1002.18,92.07
2024-07-04 01:00:00,AWS_Chennai_001,25.43,1002.31,93.99,0,normal,False,25.43,1002.31,93.99
2024-07-04 01:10:00,AWS_Chennai_001,25.49,1002.41,93.63,0,normal,False,25.49,1002.41,93.63
2024-07-04 01:20:00,AWS_Chennai_001,25.35,1002.64,94.16,0,normal,False,25.35,1002.64,94.16
2024-07-04 01:30:00,AWS_Chennai_001,25.43,1002.59,93.58,0,normal,False,25.43,1002.59,93.58
2024-07-04 01:40:00,AWS_Chennai_001,26.03,1002.63,95.54,0,normal,False,26.03,1002.63,95.54
2024-07-04 01:50:00,AWS_Chennai_001,25.82,1002.79,95.85,0,normal,False,25.82,1002.79,95.85
2024-07-04 02:00:00,AWS_Chennai_001,25.66,1002.92,93.39,0,normal,False,25.66,1002.92,93.39
2024-07-04 02:10:00,AWS_Chennai_001,25.8,1003.05,93.78,0,normal,False,25.8,1003.05,93.78
2024-07-04 02:20:00,AWS_Chennai_001,26.15,1003.05,93.52,0,normal,False,26.15,1003.05,93.52
2024-07-04 02:30:00,AWS_Chennai_001,26.2,1003.2,94.35,0,normal,False,26.2,1003.2,94.35
2024-07-04 02:40:00,AWS_Chennai_001,26.07,1003.05,95.28,0,normal,False,26.07,1003.05,95.28
2024-07-04 02:50:00,AWS_Chennai_001,25.78,1002.94,94.18,0,normal,False,25.78,1002.94,94.18
2024-07-04 03:00:00,AWS_Chennai_001,25.76,1002.81,92.42,0,normal,False,25.76,1002.81,92.42
2024-07-04 03:10:00,AWS_Chennai_001,25.52,1002.78,93.13,0,normal,False,25.52,1002.78,93.13
2024-07-04 03:20:00,AWS_Chennai_001,25.52,1002.62,93.46,0,normal,False,25.52,1002.62,93.46
2024-07-04 03:30:00,AWS_Chennai_001,25.59,1002.56,92.25,0,normal,False,25.59,1002.56,92.25
2024-07-04 03:40:00,AWS_Chennai_001,25.32,1002.49,95.61,0,normal,False,25.32,1002.49,95.61
2024-07-04 03:50:00,AWS_Chennai_001,25.04,1002.54,94.4,0,normal,False,25.04,1002.54,94.4
2024-07-04 04:00:00,AWS_Chennai_001,24.88,1002.41,95.54,0,normal,False,24.88,1002.41,95.54
2024-07-04 04:10:00,AWS_Chennai_001,25.0,1002.37,96.16,0,normal,False,25.0,1002.37,96.16
2024-07-04 04:20:00,AWS_Chennai_001,25.23,1002.22,96.83,0,normal,False,25.23,1002.22,96.83
2024-07-04 04:30:00,AWS_Chennai_001,25.0,1002.34,97.75,0,normal,False,25.0,1002.34,97.75
2024-07-04 04:40:00,AWS_Chennai_001,25.12,1002.29,96.72,0,normal,False,25.12,1002.29,96.72
2024-07-04 04:50:00,AWS_Chennai_001,25.04,1002.39,95.51,0,normal,False,25.04,1002.39,95.51
2024-07-04 05:00:00,AWS_Chennai_001,25.25,1002.07,95.52,0,normal,False,25.25,1002.07,95.52
2024-07-04 05:10:00,AWS_Chennai_001,25.13,1001.83,95.93,0,normal,False,25.13,1001.83,95.93
2024-07-04 05:20:00,AWS_Chennai_001,25.38,1001.74,95.08,0,normal,False,25.38,1001.74,95.08
2024-07-04 05:30:00,AWS_Chennai_001,26.25,1001.68,94.42,0,normal,False,26.25,1001.68,94.42
2024-07-04 05:40:00,AWS_Chennai_001,26.58,1001.67,95.58,0,normal,False,26.58,1001.67,95.58
2024-07-04 05:50:00,AWS_Chennai_001,26.78,1001.77,95.87,0,normal,False,26.78,1001.77,95.87
2024-07-04 06:00:00,AWS_Chennai_001,27.19,1001.71,95.68,0,normal,False,27.19,1001.71,95.68
2024-07-04 06:10:00,AWS_Chennai_001,27.3,1001.75,93.15,0,normal,False,27.3,1001.75,93.15
2024-07-04 06:20:00,AWS_Chennai_001,27.71,1001.84,93.87,0,normal,False,27.71,1001.84,93.87
2024-07-04 06:30:00,AWS_Chennai_001,27.85,1001.86,92.28,0,normal,False,27.85,1001.86,92.28
2024-07-04 06:40:00,AWS_Chennai_001,28.26,1001.64,92.83,0,normal,False,28.26,1001.64,92.83
2024-07-04 06:50:00,AWS_Chennai_001,28.56,1001.65,91.79,0,normal,False,28.56,1001.65,91.79
2024-07-04 07:00:00,AWS_Chennai_001,29.01,1001.32,92.52,0,normal,False,29.01,1001.32,92.52
2024-07-04 07:10:00,AWS_Chennai_001,29.27,1001.44,92.34,0,normal,False,29.27,1001.44,92.34
2024-07-04 07:20:00,AWS_Chennai_001,30.0,1001.25,92.79,0,normal,False,30.0,1001.25,92.79
2024-07-04 07:30:00,AWS_Chennai_001,29.89,1001.19,93.41,0,normal,False,29.89,1001.19,93.41
2024-07-04 07:40:00,AWS_Chennai_001,30.23,1001.47,92.36,0,normal,False,30.23,1001.47,92.36
2024-07-04 07:50:00,AWS_Chennai_001,30.76,1001.38,90.84,0,normal,False,30.76,1001.38,90.84
2024-07-04 08:00:00,AWS_Chennai_001,30.46,1001.37,89.57,0,normal,False,30.46,1001.37,89.57
2024-07-04 08:10:00,AWS_Chennai_001,30.93,1001.26,88.42,0,normal,False,30.93,1001.26,88.42
2024-07-04 08:20:00,AWS_Chennai_001,31.22,1001.49,86.41,0,normal,False,31.22,1001.49,86.41
2024-07-04 08:30:00,AWS_Chennai_001,31.7,1001.58,85.81,0,normal,False,31.7,1001.58,85.81
2024-07-04 08:40:00,AWS_Chennai_001,32.05,1001.5,89.12,0,normal,False,32.05,1001.5,89.12
2024-07-04 08:50:00,AWS_Chennai_001,32.15,1001.47,88.22,0,normal,False,32.15,1001.47,88.22
2024-07-04 09:00:00,AWS_Chennai_001,31.83,1001.42,88.13,0,normal,False,31.83,1001.42,88.13
2024-07-04 09:10:00,AWS_Chennai_001,32.48,1001.48,87.4,0,normal,False,32.48,1001.48,87.4
2024-07-04 09:20:00,AWS_Chennai_001,32.67,1001.52,86.43,0,normal,False,32.67,1001.52,86.43
2024-07-04 09:30:00,AWS_Chennai_001,33.04,1001.75,85.53,0,normal,False,33.04,1001.75,85.53
2024-07-04 09:40:00,AWS_Chennai_001,33.55,1001.86,86.03,0,normal,False,33.55,1001.86,86.03
2024-07-04 09:50:00,AWS_Chennai_001,33.7,1001.88,85.37,0,normal,False,33.7,1001.88,85.37
2024-07-04 10:00:00,AWS_Chennai_001,34.4,1001.78,86.72,0,normal,False,34.4,1001.78,86.72
2024-07-04 10:10:00,AWS_Chennai_001,34.98,1001.74,88.05,0,normal,False,34.98,1001.74,88.05
2024-07-04 10:20:00,AWS_Chennai_001,35.11,1001.76,87.45,0,normal,False,35.11,1001.76,87.45
2024-07-04 10:30:00,AWS_Chennai_001,34.71,1001.86,89.16,0,normal,False,34.71,1001.86,89.16
2024-07-04 10:40:00,AWS_Chennai_001,34.6,1001.99,88.49,0,normal,False,34.6,1001.99,88.49
2024-07-04 10:50:00,AWS_Chennai_001,34.38,1002.14,90.51,0,normal,False,34.38,1002.14,90.51
2024-07-04 11:00:00,AWS_Chennai_001,34.27,1002.2,87.73,0,normal,False,34.27,1002.2,87.73
2024-07-04 11:10:00,AWS_Chennai_001,34.39,1002.3,89.87,0,normal,False,34.39,1002.3,89.87
2024-07-04 11:20:00,AWS_Chennai_001,34.99,1002.57,88.49,0,normal,False,34.99,1002.57,88.49
2024-07-04 11:30:00,AWS_Chennai_001,35.02,1002.33,86.89,0,normal,False,35.02,1002.33,86.89
2024-07-04 11:40:00,AWS_Chennai_001,34.68,1002.41,85.4,0,normal,False,34.68,1002.41,85.4
2024-07-04 11:50:00,AWS_Chennai_001,34.47,1002.37,83.25,0,normal,False,34.47,1002.37,83.25
2024-07-04 12:00:00,AWS_Chennai_001,34.67,1002.46,82.53,0,normal,False,34.67,1002.46,82.53
2024-07-04 12:10:00,AWS_Chennai_001,34.56,1002.3,83.16,0,normal,False,34.56,1002.3,83.16
2024-07-04 12:20:00,AWS_Chennai_001,34.73,1002.42,82.46,0,normal,False,34.73,1002.42,82.46
2024-07-04 12:30:00,AWS_Chennai_001,34.77,1002.68,81.35,0,normal,False,34.77,1002.68,81.35
2024-07-04 12:40:00,AWS_Chennai_001,34.77,1002.82,-7.3,1,out_of_range_humidity,True,34.82857142857143,1002.6857142857142,80.75714285714285
2024-07-04 12:50:00,AWS_Chennai_001,34.26,1002.59,80.5,0,normal,True,34.88714285714286,1002.6914285714286,80.16428571428571
2024-07-04 13:00:00,AWS_Chennai_001,34.61,1002.74,81.22,0,normal,True,34.94571428571429,1002.6971428571428,79.57142857142857
2024-07-04 13:10:00,AWS_Chennai_001,34.87,1002.63,82.03,0,normal,True,35.004285714285714,1002.7028571428572,78.97857142857143
2024-07-04 13:20:00,AWS_Chennai_001,34.64,1002.82,81.13,0,normal,True,35.06285714285714,1002.7085714285714,78.38571428571429
2024-07-04 13:30:00,AWS_Chennai_001,34.79,1002.57,79.01,0,normal,True,35.121428571428574,1002.7142857142858,77.79285714285714
2024-07-04 13:40:00,AWS_Chennai_001,35.18,1002.72,77.2,0,normal,False,35.18,1002.72,77.2
2024-07-04 13:50:00,AWS_Chennai_001,35.6,1002.6,77.34,0,normal,False,35.6,1002.6,77.34
2024-07-04 14:00:00,AWS_Chennai_001,35.41,1002.49,79.27,0,normal,False,35.41,1002.49,79.27
2024-07-04 14:10:00,AWS_Chennai_001,35.88,1002.56,81.64,0,normal,False,35.88,1002.56,81.64
2024-07-04 14:20:00,AWS_Chennai_001,35.73,1002.61,81.8,0,normal,False,35.73,1002.61,81.8
2024-07-04 14:30:00,AWS_Chennai_001,35.33,1002.72,82.82,0,normal,False,35.33,1002.72,82.82
2024-07-04 14:40:00,AWS_Chennai_001,35.24,1002.5,83.28,0,normal,False,35.24,1002.5,83.28
2024-07-04 14:50:00,AWS_Chennai_001,34.76,1002.42,83.36,0,normal,False,34.76,1002.42,83.36
2024-07-04 15:00:00,AWS_Chennai_001,34.44,1002.47,83.0,0,normal,False,34.44,1002.47,83.0
2024-07-04 15:10:00,AWS_Chennai_001,33.88,1002.51,83.88,0,normal,False,33.88,1002.51,83.88
2024-07-04 15:20:00,AWS_Chennai_001,34.14,1002.47,83.75,0,normal,False,34.14,1002.47,83.75
2024-07-04 15:30:00,AWS_Chennai_001,33.63,1002.78,85.97,0,normal,False,33.63,1002.78,85.97
2024-07-04 15:40:00,AWS_Chennai_001,33.59,1002.76,81.42,0,normal,False,33.59,1002.76,81.42
2024-07-04 15:50:00,AWS_Chennai_001,33.87,1002.84,82.72,0,normal,False,33.87,1002.84,82.72
2024-07-04 16:00:00,AWS_Chennai_001,33.61,1002.73,81.0,0,normal,False,33.61,1002.73,81.0
2024-07-04 16:10:00,AWS_Chennai_001,33.72,1002.88,82.91,0,normal,False,33.72,1002.88,82.91
2024-07-04 16:20:00,AWS_Chennai_001,33.64,1002.79,81.46,0,normal,False,33.64,1002.79,81.46
2024-07-04 16:30:00,AWS_Chennai_001,33.3,1002.82,81.23,0,normal,False,33.3,1002.82,81.23
2024-07-04 16:40:00,AWS_Chennai_001,33.68,1002.95,80.53,0,normal,False,33.68,1002.95,80.53
2024-07-04 16:50:00,AWS_Chennai_001,33.19,1002.82,82.38,0,normal,False,33.19,1002.82,82.38
2024-07-04 17:00:00,AWS_Chennai_001,32.82,1002.82,81.81,0,normal,False,32.82,1002.82,81.81
2024-07-04 17:10:00,AWS_Chennai_001,32.73,1002.82,83.6,0,normal,False,32.73,1002.82,83.6
2024-07-04 17:20:00,AWS_Chennai_001,32.98,1002.94,83.02,0,normal,False,32.98,1002.94,83.02
2024-07-04 17:30:00,AWS_Chennai_001,32.73,1002.68,82.92,0,normal,False,32.73,1002.68,82.92
2024-07-04 17:40:00,AWS_Chennai_001,32.55,1002.55,82.42,0,normal,False,32.55,1002.55,82.42
2024-07-04 17:50:00,AWS_Chennai_001,32.69,1002.62,83.29,0,normal,False,32.69,1002.62,83.29
2024-07-04 18:00:00,AWS_Chennai_001,31.92,1002.55,83.2,0,normal,False,31.92,1002.55,83.2
2024-07-04 18:10:00,AWS_Chennai_001,31.97,1002.19,82.85,0,normal,False,31.97,1002.19,82.85
2024-07-04 18:20:00,AWS_Chennai_001,31.44,1002.05,84.8,0,normal,False,31.44,1002.05,84.8
2024-07-04 18:30:00,AWS_Chennai_001,30.42,1001.95,86.48,0,normal,False,30.42,1001.95,86.48
2024-07-04 18:40:00,AWS_Chennai_001,30.44,1001.8,85.79,0,normal,False,30.44,1001.8,85.79
2024-07-04 18:50:00,AWS_Chennai_001,30.27,1001.77,86.25,0,normal,False,30.27,1001.77,86.25
2024-07-04 19:00:00,AWS_Chennai_001,28.87,1001.54,85.3,0,normal,False,28.87,1001.54,85.3
2024-07-04 19:10:00,AWS_Chennai_001,28.87,1001.27,84.11,0,normal,False,28.87,1001.27,84.11
2024-07-04 19:20:00,AWS_Chennai_001,28.63,1001.04,85.52,0,normal,False,28.63,1001.04,85.52
2024-07-04 19:30:00,AWS_Chennai_001,28.33,1001.29,84.95,0,normal,False,28.33,1001.29,84.95
2024-07-04 19:40:00,AWS_Chennai_001,27.99,1001.37,84.37,0,normal,False,27.99,1001.37,84.37
2024-07-04 19:50:00,AWS_Chennai_001,28.29,1001.4,84.35,0,normal,False,28.29,1001.4,84.35
2024-07-04 20:00:00,AWS_Chennai_001,28.08,1001.79,85.51,0,normal,False,28.08,1001.79,85.51
2024-07-04 20:10:00,AWS_Chennai_001,27.97,1001.72,87.44,0,normal,False,27.97,1001.72,87.44
2024-07-04 20:20:00,AWS_Chennai_001,27.37,1001.64,83.47,0,normal,False,27.37,1001.64,83.47
2024-07-04 20:30:00,AWS_Chennai_001,27.09,1001.72,86.02,0,normal,False,27.09,1001.72,86.02
2024-07-04 20:40:00,AWS_Chennai_001,27.17,1001.76,83.79,0,normal,False,27.17,1001.76,83.79
2024-07-04 20:50:00,AWS_Chennai_001,26.85,1001.93,83.47,0,normal,False,26.85,1001.93,83.47
2024-07-04 21:00:00,AWS_Chennai_001,26.72,1001.78,82.54,0,normal,False,26.72,1001.78,82.54
2024-07-04 21:10:00,AWS_Chennai_001,26.49,1001.65,84.5,0,normal,False,26.49,1001.65,84.5
2024-07-04 21:20:00,AWS_Chennai_001,26.48,1001.78,82.85,0,normal,False,26.48,1001.78,82.85
2024-07-04 21:30:00,AWS_Chennai_001,26.78,1001.76,86.11,0,normal,False,26.78,1001.76,86.11
2024-07-04 21:40:00,AWS_Chennai_001,26.67,1001.51,88.38,0,normal,False,26.67,1001.51,88.38
2024-07-04 21:50:00,AWS_Chennai_001,26.55,1001.17,88.83,0,normal,False,26.55,1001.17,88.83
2024-07-04 22:00:00,AWS_Chennai_001,26.54,1001.38,83.66,0,normal,False,26.54,1001.38,83.66
2024-07-04 22:10:00,AWS_Chennai_001,26.81,1001.34,87.02,0,normal,False,26.81,1001.34,87.02
2024-07-04 22:20:00,AWS_Chennai_001,26.2,1001.45,87.93,0,normal,False,26.2,1001.45,87.93
2024-07-04 22:30:00,AWS_Chennai_001,26.01,1001.36,87.63,0,normal,False,26.01,1001.36,87.63
2024-07-04 22:40:00,AWS_Chennai_001,25.86,1001.21,89.38,0,normal,False,25.86,1001.21,89.38
2024-07-04 22:50:00,AWS_Chennai_001,25.49,1001.4,86.88,0,normal,False,25.49,1001.4,86.88
2024-07-04 23:00:00,AWS_Chennai_001,25.41,1001.44,87.16,0,normal,False,25.41,1001.44,87.16
2024-07-04 23:10:00,AWS_Chennai_001,25.68,1001.48,86.77,0,normal,False,25.68,1001.48,86.77
2024-07-04 23:20:00,AWS_Chennai_001,25.58,1001.69,85.27,0,normal,False,25.58,1001.69,85.27
2024-07-04 23:30:00,AWS_Chennai_001,25.25,1001.45,88.7,0,normal,False,25.25,1001.45,88.7
2024-07-04 23:40:00,AWS_Chennai_001,24.89,1001.23,87.7,0,normal,False,24.89,1001.23,87.7
2024-07-04 23:50:00,AWS_Chennai_001,24.71,1001.53,87.27,0,normal,False,24.71,1001.53,87.27
2024-07-05 00:00:00,AWS_Chennai_001,24.81,1001.35,87.87,0,normal,False,24.81,1001.35,87.87
2024-07-05 00:10:00,AWS_Chennai_001,24.33,1001.4,86.98,0,normal,False,24.33,1001.4,86.98
2024-07-05 00:20:00,AWS_Chennai_001,24.38,1001.59,85.28,0,normal,False,24.38,1001.59,85.28
2024-07-05 00:30:00,AWS_Chennai_001,24.07,1001.7,86.7,0,normal,False,24.07,1001.7,86.7
2024-07-05 00:40:00,AWS_Chennai_001,24.54,1001.71,84.78,0,normal,False,24.54,1001.71,84.78
2024-07-05 00:50:00,AWS_Chennai_001,24.62,1001.67,83.8,0,normal,False,24.62,1001.67,83.8
2024-07-05 01:00:00,AWS_Chennai_001,25.06,1001.86,83.17,0,normal,False,25.06,1001.86,83.17
2024-07-05 01:10:00,AWS_Chennai_001,25.05,1001.93,83.91,0,normal,False,25.05,1001.93,83.91
2024-07-05 01:20:00,AWS_Chennai_001,24.93,1001.72,82.9,0,normal,False,24.93,1001.72,82.9
2024-07-05 01:30:00,AWS_Chennai_001,24.77,1001.81,81.78,0,normal,False,24.77,1001.81,81.78
2024-07-05 01:40:00,AWS_Chennai_001,24.84,1001.84,81.2,0,normal,False,24.84,1001.84,81.2
2024-07-05 01:50:00,AWS_Chennai_001,24.47,1001.99,82.43,0,normal,False,24.47,1001.99,82.43
2024-07-05 02:00:00,AWS_Chennai_001,24.73,1002.14,83.89,0,normal,False,24.73,1002.14,83.89
2024-07-05 02:10:00,AWS_Chennai_001,24.86,1001.93,83.93,0,normal,False,24.86,1001.93,83.93
2024-07-05 02:20:00,AWS_Chennai_001,24.44,1002.21,84.36,0,normal,False,24.44,1002.21,84.36
2024-07-05 02:30:00,AWS_Chennai_001,24.85,1002.11,84.66,0,normal,False,24.85,1002.11,84.66
2024-07-05 02:40:00,AWS_Chennai_001,24.93,1002.12,85.35,0,normal,False,24.93,1002.12,85.35
2024-07-05 02:50:00,AWS_Chennai_001,25.38,1002.02,81.78,0,normal,False,25.38,1002.02,81.78
2024-07-05 03:00:00,AWS_Chennai_001,25.84,1001.94,84.02,0,normal,False,25.84,1001.94,84.02
2024-07-05 03:10:00,AWS_Chennai_001,26.0,1001.95,85.04,0,normal,False,26.0,1001.95,85.04
2024-07-05 03:20:00,AWS_Chennai_001,25.6,1002.0,86.33,0,normal,False,25.6,1002.0,86.33
2024-07-05 03:30:00,AWS_Chennai_001,25.34,1001.98,87.13,0,normal,False,25.34,1001.98,87.13
2024-07-05 03:40:00,AWS_Chennai_001,25.72,1002.02,86.78,0,normal,False,25.72,1002.02,86.78
2024-07-05 03:50:00,AWS_Chennai_001,25.64,1002.23,86.13,0,normal,False,25.64,1002.23,86.13
2024-07-05 04:00:00,AWS_Chennai_001,25.52,1002.12,86.17,0,normal,False,25.52,1002.12,86.17
2024-07-05 04:10:00,AWS_Chennai_001,25.56,1002.27,-12.32,1,out_of_range_humidity,True,25.684285714285714,1002.0871428571429,86.18571428571428
2024-07-05 04:20:00,AWS_Chennai_001,25.7,1002.12,84.7,0,normal,True,25.84857142857143,1002.0542857142857,86.20142857142858
2024-07-05 04:30:00,AWS_Chennai_001,26.03,1002.27,85.35,0,normal,True,26.012857142857143,1002.0214285714286,86.21714285714286
2024-07-05 04:40:00,AWS_Chennai_001,26.23,1002.11,85.63,0,normal,True,26.177142857142858,1001.9885714285714,86.23285714285714
2024-07-05 04:50:00,AWS_Chennai_001,26.63,1001.99,86.29,0,normal,True,26.341428571428573,1001.9557142857143,86.24857142857142
2024-07-05 05:00:00,AWS_Chennai_001,26.63,1001.92,86.99,0,normal,True,26.505714285714287,1001.9228571428571,86.26428571428572
2024-07-05 05:10:00,AWS_Chennai_001,26.67,1001.89,86.28,0,normal,False,26.67,1001.89,86.28
2024-07-05 05:20:00,AWS_Chennai_001,26.24,1001.88,87.03,0,normal,False,26.24,1001.88,87.03
2024-07-05 05:30:00,AWS_Chennai_001,26.79,1001.83,84.98,0,normal,False,26.79,1001.83,84.98
2024-07-05 05:40:00,AWS_Chennai_001,26.68,1001.89,85.01,0,normal,False,26.68,1001.89,85.01
2024-07-05 05:50:00,AWS_Chennai_001,26.88,1001.8,87.96,0,normal,False,26.88,1001.8,87.96
2024-07-05 06:00:00,AWS_Chennai_001,27.61,1001.61,89.2,0,normal,False,27.61,1001.61,89.2
2024-07-05 06:10:00,AWS_Chennai_001,27.87,1001.56,87.72,0,normal,False,27.87,1001.56,87.72
2024-07-05 06:20:00,AWS_Chennai_001,28.52,1001.69,85.42,0,normal,False,28.52,1001.69,85.42
2024-07-05 06:30:00,AWS_Chennai_001,29.06,1001.64,84.52,0,normal,False,29.06,1001.64,84.52
2024-07-05 06:40:00,AWS_Chennai_001,28.87,1001.73,85.17,0,normal,False,28.87,1001.73,85.17
2024-07-05 06:50:00,AWS_Chennai_001,28.71,1001.56,84.6,0,normal,False,28.71,1001.56,84.6
2024-07-05 07:00:00,AWS_Chennai_001,28.78,1001.59,85.08,0,normal,False,28.78,1001.59,85.08
2024-07-05 07:10:00,AWS_Chennai_001,28.8,1001.28,82.98,0,normal,False,28.8,1001.28,82.98
2024-07-05 07:20:00,AWS_Chennai_001,29.27,1001.1,83.15,0,normal,False,29.27,1001.1,83.15
2024-07-05 07:30:00,AWS_Chennai_001,28.92,1001.12,86.02,0,normal,False,28.92,1001.12,86.02
2024-07-05 07:40:00,AWS_Chennai_001,28.73,1001.18,86.28,0,normal,False,28.73,1001.18,86.28
2024-07-05 07:50:00,AWS_Chennai_001,29.22,1001.12,86.52,0,normal,False,29.22,1001.12,86.52
2024-07-05 08:00:00,AWS_Chennai_001,29.55,1001.19,84.98,0,normal,False,29.55,1001.19,84.98
2024-07-05 08:10:00,AWS_Chennai_001,29.86,1001.28,86.53,0,normal,False,29.86,1001.28,86.53
2024-07-05 08:20:00,AWS_Chennai_001,30.25,1001.09,83.92,0,normal,False,30.25,1001.09,83.92
2024-07-05 08:30:00,AWS_Chennai_001,30.59,1000.91,85.04,0,normal,False,30.59,1000.91,85.04
2024-07-05 08:40:00,AWS_Chennai_001,30.71,1001.06,88.02,0,normal,False,30.71,1001.06,88.02
2024-07-05 08:50:00,AWS_Chennai_001,30.89,1001.02,89.19,0,normal,False,30.89,1001.02,89.19
2024-07-05 09:00:00,AWS_Chennai_001,31.46,1001.29,88.99,0,normal,False,31.46,1001.29,88.99
2024-07-05 09:10:00,AWS_Chennai_001,31.49,1001.29,87.57,0,normal,False,31.49,1001.29,87.57
2024-07-05 09:20:00,AWS_Chennai_001,31.78,1001.15,88.51,0,normal,False,31.78,1001.15,88.51
2024-07-05 09:30:00,AWS_Chennai_001,32.2,1001.18,88.09,0,normal,False,32.2,1001.18,88.09
2024-07-05 09:40:00,AWS_Chennai_001,32.33,1001.38,89.44,0,normal,False,32.33,1001.38,89.44
2024-07-05 09:50:00,AWS_Chennai_001,32.55,1001.25,87.17,0,normal,False,32.55,1001.25,87.17
2024-07-05 10:00:00,AWS_Chennai_001,32.85,1001.19,87.44,0,normal,False,32.85,1001.19,87.44
2024-07-05 10:10:00,AWS_Chennai_001,32.93,1001.34,87.3,0,normal,False,32.93,1001.34,87.3
2024-07-05 10:20:00,AWS_Chennai_001,33.41,1001.04,86.51,0,normal,False,33.41,1001.04,86.51
2024-07-05 10:30:00,AWS_Chennai_001,34.25,1000.71,87.36,0,normal,False,34.25,1000.71,87.36
2024-07-05 10:40:00,AWS_Chennai_001,34.5,1000.97,86.65,0,normal,False,34.5,1000.97,86.65
2024-07-05 10:50:00,AWS_Chennai_001,34.96,1001.21,86.53,0,normal,False,34.96,1001.21,86.53
2024-07-05 11:00:00,AWS_Chennai_001,34.72,1001.42,84.64,1,frozen_temperature,False,34.72,1001.42,84.64
2024-07-05 11:10:00,AWS_Chennai_001,34.72,1001.63,85.95,1,frozen_temperature,False,34.72,1001.63,85.95
2024-07-05 11:20:00,AWS_Chennai_001,34.72,1001.78,83.24,1,frozen_temperature,False,34.72,1001.78,83.24
2024-07-05 11:30:00,AWS_Chennai_001,34.72,1002.05,84.99,1,frozen_temperature,True,34.827999999999996,1001.8626666666667,82.91
2024-07-05 11:40:00,AWS_Chennai_001,34.72,1002.06,85.91,1,frozen_temperature,True,34.936,1001.9453333333333,82.58
2024-07-05 11:50:00,AWS_Chennai_001,34.72,1002.12,85.65,1,frozen_temperature,True,35.044,1002.028,82.25
2024-07-05 12:00:00,AWS_Chennai_001,34.72,1002.29,83.68,1,frozen_temperature,True,35.152,1002.1106666666666,81.92
2024-07-05 12:10:00,AWS_Chennai_001,34.72,1002.2,82.33,1,frozen_temperature,True,35.26,1002.1933333333333,81.59
2024-07-05 12:20:00,AWS_Chennai_001,34.72,1002.23,82.41,1,frozen_temperature,True,35.368,1002.276,81.26
2024-07-05 12:30:00,AWS_Chennai_001,34.72,1002.48,79.98,1,frozen_temperature,True,35.325273909793246,1002.0972100462689,74.24704541247779
2024-07-05 12:40:00,AWS_Chennai_001,34.72,1002.45,79.79,1,frozen_temperature,True,35.48025976077754,1002.1207431197287,74.80571000455843
2024-07-05 12:50:00,AWS_Chennai_001,34.72,1002.42,78.38,1,frozen_temperature,True,35.63727255419891,1002.1578377577175,75.53957550390199
2024-07-05 13:00:00,AWS_Chennai_001,34.72,1002.6,76.54,1,frozen_temperature,True,35.79127809173761,1002.2148297023646,76.35342784707122
2024-07-05 13:10:00,AWS_Chennai_001,34.72,1002.55,78.32,1,frozen_temperature,True,35.93724217507389,1002.2980546957994,77.15205297062892
2024-07-05 13:20:00,AWS_Chennai_001,34.72,1002.82,76.05,1,frozen_temperature,True,36.070130605888025,1002.4138484801509,77.84023681113784
2024-07-05 13:30:00,AWS_Chennai_001,34.72,1002.88,75.13,1,frozen_temperature,True,36.18490918586025,1002.5685467975486,78.3227653051608
2024-07-05 13:40:00,AWS_Chennai_001,36.1,1003.15,77.74,0,normal,True,36.27654371667082,1002.768485390122,78.5044243892606
2024-07-05 13:50:00,AWS_Chennai_001,36.34,1003.02,78.29,0,normal,False,36.34,1003.02,78.29
2024-07-05 14:00:00,AWS_Chennai_001,36.36,1003.22,78.17,0,normal,False,36.36,1003.22,78.17
2024-07-05 14:10:00,AWS_Chennai_001,36.28,1003.12,79.31,0,normal,False,36.28,1003.12,79.31
2024-07-05 14:20:00,AWS_Chennai_001,36.13,1003.16,78.69,0,normal,False,36.13,1003.16,78.69
2024-07-05 14:30:00,AWS_Chennai_001,36.07,1003.0,79.04,0,normal,False,36.07,1003.0,79.04
2024-07-05 14:40:00,AWS_Chennai_001,35.82,1003.12,81.91,0,normal,False,35.82,1003.12,81.91
2024-07-05 14:50:00,AWS_Chennai_001,36.02,1002.97,81.32,0,normal,False,36.02,1002.97,81.32
2024-07-05 15:00:00,AWS_Chennai_001,35.38,1002.96,78.74,0,normal,False,35.38,1002.96,78.74
2024-07-05 15:10:00,AWS_Chennai_001,34.91,1003.11,80.25,0,normal,False,34.91,1003.11,80.25
2024-07-05 15:20:00,AWS_Chennai_001,34.35,1003.03,81.08,0,normal,False,34.35,1003.03,81.08
2024-07-05 15:30:00,AWS_Chennai_001,34.4,1002.77,81.57,0,normal,False,34.4,1002.77,81.57
2024-07-05 15:40:00,AWS_Chennai_001,34.15,1002.95,81.34,0,normal,False,34.15,1002.95,81.34
2024-07-05 15:50:00,AWS_Chennai_001,34.2,1002.92,82.42,0,normal,False,34.2,1002.92,82.42
2024-07-05 16:00:00,AWS_Chennai_001,33.81,1002.97,84.38,0,normal,False,33.81,1002.97,84.38
2024-07-05 16:10:00,AWS_Chennai_001,34.23,1003.16,83.63,0,normal,False,34.23,1003.16,83.63
2024-07-05 16:20:00,AWS_Chennai_001,34.24,1003.23,84.6,0,normal,False,34.24,1003.23,84.6
2024-07-05 16:30:00,AWS_Chennai_001,34.31,1003.23,83.83,0,normal,False,34.31,1003.23,83.83
2024-07-05 16:40:00,AWS_Chennai_001,34.21,1003.29,84.6,0,normal,False,34.21,1003.29,84.6
2024-07-05 16:50:00,AWS_Chennai_001,33.72,1003.1,84.03,0,normal,False,33.72,1003.1,84.03
2024-07-05 17:00:00,AWS_Chennai_001,33.43,1003.03,82.76,0,normal,False,33.43,1003.03,82.76
2024-07-05 17:10:00,AWS_Chennai_001,33.44,1002.66,83.81,0,normal,False,33.44,1002.66,83.81
2024-07-05 17:20:00,AWS_Chennai_001,33.37,1002.69,79.42,0,normal,False,33.37,1002.69,79.42
2024-07-05 17:30:00,AWS_Chennai_001,32.75,1002.56,80.1,0,normal,False,32.75,1002.56,80.1
2024-07-05 17:40:00,AWS_Chennai_001,32.54,1002.37,82.42,0,normal,False,32.54,1002.37,82.42
2024-07-05 17:50:00,AWS_Chennai_001,32.46,1002.26,81.22,0,normal,False,32.46,1002.26,81.22
2024-07-05 18:00:00,AWS_Chennai_001,32.11,1002.37,81.86,0,normal,False,32.11,1002.37,81.86
2024-07-05 18:10:00,AWS_Chennai_001,31.74,1002.3,82.6,0,normal,False,31.74,1002.3,82.6
2024-07-05 18:20:00,AWS_Chennai_001,31.33,1002.07,85.41,0,normal,False,31.33,1002.07,85.41
2024-07-05 18:30:00,AWS_Chennai_001,31.21,1002.32,86.54,0,normal,False,31.21,1002.32,86.54
2024-07-05 18:40:00,AWS_Chennai_001,30.83,1002.1,86.37,0,normal,False,30.83,1002.1,86.37
2024-07-05 18:50:00,AWS_Chennai_001,30.19,1002.34,86.67,0,normal,False,30.19,1002.34,86.67
2024-07-05 19:00:00,AWS_Chennai_001,30.17,1002.39,88.61,0,normal,False,30.17,1002.39,88.61
2024-07-05 19:10:00,AWS_Chennai_001,30.67,1002.29,88.56,0,normal,False,30.67,1002.29,88.56
2024-07-05 19:20:00,AWS_Chennai_001,30.44,1002.31,89.05,0,normal,False,30.44,1002.31,89.05
2024-07-05 19:30:00,AWS_Chennai_001,30.09,1002.11,88.08,0,normal,False,30.09,1002.11,88.08
2024-07-05 19:40:00,AWS_Chennai_001,29.91,1001.88,85.61,0,normal,False,29.91,1001.88,85.61
2024-07-05 19:50:00,AWS_Chennai_001,29.7,1001.99,86.97,0,normal,False,29.7,1001.99,86.97
2024-07-05 20:00:00,AWS_Chennai_001,29.46,1001.98,84.8,0,normal,False,29.46,1001.98,84.8
2024-07-05 20:10:00,AWS_Chennai_001,29.03,1002.17,86.99,0,normal,False,29.03,1002.17,86.99
2024-07-05 20:20:00,AWS_Chennai_001,28.62,1002.36,86.21,0,normal,False,28.62,1002.36,86.21
2024-07-05 20:30:00,AWS_Chennai_001,28.19,1002.51,88.51,0,normal,False,28.19,1002.51,88.51
2024-07-05 20:40:00,AWS_Chennai_001,27.85,1002.41,88.22,0,normal,False,27.85,1002.41,88.22
2024-07-05 20:50:00,AWS_Chennai_001,27.86,1002.56,89.26,0,normal,False,27.86,1002.56,89.26
2024-07-05 21:00:00,AWS_Chennai_001,27.68,1002.29,90.62,0,normal,False,27.68,1002.29,90.62
2024-07-05 21:10:00,AWS_Chennai_001,27.18,1002.21,92.17,0,normal,False,27.18,1002.21,92.17
2024-07-05 21:20:00,AWS_Chennai_001,27.32,1002.29,93.26,0,normal,False,27.32,1002.29,93.26
2024-07-05 21:30:00,AWS_Chennai_001,27.25,1002.28,93.39,0,normal,False,27.25,1002.28,93.39
2024-07-05 21:40:00,AWS_Chennai_001,27.28,1002.31,93.57,0,normal,False,27.28,1002.31,93.57
2024-07-05 21:50:00,AWS_Chennai_001,27.32,1002.16,93.08,0,normal,False,27.32,1002.16,93.08
2024-07-05 22:00:00,AWS_Chennai_001,27.27,1002.44,93.87,0,normal,False,27.27,1002.44,93.87
2024-07-05 22:10:00,AWS_Chennai_001,27.12,1002.38,94.94,0,normal,False,27.12,1002.38,94.94
2024-07-05 22:20:00,AWS_Chennai_001,26.98,1002.46,95.61,0,normal,False,26.98,1002.46,95.61
2024-07-05 22:30:00,AWS_Chennai_001,26.51,1002.51,96.18,0,normal,False,26.51,1002.51,96.18
2024-07-05 22:40:00,AWS_Chennai_001,26.67,1002.35,97.66,0,normal,False,26.67,1002.35,97.66
2024-07-05 22:50:00,AWS_Chennai_001,26.54,1002.64,100.0,0,normal,False,26.54,1002.64,100.0
2024-07-05 23:00:00,AWS_Chennai_001,26.28,1002.44,100.0,0,normal,False,26.28,1002.44,100.0
2024-07-05 23:10:00,AWS_Chennai_001,25.97,1002.62,100.0,0,normal,False,25.97,1002.62,100.0
2024-07-05 23:20:00,AWS_Chennai_001,25.49,1002.75,99.86,0,normal,False,25.49,1002.75,99.86
2024-07-05 23:30:00,AWS_Chennai_001,25.58,1002.98,99.32,0,normal,False,25.58,1002.98,99.32
2024-07-05 23:40:00,AWS_Chennai_001,25.78,1002.87,98.14,0,normal,False,25.78,1002.87,98.14
2024-07-05 23:50:00,AWS_Chennai_001,25.68,1002.78,98.74,0,normal,False,25.68,1002.78,98.74
2024-07-06 00:00:00,AWS_Chennai_001,25.25,1002.93,97.31,0,normal,False,25.25,1002.93,97.31
2024-07-06 00:10:00,AWS_Chennai_001,25.35,1002.77,97.81,0,normal,False,25.35,1002.77,97.81
2024-07-06 00:20:00,AWS_Chennai_001,25.66,1002.79,99.89,0,normal,False,25.66,1002.79,99.89
2024-07-06 00:30:00,AWS_Chennai_001,25.58,1002.88,98.16,0,normal,False,25.58,1002.88,98.16
2024-07-06 00:40:00,AWS_Chennai_001,25.68,1002.82,96.82,0,normal,False,25.68,1002.82,96.82
2024-07-06 00:50:00,AWS_Chennai_001,26.12,1002.65,96.46,0,normal,False,26.12,1002.65,96.46
2024-07-06 01:00:00,AWS_Chennai_001,26.28,1002.73,93.51,0,normal,False,26.28,1002.73,93.51
2024-07-06 01:10:00,AWS_Chennai_001,26.4,1002.56,92.82,0,normal,False,26.4,1002.56,92.82
2024-07-06 01:20:00,AWS_Chennai_001,26.26,1002.17,92.67,0,normal,False,26.26,1002.17,92.67
2024-07-06 01:30:00,AWS_Chennai_001,26.39,1002.21,92.97,0,normal,False,26.39,1002.21,92.97
2024-07-06 01:40:00,AWS_Chennai_001,27.0,1002.44,93.06,0,normal,False,27.0,1002.44,93.06
2024-07-06 01:50:00,AWS_Chennai_001,27.68,1002.4,93.83,0,normal,False,27.68,1002.4,93.83
2024-07-06 02:00:00,AWS_Chennai_001,27.07,1002.51,93.62,0,normal,False,27.07,1002.51,93.62
2024-07-06 02:10:00,AWS_Chennai_001,26.99,1002.6,94.01,0,normal,False,26.99,1002.6,94.01
2024-07-06 02:20:00,AWS_Chennai_001,26.56,1002.58,93.97,0,normal,False,26.56,1002.58,93.97
2024-07-06 02:30:00,AWS_Chennai_001,26.06,1002.73,96.75,0,normal,False,26.06,1002.73,96.75
2024-07-06 02:40:00,AWS_Chennai_001,26.1,1002.68,93.11,0,normal,False,26.1,1002.68,93.11
2024-07-06 02:50:00,AWS_Chennai_001,25.58,1002.77,95.0,0,normal,False,25.58,1002.77,95.0
2024-07-06 03:00:00,AWS_Chennai_001,25.49,1002.54,93.59,0,normal,False,25.49,1002.54,93.59
2024-07-06 03:10:00,AWS_Chennai_001,25.29,1002.26,93.09,0,normal,False,25.29,1002.26,93.09
2024-07-06 03:20:00,AWS_Chennai_001,25.55,1002.03,92.25,0,normal,False,25.55,1002.03,92.25
2024-07-06 03:30:00,AWS_Chennai_001,24.91,1001.95,92.07,0,normal,False,24.91,1001.95,92.07
2024-07-06 03:40:00,AWS_Chennai_001,25.22,1002.06,90.34,0,normal,False,25.22,1002.06,90.34
2024-07-06 03:50:00,AWS_Chennai_001,25.24,1002.04,90.45,0,normal,False,25.24,1002.04,90.45
2024-07-06 04:00:00,AWS_Chennai_001,25.17,1002.09,90.85,0,normal,False,25.17,1002.09,90.85
2024-07-06 04:10:00,AWS_Chennai_001,25.42,1002.1,93.49,0,normal,False,25.42,1002.1,93.49
2024-07-06 04:20:00,AWS_Chennai_001,25.55,1002.32,94.55,0,normal,False,25.55,1002.32,94.55
2024-07-06 04:30:00,AWS_Chennai_001,25.32,1002.49,96.25,0,normal,False,25.32,1002.49,96.25
2024-07-06 04:40:00,AWS_Chennai_001,24.45,1002.38,98.25,0,normal,False,24.45,1002.38,98.25
2024-07-06 04:50:00,AWS_Chennai_001,24.79,1002.14,99.27,0,normal,False,24.79,1002.14,99.27
2024-07-06 05:00:00,AWS_Chennai_001,25.52,1002.19,96.5,0,normal,False,25.52,1002.19,96.5
2024-07-06 05:10:00,AWS_Chennai_001,25.46,1002.2,95.75,0,normal,False,25.46,1002.2,95.75
2024-07-06 05:20:00,AWS_Chennai_001,26.02,1002.26,98.31,0,normal,False,26.02,1002.26,98.31
2024-07-06 05:30:00,AWS_Chennai_001,26.47,1002.3,97.32,0,normal,False,26.47,1002.3,97.32
2024-07-06 05:40:00,AWS_Chennai_001,27.02,1002.24,95.31,0,normal,False,27.02,1002.24,95.31
2024-07-06 05:50:00,AWS_Chennai_001,27.13,1002.18,93.46,0,normal,False,27.13,1002.18,93.46
2024-07-06 06:00:00,AWS_Chennai_001,27.58,1002.09,93.65,0,normal,False,27.58,1002.09,93.65
2024-07-06 06:10:00,AWS_Chennai_001,27.52,1001.99,94.4,0,normal,False,27.52,1001.99,94.4
2024-07-06 06:20:00,AWS_Chennai_001,27.62,1001.87,97.23,0,normal,False,27.62,1001.87,97.23
2024-07-06 06:30:00,AWS_Chennai_001,27.89,1001.92,97.75,0,normal,False,27.89,1001.92,97.75
2024-07-06 06:40:00,AWS_Chennai_001,28.08,1001.94,95.68,0,normal,False,28.08,1001.94,95.68
2024-07-06 06:50:00,AWS_Chennai_001,28.66,1002.07,95.45,0,normal,False,28.66,1002.07,95.45
2024-07-06 07:00:00,AWS_Chennai_001,28.88,1001.8,96.37,0,normal,False,28.88,1001.8,96.37
2024-07-06 07:10:00,AWS_Chennai_001,29.01,1001.83,93.54,0,normal,False,29.01,1001.83,93.54
2024-07-06 07:20:00,AWS_Chennai_001,29.4,1001.74,93.03,0,normal,False,29.4,1001.74,93.03
2024-07-06 07:30:00,AWS_Chennai_001,29.15,1001.78,91.61,0,normal,False,29.15,1001.78,91.61
2024-07-06 07:40:00,AWS_Chennai_001,29.33,1001.83,91.05,0,normal,False,29.33,1001.83,91.05
2024-07-06 07:50:00,AWS_Chennai_001,30.11,1001.63,91.01,0,normal,False,30.11,1001.63,91.01
2024-07-06 08:00:00,AWS_Chennai_001,30.46,1001.43,90.64,0,normal,False,30.46,1001.43,90.64
2024-07-06 08:10:00,AWS_Chennai_001,30.61,1001.43,90.83,0,normal,False,30.61,1001.43,90.83
2024-07-06 08:20:00,AWS_Chennai_001,31.24,1001.44,91.16,0,normal,False,31.24,1001.44,91.16
2024-07-06 08:30:00,AWS_Chennai_001,31.86,1001.16,90.26,0,normal,False,31.86,1001.16,90.26
2024-07-06 08:40:00,AWS_Chennai_001,32.01,1000.91,89.9,0,normal,False,32.01,1000.91,89.9
2024-07-06 08:50:00,AWS_Chennai_001,31.43,1001.0,87.24,0,normal,False,31.43,1001.0,87.24
2024-07-06 09:00:00,AWS_Chennai_001,31.28,1001.09,84.34,0,normal,False,31.28,1001.09,84.34
2024-07-06 09:10:00,AWS_Chennai_001,32.13,1001.12,83.95,0,normal,False,32.13,1001.12,83.95
2024-07-06 09:20:00,AWS_Chennai_001,32.68,1001.11,84.08,0,normal,False,32.68,1001.11,84.08
2024-07-06 09:30:00,AWS_Chennai_001,32.8,1001.04,84.4,0,normal,False,32.8,1001.04,84.4
2024-07-06 09:40:00,AWS_Chennai_001,33.11,1000.86,82.82,0,normal,False,33.11,1000.86,82.82
2024-07-06 09:50:00,AWS_Chennai_001,33.06,1000.88,83.17,0,normal,False,33.06,1000.88,83.17
2024-07-06 10:00:00,AWS_Chennai_001,33.89,1000.98,82.66,0,normal,False,33.89,1000.98,82.66
2024-07-06 10:10:00,AWS_Chennai_001,33.81,1001.17,82.43,0,normal,False,33.81,1001.17,82.43
2024-07-06 10:20:00,AWS_Chennai_001,34.06,1001.22,83.05,0,normal,False,34.06,1001.22,83.05
2024-07-06 10:30:00,AWS_Chennai_001,34.34,1001.31,82.82,0,normal,False,34.34,1001.31,82.82
2024-07-06 10:40:00,AWS_Chennai_001,34.49,1001.4,79.71,0,normal,False,34.49,1001.4,79.71
2024-07-06 10:50:00,AWS_Chennai_001,34.59,1001.58,78.92,0,normal,False,34.59,1001.58,78.92
2024-07-06 11:00:00,AWS_Chennai_001,34.08,1001.43,78.99,0,normal,False,34.08,1001.43,78.99
2024-07-06 11:10:00,AWS_Chennai_001,34.01,1001.52,78.91,0,normal,False,34.01,1001.52,78.91
2024-07-06 11:20:00,AWS_Chennai_001,34.02,1001.44,79.16,0,normal,False,34.02,1001.44,79.16
2024-07-06 11:30:00,AWS_Chennai_001,34.19,1001.49,80.41,0,normal,False,34.19,1001.49,80.41
2024-07-06 11:40:00,AWS_Chennai_001,34.39,1001.46,79.75,0,normal,False,34.39,1001.46,79.75
2024-07-06 11:50:00,AWS_Chennai_001,34.5,1001.54,81.67,0,normal,False,34.5,1001.54,81.67
2024-07-06 12:00:00,AWS_Chennai_001,35.12,1001.56,79.97,0,normal,False,35.12,1001.56,79.97
2024-07-06 12:10:00,AWS_Chennai_001,35.04,1001.71,81.14,0,normal,False,35.04,1001.71,81.14
2024-07-06 12:20:00,AWS_Chennai_001,35.0,1001.65,81.57,0,normal,False,35.0,1001.65,81.57
2024-07-06 12:30:00,AWS_Chennai_001,35.27,1001.89,80.46,0,normal,False,35.27,1001.89,80.46
2024-07-06 12:40:00,AWS_Chennai_001,35.44,1001.72,80.19,0,normal,False,35.44,1001.72,80.19
2024-07-06 12:50:00,AWS_Chennai_001,35.72,1002.02,80.55,0,normal,False,35.72,1002.02,80.55
2024-07-06 13:00:00,AWS_Chennai_001,35.66,1001.88,80.83,0,normal,False,35.66,1001.88,80.83
2024-07-06 13:10:00,AWS_Chennai_001,35.86,1002.11,81.12,0,normal,False,35.86,1002.11,81.12
2024-07-06 13:20:00,AWS_Chennai_001,35.58,1002.27,83.57,0,normal,False,35.58,1002.27,83.57
2024-07-06 13:30:00,AWS_Chennai_001,35.52,1002.21,82.86,0,normal,False,35.52,1002.21,82.86
2024-07-06 13:40:00,AWS_Chennai_001,35.54,1002.19,83.75,0,normal,False,35.54,1002.19,83.75
2024-07-06 13:50:00,AWS_Chennai_001,35.69,1002.21,83.5,0,normal,False,35.69,1002.21,83.5
2024-07-06 14:00:00,AWS_Chennai_001,35.17,1002.31,81.28,0,normal,False,35.17,1002.31,81.28
2024-07-06 14:10:00,AWS_Chennai_001,35.06,1002.29,81.96,0,normal,False,35.06,1002.29,81.96
2024-07-06 14:20:00,AWS_Chennai_001,34.91,1002.34,84.15,0,normal,False,34.91,1002.34,84.15
2024-07-06 14:30:00,AWS_Chennai_001,34.43,1002.4,85.29,0,normal,False,34.43,1002.4,85.29
2024-07-06 14:40:00,AWS_Chennai_001,34.25,1002.45,83.03,0,normal,False,34.25,1002.45,83.03
2024-07-06 14:50:00,AWS_Chennai_001,33.79,1002.6,82.43,0,normal,False,33.79,1002.6,82.43
2024-07-06 15:00:00,AWS_Chennai_001,33.35,1002.54,83.37,0,normal,False,33.35,1002.54,83.37
2024-07-06 15:10:00,AWS_Chennai_001,33.5,1002.7,82.59,0,normal,False,33.5,1002.7,82.59
2024-07-06 15:20:00,AWS_Chennai_001,33.29,1002.76,84.11,0,normal,False,33.29,1002.76,84.11
2024-07-06 15:30:00,AWS_Chennai_001,33.16,1002.9,83.56,0,normal,False,33.16,1002.9,83.56
2024-07-06 15:40:00,AWS_Chennai_001,33.76,1002.63,85.83,0,normal,False,33.76,1002.63,85.83
2024-07-06 15:50:00,AWS_Chennai_001,33.28,1002.82,85.82,0,normal,False,33.28,1002.82,85.82
2024-07-06 16:00:00,AWS_Chennai_001,33.03,1002.65,84.41,0,normal,False,33.03,1002.65,84.41
2024-07-06 16:10:00,AWS_Chennai_001,33.14,1002.68,84.17,0,normal,False,33.14,1002.68,84.17
2024-07-06 16:20:00,AWS_Chennai_001,33.03,1002.52,84.04,0,normal,False,33.03,1002.52,84.04
2024-07-06 16:30:00,AWS_Chennai_001,33.19,1002.36,84.89,0,normal,False,33.19,1002.36,84.89
2024-07-06 16:40:00,AWS_Chennai_001,32.95,1002.11,86.51,0,normal,False,32.95,1002.11,86.51
2024-07-06 16:50:00,AWS_Chennai_001,32.44,1002.03,88.05,0,normal,False,32.44,1002.03,88.05
2024-07-06 17:00:00,AWS_Chennai_001,32.03,1002.14,87.38,0,normal,False,32.03,1002.14,87.38
2024-07-06 17:10:00,AWS_Chennai_001,31.86,1002.37,89.11,0,normal,False,31.86,1002.37,89.11
2024-07-06 17:20:00,AWS_Chennai_001,31.74,1002.22,89.1,0,normal,False,31.74,1002.22,89.1
2024-07-06 17:30:00,AWS_Chennai_001,32.1,1002.5,88.11,0,normal,False,32.1,1002.5,88.11
2024-07-06 17:40:00,AWS_Chennai_001,32.37,1002.2,88.99,0,normal,False,32.37,1002.2,88.99
2024-07-06 17:50:00,AWS_Chennai_001,32.32,1002.31,87.69,0,normal,False,32.32,1002.31,87.69
2024-07-06 18:00:00,AWS_Chennai_001,32.0,1001.95,87.01,0,normal,False,32.0,1001.95,87.01
2024-07-06 18:10:00,AWS_Chennai_001,31.64,1001.91,91.5,0,normal,False,31.64,1001.91,91.5
2024-07-06 18:20:00,AWS_Chennai_001,31.16,1001.86,89.85,0,normal,False,31.16,1001.86,89.85
2024-07-06 18:30:00,AWS_Chennai_001,30.28,1001.93,91.36,0,normal,False,30.28,1001.93,91.36
2024-07-06 18:40:00,AWS_Chennai_001,29.61,1001.62,90.49,0,normal,False,29.61,1001.62,90.49
2024-07-06 18:50:00,AWS_Chennai_001,29.88,1001.35,91.64,0,normal,False,29.88,1001.35,91.64
2024-07-06 19:00:00,AWS_Chennai_001,29.67,1001.26,90.8,0,normal,False,29.67,1001.26,90.8
2024-07-06 19:10:00,AWS_Chennai_001,29.51,1001.18,90.31,0,normal,False,29.51,1001.18,90.31
2024-07-06 19:20:00,AWS_Chennai_001,29.22,1001.31,90.76,0,normal,False,29.22,1001.31,90.76
2024-07-06 19:30:00,AWS_Chennai_001,29.03,1001.48,90.47,0,normal,False,29.03,1001.48,90.47
2024-07-06 19:40:00,AWS_Chennai_001,29.26,1001.33,91.4,0,normal,False,29.26,1001.33,91.4
2024-07-06 19:50:00,AWS_Chennai_001,28.95,1001.27,90.51,0,normal,False,28.95,1001.27,90.51
2024-07-06 20:00:00,AWS_Chennai_001,28.66,1001.14,91.24,0,normal,False,28.66,1001.14,91.24
2024-07-06 20:10:00,AWS_Chennai_001,28.23,1001.2,94.85,0,normal,False,28.23,1001.2,94.85
2024-07-06 20:20:00,AWS_Chennai_001,27.61,1000.82,93.28,0,normal,False,27.61,1000.82,93.28
2024-07-06 20:30:00,AWS_Chennai_001,27.7,1000.71,94.13,0,normal,False,27.7,1000.71,94.13
2024-07-06 20:40:00,AWS_Chennai_001,27.85,1000.67,95.4,0,normal,False,27.85,1000.67,95.4
2024-07-06 20:50:00,AWS_Chennai_001,27.03,1000.8,96.48,0,normal,False,27.03,1000.8,96.48
2024-07-06 21:00:00,AWS_Chennai_001,26.89,1000.97,98.46,0,normal,False,26.89,1000.97,98.46
2024-07-06 21:10:00,AWS_Chennai_001,27.38,1001.27,98.28,0,normal,False,27.38,1001.27,98.28
2024-07-06 21:20:00,AWS_Chennai_001,27.22,1001.26,94.0,0,normal,False,27.22,1001.26,94.0
2024-07-06 21:30:00,AWS_Chennai_001,27.32,1001.61,94.8,0,normal,False,27.32,1001.61,94.8
2024-07-06 21:40:00,AWS_Chennai_001,26.77,1001.45,93.3,0,normal,False,26.77,1001.45,93.3
2024-07-06 21:50:00,AWS_Chennai_001,27.18,1001.51,94.24,0,normal,False,27.18,1001.51,94.24
2024-07-06 22:00:00,AWS_Chennai_001,27.18,1001.37,92.76,0,normal,False,27.18,1001.37,92.76
2024-07-06 22:10:00,AWS_Chennai_001,27.27,1001.41,89.99,0,normal,False,27.27,1001.41,89.99
2024-07-06 22:20:00,AWS_Chennai_001,27.4,1001.66,90.15,0,normal,False,27.4,1001.66,90.15
2024-07-06 22:30:00,AWS_Chennai_001,27.18,1001.88,90.0,0,normal,False,27.18,1001.88,90.0
2024-07-06 22:40:00,AWS_Chennai_001,26.89,1001.65,89.41,0,normal,False,26.89,1001.65,89.41
2024-07-06 22:50:00,AWS_Chennai_001,27.35,1001.84,89.77,0,normal,False,27.35,1001.84,89.77
2024-07-06 23:00:00,AWS_Chennai_001,27.24,1002.04,90.09,0,normal,False,27.24,1002.04,90.09
2024-07-06 23:10:00,AWS_Chennai_001,26.74,1002.1,90.49,0,normal,False,26.74,1002.1,90.49
2024-07-06 23:20:00,AWS_Chennai_001,26.66,1002.17,89.58,0,normal,False,26.66,1002.17,89.58
2024-07-06 23:30:00,AWS_Chennai_001,26.62,1001.96,88.37,0,normal,False,26.62,1001.96,88.37
2024-07-06 23:40:00,AWS_Chennai_001,26.47,1002.09,88.16,0,normal,False,26.47,1002.09,88.16
2024-07-06 23:50:00,AWS_Chennai_001,26.53,1002.27,92.03,0,normal,False,26.53,1002.27,92.03
2024-07-07 00:00:00,AWS_Chennai_001,26.36,1002.23,92.13,0,normal,False,26.36,1002.23,92.13
2024-07-07 00:10:00,AWS_Chennai_001,26.36,1002.36,93.4,0,normal,False,26.36,1002.36,93.4
2024-07-07 00:20:00,AWS_Chennai_001,26.2,1002.52,93.5,0,normal,False,26.2,1002.52,93.5
2024-07-07 00:30:00,AWS_Chennai_001,26.51,1002.52,93.69,0,normal,False,26.51,1002.52,93.69
2024-07-07 00:40:00,AWS_Chennai_001,26.52,1002.72,93.64,0,normal,False,26.52,1002.72,93.64
2024-07-07 00:50:00,AWS_Chennai_001,26.13,1002.5,95.16,0,normal,False,26.13,1002.5,95.16
2024-07-07 01:00:00,AWS_Chennai_001,26.27,1002.8,95.19,0,normal,False,26.27,1002.8,95.19
2024-07-07 01:10:00,AWS_Chennai_001,26.23,1002.86,94.28,0,normal,False,26.23,1002.86,94.28
2024-07-07 01:20:00,AWS_Chennai_001,25.96,1002.96,95.99,0,normal,False,25.96,1002.96,95.99
2024-07-07 01:30:00,AWS_Chennai_001,26.09,1002.91,96.48,0,normal,False,26.09,1002.91,96.48
2024-07-07 01:40:00,AWS_Chennai_001,26.09,1002.86,94.47,0,normal,False,26.09,1002.86,94.47
2024-07-07 01:50:00,AWS_Chennai_001,25.78,1003.07,94.77,0,normal,False,25.78,1003.07,94.77
2024-07-07 02:00:00,AWS_Chennai_001,25.56,1003.09,95.6,0,normal,False,25.56,1003.09,95.6
2024-07-07 02:10:00,AWS_Chennai_001,25.37,1002.99,92.81,0,normal,False,25.37,1002.99,92.81
2024-07-07 02:20:00,AWS_Chennai_001,25.68,1003.09,93.82,0,normal,False,25.68,1003.09,93.82
2024-07-07 02:30:00,AWS_Chennai_001,25.81,1002.8,93.94,0,normal,False,25.81,1002.8,93.94
2024-07-07 02:40:00,AWS_Chennai_001,25.91,1002.83,90.37,0,normal,False,25.91,1002.83,90.37
2024-07-07 02:50:00,AWS_Chennai_001,25.83,1002.82,92.06,0,normal,False,25.83,1002.82,92.06
2024-07-07 03:00:00,AWS_Chennai_001,25.75,1002.74,91.32,0,normal,False,25.75,1002.74,91.32
2024-07-07 03:10:00,AWS_Chennai_001,25.93,1002.84,91.09,0,normal,False,25.93,1002.84,91.09
2024-07-07 03:20:00,AWS_Chennai_001,25.77,1002.49,88.12,0,normal,False,25.77,1002.49,88.12
2024-07-07 03:30:00,AWS_Chennai_001,25.48,1002.48,87.18,0,normal,False,25.48,1002.48,87.18
2024-07-07 03:40:00,AWS_Chennai_001,25.0,1002.49,87.44,0,normal,False,25.0,1002.49,87.44
2024-07-07 03:50:00,AWS_Chennai_001,25.39,1002.45,87.36,0,normal,False,25.39,1002.45,87.36
2024-07-07 04:00:00,AWS_Chennai_001,25.16,1002.82,88.61,0,normal,False,25.16,1002.82,88.61
2024-07-07 04:10:00,AWS_Chennai_001,24.9,1002.48,86.9,0,normal,False,24.9,1002.48,86.9
2024-07-07 04:20:00,AWS_Chennai_001,24.63,1002.25,87.02,0,normal,False,24.63,1002.25,87.02
2024-07-07 04:30:00,AWS_Chennai_001,24.34,1002.0,88.28,0,normal,False,24.34,1002.0,88.28
2024-07-07 04:40:00,AWS_Chennai_001,23.91,1001.61,89.92,0,normal,False,23.91,1001.61,89.92
2024-07-07 04:50:00,AWS_Chennai_001,24.51,1001.64,91.1,0,normal,False,24.51,1001.64,91.1
2024-07-07 05:00:00,AWS_Chennai_001,24.93,1001.97,89.46,0,normal,False,24.93,1001.97,89.46
2024-07-07 05:10:00,AWS_Chennai_001,25.0,1001.87,89.47,0,normal,False,25.0,1001.87,89.47
2024-07-07 05:20:00,AWS_Chennai_001,25.14,1001.83,89.61,0,normal,False,25.14,1001.83,89.61
2024-07-07 05:30:00,AWS_Chennai_001,25.92,1001.84,90.78,0,normal,False,25.92,1001.84,90.78
2024-07-07 05:40:00,AWS_Chennai_001,26.28,1001.86,90.24,0,normal,False,26.28,1001.86,90.24
2024-07-07 05:50:00,AWS_Chennai_001,26.65,1001.57,92.44,0,normal,False,26.65,1001.57,92.44
2024-07-07 06:00:00,AWS_Chennai_001,27.08,1001.54,92.07,0,normal,False,27.08,1001.54,92.07
2024-07-07 06:10:00,AWS_Chennai_001,27.34,1001.62,92.43,0,normal,False,27.34,1001.62,92.43
2024-07-07 06:20:00,AWS_Chennai_001,27.94,1001.83,93.72,0,normal,False,27.94,1001.83,93.72
2024-07-07 06:30:00,AWS_Chennai_001,27.65,1001.7,94.77,0,normal,False,27.65,1001.7,94.77
2024-07-07 06:40:00,AWS_Chennai_001,28.46,1001.56,95.2,0,normal,False,28.46,1001.56,95.2
2024-07-07 06:50:00,AWS_Chennai_001,28.96,1001.53,92.88,0,normal,False,28.96,1001.53,92.88
2024-07-07 07:00:00,AWS_Chennai_001,29.75,1001.35,91.28,0,normal,False,29.75,1001.35,91.28
2024-07-07 07:10:00,AWS_Chennai_001,29.99,1001.32,89.49,0,normal,False,29.99,1001.32,89.49
2024-07-07 07:20:00,AWS_Chennai_001,30.64,1001.35,90.52,0,normal,False,30.64,1001.35,90.52
2024-07-07 07:30:00,AWS_Chennai_001,30.75,1001.31,92.13,0,normal,False,30.75,1001.31,92.13
2024-07-07 07:40:00,AWS_Chennai_001,30.7,1001.22,92.37,0,normal,False,30.7,1001.22,92.37
2024-07-07 07:50:00,AWS_Chennai_001,31.09,1001.32,90.49,0,normal,False,31.09,1001.32,90.49
2024-07-07 08:00:00,AWS_Chennai_001,30.94,1001.16,91.34,0,normal,False,30.94,1001.16,91.34
2024-07-07 08:10:00,AWS_Chennai_001,31.39,1001.18,91.26,0,normal,False,31.39,1001.18,91.26
2024-07-07 08:20:00,AWS_Chennai_001,31.06,1001.21,88.39,0,normal,False,31.06,1001.21,88.39
2024-07-07 08:30:00,AWS_Chennai_001,31.49,1001.14,88.38,0,normal,False,31.49,1001.14,88.38
2024-07-07 08:40:00,AWS_Chennai_001,31.58,1001.1,86.33,0,normal,False,31.58,1001.1,86.33
2024-07-07 08:50:00,AWS_Chennai_001,31.69,1001.07,86.37,0,normal,False,31.69,1001.07,86.37
2024-07-07 09:00:00,AWS_Chennai_001,32.06,1001.15,86.43,0,normal,False,32.06,1001.15,86.43
2024-07-07 09:10:00,AWS_Chennai_001,32.06,1000.96,84.57,0,normal,False,32.06,1000.96,84.57
2024-07-07 09:20:00,AWS_Chennai_001,32.01,1001.1,85.92,0,normal,False,32.01,1001.1,85.92
2024-07-07 09:30:00,AWS_Chennai_001,31.96,1000.94,83.16,0,normal,False,31.96,1000.94,83.16
2024-07-07 09:40:00,AWS_Chennai_001,31.98,1001.02,81.34,0,normal,False,31.98,1001.02,81.34
2024-07-07 09:50:00,AWS_Chennai_001,32.53,1001.08,82.84,0,normal,False,32.53,1001.08,82.84
2024-07-07 10:00:00,AWS_Chennai_001,32.5,1001.24,80.95,0,normal,False,32.5,1001.24,80.95
2024-07-07 10:10:00,AWS_Chennai_001,32.92,1001.49,82.96,0,normal,False,32.92,1001.49,82.96
2024-07-07 10:20:00,AWS_Chennai_001,32.95,1001.38,82.48,0,normal,False,32.95,1001.38,82.48
2024-07-07 10:30:00,AWS_Chennai_001,33.61,1001.21,80.0,0,normal,False,33.61,1001.21,80.0
2024-07-07 10:40:00,AWS_Chennai_001,33.15,1001.26,77.37,0,normal,False,33.15,1001.26,77.37
2024-07-07 10:50:00,AWS_Chennai_001,33.69,1001.55,77.21,0,normal,False,33.69,1001.55,77.21
2024-07-07 11:00:00,AWS_Chennai_001,34.57,1001.64,76.49,0,normal,False,34.57,1001.64,76.49
2024-07-07 11:10:00,AWS_Chennai_001,34.54,1001.91,77.76,0,normal,False,34.54,1001.91,77.76
2024-07-07 11:20:00,AWS_Chennai_001,34.05,1001.67,75.57,0,normal,False,34.05,1001.67,75.57
2024-07-07 11:30:00,AWS_Chennai_001,34.02,1001.53,74.54,0,normal,False,34.02,1001.53,74.54
2024-07-07 11:40:00,AWS_Chennai_001,33.92,1001.42,77.89,0,normal,False,33.92,1001.42,77.89
2024-07-07 11:50:00,AWS_Chennai_001,34.5,1001.76,80.42,0,normal,False,34.5,1001.76,80.42
2024-07-07 12:00:00,AWS_Chennai_001,34.59,1001.85,78.92,0,normal,False,34.59,1001.85,78.92
2024-07-07 12:10:00,AWS_Chennai_001,34.74,1001.77,76.49,0,normal,False,34.74,1001.77,76.49
2024-07-07 12:20:00,AWS_Chennai_001,34.61,1001.98,76.73,0,normal,False,34.61,1001.98,76.73
2024-07-07 12:30:00,AWS_Chennai_001,34.9,1002.05,75.43,0,normal,False,34.9,1002.05,75.43
2024-07-07 12:40:00,AWS_Chennai_001,35.15,1002.13,77.55,0,normal,False,35.15,1002.13,77.55
2024-07-07 12:50:00,AWS_Chennai_001,35.63,1002.14,77.77,0,normal,False,35.63,1002.14,77.77
2024-07-07 13:00:00,AWS_Chennai_001,35.38,1002.08,76.98,0,normal,False,35.38,1002.08,76.98
2024-07-07 13:10:00,AWS_Chennai_001,35.55,1002.07,79.42,0,normal,False,35.55,1002.07,79.42
2024-07-07 13:20:00,AWS_Chennai_001,35.71,1002.1,80.94,0,normal,False,35.71,1002.1,80.94
2024-07-07 13:30:00,AWS_Chennai_001,35.5,1002.08,82.88,0,normal,False,35.5,1002.08,82.88
2024-07-07 13:40:00,AWS_Chennai_001,35.13,1002.12,82.13,0,normal,False,35.13,1002.12,82.13
2024-07-07 13:50:00,AWS_Chennai_001,34.95,1002.34,83.29,0,normal,False,34.95,1002.34,83.29
2024-07-07 14:00:00,AWS_Chennai_001,35.14,1002.39,84.13,0,normal,False,35.14,1002.39,84.13
2024-07-07 14:10:00,AWS_Chennai_001,34.52,1002.38,84.03,0,normal,False,34.52,1002.38,84.03
2024-07-07 14:20:00,AWS_Chennai_001,34.35,1002.45,87.45,0,normal,False,34.35,1002.45,87.45
2024-07-07 14:30:00,AWS_Chennai_001,34.4,1002.56,87.43,0,normal,False,34.4,1002.56,87.43
2024-07-07 14:40:00,AWS_Chennai_001,34.05,1002.37,84.67,0,normal,False,34.05,1002.37,84.67
2024-07-07 14:50:00,AWS_Chennai_001,34.16,1002.11,85.45,0,normal,False,34.16,1002.11,85.45
2024-07-07 15:00:00,AWS_Chennai_001,34.05,1002.21,83.33,0,normal,False,34.05,1002.21,83.33
2024-07-07 15:10:00,AWS_Chennai_001,34.46,1002.23,80.48,0,normal,False,34.46,1002.23,80.48
2024-07-07 15:20:00,AWS_Chennai_001,34.76,1002.06,78.77,0,normal,False,34.76,1002.06,78.77
2024-07-07 15:30:00,AWS_Chennai_001,34.31,1002.05,79.86,0,normal,False,34.31,1002.05,79.86
2024-07-07 15:40:00,AWS_Chennai_001,34.41,1002.46,79.03,0,normal,False,34.41,1002.46,79.03
2024-07-07 15:50:00,AWS_Chennai_001,34.2,1002.27,77.58,0,normal,False,34.2,1002.27,77.58
2024-07-07 16:00:00,AWS_Chennai_001,34.38,1002.18,78.65,0,normal,False,34.38,1002.18,78.65
2024-07-07 16:10:00,AWS_Chennai_001,34.23,1002.02,77.75,0,normal,False,34.23,1002.02,77.75
2024-07-07 16:20:00,AWS_Chennai_001,33.51,1001.99,78.25,0,normal,False,33.51,1001.99,78.25
2024-07-07 16:30:00,AWS_Chennai_001,33.29,1002.14,76.62,0,normal,False,33.29,1002.14,76.62
2024-07-07 16:40:00,AWS_Chennai_001,33.2,1001.98,77.63,0,normal,False,33.2,1001.98,77.63
2024-07-07 16:50:00,AWS_Chennai_001,32.82,1002.1,78.98,0,normal,False,32.82,1002.1,78.98
2024-07-07 17:00:00,AWS_Chennai_001,32.73,1002.1,79.86,0,normal,False,32.73,1002.1,79.86
2024-07-07 17:10:00,AWS_Chennai_001,32.64,1002.14,79.73,0,normal,False,32.64,1002.14,79.73
2024-07-07 17:20:00,AWS_Chennai_001,32.12,1002.08,80.92,0,normal,False,32.12,1002.08,80.92
2024-07-07 17:30:00,AWS_Chennai_001,32.12,1002.3,80.52,0,normal,False,32.12,1002.3,80.52
2024-07-07 17:40:00,AWS_Chennai_001,31.54,1002.17,80.26,0,normal,False,31.54,1002.17,80.26
2024-07-07 17:50:00,AWS_Chennai_001,31.17,1001.97,80.44,0,normal,False,31.17,1001.97,80.44
2024-07-07 18:00:00,AWS_Chennai_001,30.84,1001.75,79.35,0,normal,False,30.84,1001.75,79.35
2024-07-07 18:10:00,AWS_Chennai_001,30.66,1001.77,78.81,0,normal,False,30.66,1001.77,78.81
2024-07-07 18:20:00,AWS_Chennai_001,30.33,1001.79,79.71,0,normal,False,30.33,1001.79,79.71
2024-07-07 18:30:00,AWS_Chennai_001,30.53,1001.53,78.04,0,normal,False,30.53,1001.53,78.04
2024-07-07 18:40:00,AWS_Chennai_001,30.47,1001.54,77.97,0,normal,False,30.47,1001.54,77.97
2024-07-07 18:50:00,AWS_Chennai_001,30.52,1001.4,79.49,0,normal,False,30.52,1001.4,79.49
2024-07-07 19:00:00,AWS_Chennai_001,30.19,1001.24,79.53,0,normal,False,30.19,1001.24,79.53
2024-07-07 19:10:00,AWS_Chennai_001,30.29,1001.15,82.46,0,normal,False,30.29,1001.15,82.46
2024-07-07 19:20:00,AWS_Chennai_001,30.07,1001.08,81.48,0,normal,False,30.07,1001.08,81.48
2024-07-07 19:30:00,AWS_Chennai_001,30.02,1001.08,81.94,0,normal,False,30.02,1001.08,81.94
2024-07-07 19:40:00,AWS_Chennai_001,29.8,1001.03,80.7,0,normal,False,29.8,1001.03,80.7
2024-07-07 19:50:00,AWS_Chennai_001,29.75,1001.28,83.86,0,normal,False,29.75,1001.28,83.86
2024-07-07 20:00:00,AWS_Chennai_001,29.55,1001.22,84.45,0,normal,False,29.55,1001.22,84.45
2024-07-07 20:10:00,AWS_Chennai_001,29.13,1001.23,85.44,0,normal,False,29.13,1001.23,85.44
2024-07-07 20:20:00,AWS_Chennai_001,28.57,1001.16,87.13,0,normal,False,28.57,1001.16,87.13
2024-07-07 20:30:00,AWS_Chennai_001,28.66,1000.95,89.06,0,normal,False,28.66,1000.95,89.06
2024-07-07 20:40:00,AWS_Chennai_001,28.39,1000.93,89.02,0,normal,False,28.39,1000.93,89.02
2024-07-07 20:50:00,AWS_Chennai_001,27.59,1000.98,86.8,0,normal,False,27.59,1000.98,86.8
2024-07-07 21:00:00,AWS_Chennai_001,27.71,1000.8,88.7,0,normal,False,27.71,1000.8,88.7
2024-07-07 21:10:00,AWS_Chennai_001,27.64,1000.91,87.84,0,normal,False,27.64,1000.91,87.84
2024-07-07 21:20:00,AWS_Chennai_001,26.96,1000.78,88.58,0,normal,False,26.96,1000.78,88.58
2024-07-07 21:30:00,AWS_Chennai_001,27.0,1000.68,90.79,0,normal,False,27.0,1000.68,90.79
2024-07-07 21:40:00,AWS_Chennai_001,26.9,1000.46,91.3,0,normal,False,26.9,1000.46,91.3
2024-07-07 21:50:00,AWS_Chennai_001,26.57,1000.62,91.73,0,normal,False,26.57,1000.62,91.73
2024-07-07 22:00:00,AWS_Chennai_001,26.54,1000.65,93.47,0,normal,False,26.54,1000.65,93.47
2024-07-07 22:10:00,AWS_Chennai_001,26.19,1000.77,93.51,0,normal,False,26.19,1000.77,93.51
2024-07-07 22:20:00,AWS_Chennai_001,25.82,1000.82,92.07,0,normal,False,25.82,1000.82,92.07
2024-07-07 22:30:00,AWS_Chennai_001,26.39,1001.03,89.66,0,normal,False,26.39,1001.03,89.66
2024-07-07 22:40:00,AWS_Chennai_001,26.19,1001.17,91.59,0,normal,False,26.19,1001.17,91.59
2024-07-07 22:50:00,AWS_Chennai_001,26.39,1001.5,91.86,0,normal,False,26.39,1001.5,91.86
2024-07-07 23:00:00,AWS_Chennai_001,26.7,1001.38,93.23,0,normal,False,26.7,1001.38,93.23
2024-07-07 23:10:00,AWS_Chennai_001,26.55,1001.43,95.29,0,normal,False,26.55,1001.43,95.29
2024-07-07 23:20:00,AWS_Chennai_001,26.77,1001.47,99.0,0,normal,False,26.77,1001.47,99.0
2024-07-07 23:30:00,AWS_Chennai_001,27.06,1001.47,95.06,0,normal,False,27.06,1001.47,95.06
2024-07-07 23:40:00,AWS_Chennai_001,27.04,1001.47,94.02,0,normal,False,27.04,1001.47,94.02
2024-07-07 23:50:00,AWS_Chennai_001,26.79,1001.56,95.94,0,normal,False,26.79,1001.56,95.94
2024-07-08 00:00:00,AWS_Chennai_001,26.4,1001.64,95.49,0,normal,False,26.4,1001.64,95.49
2024-07-08 00:10:00,AWS_Chennai_001,26.09,1001.76,98.03,0,normal,False,26.09,1001.76,98.03
2024-07-08 00:20:00,AWS_Chennai_001,26.22,1001.85,97.12,0,normal,False,26.22,1001.85,97.12
2024-07-08 00:30:00,AWS_Chennai_001,26.17,1001.66,96.82,0,normal,False,26.17,1001.66,96.82
2024-07-08 00:40:00,AWS_Chennai_001,26.05,1001.82,98.05,0,normal,False,26.05,1001.82,98.05
2024-07-08 00:50:00,AWS_Chennai_001,26.22,1001.87,97.02,0,normal,False,26.22,1001.87,97.02
2024-07-08 01:00:00,AWS_Chennai_001,25.97,1001.84,95.9,0,normal,False,25.97,1001.84,95.9
2024-07-08 01:10:00,AWS_Chennai_001,25.89,1001.74,96.42,0,normal,False,25.89,1001.74,96.42
2024-07-08 01:20:00,AWS_Chennai_001,25.81,1001.7,95.29,0,normal,False,25.81,1001.7,95.29
2024-07-08 01:30:00,AWS_Chennai_001,26.02,1001.93,98.76,0,normal,False,26.02,1001.93,98.76
2024-07-08 01:40:00,AWS_Chennai_001,26.14,1001.9,97.39,0,normal,False,26.14,1001.9,97.39
2024-07-08 01:50:00,AWS_Chennai_001,26.2,1002.1,99.28,0,normal,False,26.2,1002.1,99.28
2024-07-08 02:00:00,AWS_Chennai_001,25.88,1002.18,97.22,0,normal,False,25.88,1002.18,97.22
2024-07-08 02:10:00,AWS_Chennai_001,25.95,1002.08,99.2,0,normal,False,25.95,1002.08,99.2
2024-07-08 02:20:00,AWS_Chennai_001,25.67,1002.23,99.11,0,normal,False,25.67,1002.23,99.11
2024-07-08 02:30:00,AWS_Chennai_001,25.65,1002.02,98.67,0,normal,False,25.65,1002.02,98.67
2024-07-08 02:40:00,AWS_Chennai_001,25.32,1001.99,99.12,0,normal,False,25.32,1001.99,99.12
2024-07-08 02:50:00,AWS_Chennai_001,26.12,1002.34,99.59,0,normal,False,26.12,1002.34,99.59
2024-07-08 03:00:00,AWS_Chennai_001,26.18,1002.31,97.76,0,normal,False,26.18,1002.31,97.76
2024-07-08 03:10:00,AWS_Chennai_001,26.26,1002.27,100.0,0,normal,False,26.26,1002.27,100.0
2024-07-08 03:20:00,AWS_Chennai_001,26.84,1002.61,98.7,0,normal,False,26.84,1002.61,98.7
2024-07-08 03:30:00,AWS_Chennai_001,26.59,1002.44,99.38,0,normal,False,26.59,1002.44,99.38
2024-07-08 03:40:00,AWS_Chennai_001,26.26,1002.36,97.73,0,normal,False,26.26,1002.36,97.73
2024-07-08 03:50:00,AWS_Chennai_001,26.03,1002.63,93.8,0,normal,False,26.03,1002.63,93.8
2024-07-08 04:00:00,AWS_Chennai_001,26.13,1002.48,97.27,0,normal,False,26.13,1002.48,97.27
2024-07-08 04:10:00,AWS_Chennai_001,26.33,1002.3,96.14,0,normal,False,26.33,1002.3,96.14
2024-07-08 04:20:00,AWS_Chennai_001,26.09,1002.46,98.53,1,frozen_temperature,False,26.09,1002.46,98.53
2024-07-08 04:30:00,AWS_Chennai_001,26.09,1002.41,99.82,1,frozen_temperature,False,26.09,1002.41,99.82
2024-07-08 04:40:00,AWS_Chennai_001,26.09,1002.46,99.81,1,frozen_temperature,False,26.09,1002.46,99.81
2024-07-08 04:50:00,AWS_Chennai_001,26.09,1002.64,98.58,1,frozen_temperature,False,26.09,1002.64,98.58
2024-07-08 05:00:00,AWS_Chennai_001,26.09,1002.75,98.34,1,frozen_temperature,False,26.09,1002.75,98.34
2024-07-08 05:10:00,AWS_Chennai_001,26.09,1002.93,98.3,1,frozen_temperature,False,26.09,1002.93,98.3
2024-07-08 05:20:00,AWS_Chennai_001,26.09,1003.07,96.1,1,frozen_temperature,False,26.09,1003.07,96.1
2024-07-08 05:30:00,AWS_Chennai_001,26.09,1002.92,96.18,1,frozen_temperature,False,26.09,1002.92,96.18
2024-07-08 05:40:00,AWS_Chennai_001,26.09,1002.59,95.43,1,frozen_temperature,False,26.09,1002.59,95.43
2024-07-08 05:50:00,AWS_Chennai_001,26.09,1002.33,93.95,1,frozen_temperature,False,26.09,1002.33,93.95
2024-07-08 06:00:00,AWS_Chennai_001,26.09,1002.35,93.3,1,frozen_temperature,False,26.09,1002.35,93.3
2024-07-08 06:10:00,AWS_Chennai_001,26.09,1002.12,92.37,1,frozen_temperature,True,26.09,1002.245,92.85499999999999
2024-07-08 06:20:00,AWS_Chennai_001,26.09,1002.14,92.41,1,frozen_temperature,False,26.09,1002.14,92.41
2024-07-08 06:30:00,AWS_Chennai_001,26.09,1002.1,95.55,1,frozen_temperature,False,26.09,1002.1,95.55
2024-07-08 06:40:00,AWS_Chennai_001,26.09,1002.07,96.12,1,frozen_temperature,False,26.09,1002.07,96.12
2024-07-08 06:50:00,AWS_Chennai_001,26.09,1001.77,94.95,1,frozen_temperature,False,26.09,1001.77,94.95
2024-07-08 07:00:00,AWS_Chennai_001,26.09,1001.61,97.52,1,frozen_temperature,True,27.326666666666668,1001.6333333333333,95.23333333333333
2024-07-08 07:10:00,AWS_Chennai_001,26.09,1001.72,97.24,1,frozen_temperature,True,28.563333333333333,1001.4966666666667,95.51666666666667
2024-07-08 07:20:00,AWS_Chennai_001,29.8,1001.36,95.8,0,normal,False,29.8,1001.36,95.8
2024-07-08 07:30:00,AWS_Chennai_001,29.82,1001.26,96.54,0,normal,False,29.82,1001.26,96.54
2024-07-08 07:40:00,AWS_Chennai_001,30.01,1001.32,97.42,0,normal,False,30.01,1001.32,97.42
2024-07-08 07:50:00,AWS_Chennai_001,30.23,1001.39,96.04,0,normal,False,30.23,1001.39,96.04
2024-07-08 08:00:00,AWS_Chennai_001,30.25,1001.22,95.41,0,normal,False,30.25,1001.22,95.41
2024-07-08 08:10:00,AWS_Chennai_001,30.19,1001.04,95.66,0,normal,False,30.19,1001.04,95.66
2024-07-08 08:20:00,AWS_Chennai_001,30.13,1001.11,94.44,0,normal,False,30.13,1001.11,94.44
2024-07-08 08:30:00,AWS_Chennai_001,30.19,1001.22,95.26,0,normal,False,30.19,1001.22,95.26
2024-07-08 08:40:00,AWS_Chennai_001,30.47,1001.41,92.02,0,normal,False,30.47,1001.41,92.02
2024-07-08 08:50:00,AWS_Chennai_001,31.01,1001.25,91.12,0,normal,False,31.01,1001.25,91.12
2024-07-08 09:00:00,AWS_Chennai_001,31.36,1001.15,90.46,0,normal,False,31.36,1001.15,90.46
2024-07-08 09:10:00,AWS_Chennai_001,31.46,1001.12,93.07,0,normal,False,31.46,1001.12,93.07
2024-07-08 09:20:00,AWS_Chennai_001,31.13,1001.09,92.97,0,normal,False,31.13,1001.09,92.97
2024-07-08 09:30:00,AWS_Chennai_001,31.03,1001.08,92.74,0,normal,False,31.03,1001.08,92.74
2024-07-08 09:40:00,AWS_Chennai_001,31.38,1001.21,93.72,0,normal,False,31.38,1001.21,93.72
2024-07-08 09:50:00,AWS_Chennai_001,31.51,1001.22,90.87,0,normal,False,31.51,1001.22,90.87
2024-07-08 10:00:00,AWS_Chennai_001,31.75,1001.04,90.26,0,normal,False,31.75,1001.04,90.26
2024-07-08 10:10:00,AWS_Chennai_001,32.25,1001.15,89.8,0,normal,False,32.25,1001.15,89.8
2024-07-08 10:20:00,AWS_Chennai_001,32.72,1001.36,87.98,0,normal,False,32.72,1001.36,87.98
2024-07-08 10:30:00,AWS_Chennai_001,33.27,1001.28,86.83,0,normal,False,33.27,1001.28,86.83
2024-07-08 10:40:00,AWS_Chennai_001,33.66,1001.34,86.37,0,normal,False,33.66,1001.34,86.37
2024-07-08 10:50:00,AWS_Chennai_001,33.87,1001.57,86.07,0,normal,False,33.87,1001.57,86.07
2024-07-08 11:00:00,AWS_Chennai_001,34.25,1001.74,88.8,0,normal,False,34.25,1001.74,88.8
2024-07-08 11:10:00,AWS_Chennai_001,34.8,1001.89,89.34,0,normal,False,34.8,1001.89,89.34
2024-07-08 11:20:00,AWS_Chennai_001,34.96,1001.91,88.76,0,normal,False,34.96,1001.91,88.76
2024-07-08 11:30:00,AWS_Chennai_001,35.07,1001.89,87.6,0,normal,False,35.07,1001.89,87.6
2024-07-08 11:40:00,AWS_Chennai_001,35.15,1001.88,86.83,0,normal,False,35.15,1001.88,86.83
2024-07-08 11:50:00,AWS_Chennai_001,35.19,1002.06,87.57,0,normal,False,35.19,1002.06,87.57
2024-07-08 12:00:00,AWS_Chennai_001,35.57,1002.31,86.03,0,normal,False,35.57,1002.31,86.03
2024-07-08 12:10:00,AWS_Chennai_001,35.64,1002.4,86.31,0,normal,False,35.64,1002.4,86.31
2024-07-08 12:20:00,AWS_Chennai_001,35.85,1002.66,85.09,0,normal,False,35.85,1002.66,85.09
2024-07-08 12:30:00,AWS_Chennai_001,35.96,1002.51,85.38,0,normal,False,35.96,1002.51,85.38
2024-07-08 12:40:00,AWS_Chennai_001,35.52,1002.6,86.89,0,normal,False,35.52,1002.6,86.89
2024-07-08 12:50:00,AWS_Chennai_001,35.77,1002.48,85.3,0,normal,False,35.77,1002.48,85.3
2024-07-08 13:00:00,AWS_Chennai_001,35.96,1002.51,81.73,0,normal,False,35.96,1002.51,81.73
2024-07-08 13:10:00,AWS_Chennai_001,36.39,1002.59,79.47,0,normal,False,36.39,1002.59,79.47
2024-07-08 13:20:00,AWS_Chennai_001,36.43,1002.97,79.24,0,normal,False,36.43,1002.97,79.24
2024-07-08 13:30:00,AWS_Chennai_001,36.36,1002.9,80.22,0,normal,False,36.36,1002.9,80.22
2024-07-08 13:40:00,AWS_Chennai_001,36.41,1003.05,79.08,0,normal,False,36.41,1003.05,79.08
2024-07-08 13:50:00,AWS_Chennai_001,36.61,1002.9,79.84,0,normal,False,36.61,1002.9,79.84
2024-07-08 14:00:00,AWS_Chennai_001,36.27,1002.92,77.56,0,normal,False,36.27,1002.92,77.56
2024-07-08 14:10:00,AWS_Chennai_001,36.22,1002.94,75.43,0,normal,False,36.22,1002.94,75.43
2024-07-08 14:20:00,AWS_Chennai_001,36.66,1003.05,74.07,0,normal,False,36.66,1003.05,74.07
2024-07-08 14:30:00,AWS_Chennai_001,36.26,1003.02,73.57,0,normal,False,36.26,1003.02,73.57
2024-07-08 14:40:00,AWS_Chennai_001,36.15,1002.71,76.47,0,normal,False,36.15,1002.71,76.47
2024-07-08 14:50:00,AWS_Chennai_001,35.86,1002.92,76.44,0,normal,False,35.86,1002.92,76.44
2024-07-08 15:00:00,AWS_Chennai_001,36.45,1003.04,78.36,0,normal,False,36.45,1003.04,78.36
2024-07-08 15:10:00,AWS_Chennai_001,36.64,1003.04,78.82,0,normal,False,36.64,1003.04,78.82
2024-07-08 15:20:00,AWS_Chennai_001,36.42,1003.08,79.14,0,normal,False,36.42,1003.08,79.14
2024-07-08 15:30:00,AWS_Chennai_001,36.36,1002.95,78.71,0,normal,False,36.36,1002.95,78.71
2024-07-08 15:40:00,AWS_Chennai_001,36.36,1002.94,79.65,0,normal,False,36.36,1002.94,79.65
2024-07-08 15:50:00,AWS_Chennai_001,36.39,1003.06,80.56,0,normal,False,36.39,1003.06,80.56
2024-07-08 16:00:00,AWS_Chennai_001,36.05,1002.88,82.54,0,normal,False,36.05,1002.88,82.54
2024-07-08 16:10:00,AWS_Chennai_001,35.6,1002.84,85.11,0,normal,False,35.6,1002.84,85.11
2024-07-08 16:20:00,AWS_Chennai_001,35.13,1002.75,85.3,0,normal,False,35.13,1002.75,85.3
2024-07-08 16:30:00,AWS_Chennai_001,34.39,1002.56,87.19,0,normal,False,34.39,1002.56,87.19
2024-07-08 16:40:00,AWS_Chennai_001,34.36,1002.65,87.48,0,normal,False,34.36,1002.65,87.48
2024-07-08 16:50:00,AWS_Chennai_001,33.61,1002.47,84.04,0,normal,False,33.61,1002.47,84.04
2024-07-08 17:00:00,AWS_Chennai_001,33.57,1002.81,81.89,0,normal,False,33.57,1002.81,81.89
2024-07-08 17:10:00,AWS_Chennai_001,33.67,1002.9,82.47,0,normal,False,33.67,1002.9,82.47
2024-07-08 17:20:00,AWS_Chennai_001,33.02,1002.68,79.72,0,normal,False,33.02,1002.68,79.72
2024-07-08 17:30:00,AWS_Chennai_001,32.78,1002.65,81.37,0,normal,False,32.78,1002.65,81.37
2024-07-08 17:40:00,AWS_Chennai_001,32.53,1002.45,80.66,0,normal,False,32.53,1002.45,80.66
2024-07-08 17:50:00,AWS_Chennai_001,32.32,1002.43,83.12,0,normal,False,32.32,1002.43,83.12
2024-07-08 18:00:00,AWS_Chennai_001,32.57,1002.35,81.99,0,normal,False,32.57,1002.35,81.99
2024-07-08 18:10:00,AWS_Chennai_001,32.56,1002.65,81.41,0,normal,False,32.56,1002.65,81.41
2024-07-08 18:20:00,AWS_Chennai_001,32.03,1002.53,82.03,0,normal,False,32.03,1002.53,82.03
2024-07-08 18:30:00,AWS_Chennai_001,31.47,1002.23,83.49,0,normal,False,31.47,1002.23,83.49
2024-07-08 18:40:00,AWS_Chennai_001,31.11,1002.33,84.78,0,normal,False,31.11,1002.33,84.78
2024-07-08 18:50:00,AWS_Chennai_001,31.11,1002.25,86.25,0,normal,False,31.11,1002.25,86.25
2024-07-08 19:00:00,AWS_Chennai_001,30.59,1002.24,88.1,0,normal,False,30.59,1002.24,88.1
2024-07-08 19:10:00,AWS_Chennai_001,30.71,1002.11,89.25,0,normal,False,30.71,1002.11,89.25
2024-07-08 19:20:00,AWS_Chennai_001,30.81,1001.8,88.9,0,normal,False,30.81,1001.8,88.9
2024-07-08 19:30:00,AWS_Chennai_001,30.7,1001.69,88.12,0,normal,False,30.7,1001.69,88.12
2024-07-08 19:40:00,AWS_Chennai_001,30.55,1001.56,88.49,0,normal,False,30.55,1001.56,88.49
2024-07-08 19:50:00,AWS_Chennai_001,29.81,1001.44,89.15,0,normal,False,29.81,1001.44,89.15
2024-07-08 20:00:00,AWS_Chennai_001,29.54,1001.4,89.84,0,normal,False,29.54,1001.4,89.84
2024-07-08 20:10:00,AWS_Chennai_001,29.64,1001.33,89.98,0,normal,False,29.64,1001.33,89.98
2024-07-08 20:20:00,AWS_Chennai_001,29.44,1001.23,88.97,0,normal,False,29.44,1001.23,88.97
2024-07-08 20:30:00,AWS_Chennai_001,29.47,1001.03,90.08,0,normal,False,29.47,1001.03,90.08
2024-07-08 20:40:00,AWS_Chennai_001,29.19,1000.96,90.73,0,normal,False,29.19,1000.96,90.73
2024-07-08 20:50:00,AWS_Chennai_001,29.13,1000.79,90.8,0,normal,False,29.13,1000.79,90.8
2024-07-08 21:00:00,AWS_Chennai_001,28.79,1000.71,87.79,0,normal,False,28.79,1000.71,87.79
2024-07-08 21:10:00,AWS_Chennai_001,28.86,1000.87,86.32,0,normal,False,28.86,1000.87,86.32
2024-07-08 21:20:00,AWS_Chennai_001,28.64,1000.71,86.13,0,normal,False,28.64,1000.71,86.13
2024-07-08 21:30:00,AWS_Chennai_001,28.26,1000.94,84.43,0,normal,False,28.26,1000.94,84.43
2024-07-08 21:40:00,AWS_Chennai_001,27.57,1000.9,84.42,0,normal,False,27.57,1000.9,84.42
2024-07-08 21:50:00,AWS_Chennai_001,28.03,1000.8,87.07,0,normal,False,28.03,1000.8,87.07
2024-07-08 22:00:00,AWS_Chennai_001,28.03,1001.11,87.79,0,normal,False,28.03,1001.11,87.79
2024-07-08 22:10:00,AWS_Chennai_001,27.39,1001.02,88.87,0,normal,False,27.39,1001.02,88.87
2024-07-08 22:20:00,AWS_Chennai_001,27.01,1001.43,86.34,0,normal,False,27.01,1001.43,86.34
2024-07-08 22:30:00,AWS_Chennai_001,26.72,1001.53,86.7,0,normal,False,26.72,1001.53,86.7
2024-07-08 22:40:00,AWS_Chennai_001,26.49,1001.77,87.13,0,normal,False,26.49,1001.77,87.13
2024-07-08 22:50:00,AWS_Chennai_001,26.74,1001.72,88.99,0,normal,False,26.74,1001.72,88.99
2024-07-08 23:00:00,AWS_Chennai_001,26.73,1001.52,87.38,0,normal,False,26.73,1001.52,87.38
2024-07-08 23:10:00,AWS_Chennai_001,26.98,1001.59,89.38,0,normal,False,26.98,1001.59,89.38
2024-07-08 23:20:00,AWS_Chennai_001,27.1,1001.48,87.77,0,normal,False,27.1,1001.48,87.77
2024-07-08 23:30:00,AWS_Chennai_001,26.96,1001.57,86.99,0,normal,False,26.96,1001.57,86.99
2024-07-08 23:40:00,AWS_Chennai_001,27.02,1001.59,86.16,0,normal,False,27.02,1001.59,86.16
2024-07-08 23:50:00,AWS_Chennai_001,26.99,1001.55,84.32,0,normal,False,26.99,1001.55,84.32
2024-07-09 00:00:00,AWS_Chennai_001,27.37,1001.35,82.27,0,normal,False,27.37,1001.35,82.27
2024-07-09 00:10:00,AWS_Chennai_001,27.5,1001.48,81.95,0,normal,False,27.5,1001.48,81.95
2024-07-09 00:20:00,AWS_Chennai_001,27.95,1001.52,82.34,0,normal,False,27.95,1001.52,82.34
2024-07-09 00:30:00,AWS_Chennai_001,27.81,1001.7,83.91,0,normal,False,27.81,1001.7,83.91
2024-07-09 00:40:00,AWS_Chennai_001,28.08,1001.71,84.29,0,normal,False,28.08,1001.71,84.29
2024-07-09 00:50:00,AWS_Chennai_001,27.84,1001.59,84.23,0,normal,False,27.84,1001.59,84.23
2024-07-09 01:00:00,AWS_Chennai_001,27.79,1001.7,86.81,0,normal,False,27.79,1001.7,86.81
2024-07-09 01:10:00,AWS_Chennai_001,27.71,1001.64,86.35,0,normal,False,27.71,1001.64,86.35
2024-07-09 01:20:00,AWS_Chennai_001,27.33,1001.64,86.55,0,normal,False,27.33,1001.64,86.55
2024-07-09 01:30:00,AWS_Chennai_001,27.44,1001.87,85.5,0,normal,False,27.44,1001.87,85.5
2024-07-09 01:40:00,AWS_Chennai_001,27.45,1001.94,85.35,0,normal,False,27.45,1001.94,85.35
2024-07-09 01:50:00,AWS_Chennai_001,27.13,1001.91,84.94,0,normal,False,27.13,1001.91,84.94
2024-07-09 02:00:00,AWS_Chennai_001,27.33,1002.12,86.58,0,normal,False,27.33,1002.12,86.58
2024-07-09 02:10:00,AWS_Chennai_001,26.53,1002.36,87.36,0,normal,False,26.53,1002.36,87.36
2024-07-09 02:20:00,AWS_Chennai_001,26.72,1002.38,87.92,0,normal,False,26.72,1002.38,87.92
2024-07-09 02:30:00,AWS_Chennai_001,27.03,1002.58,86.78,0,normal,False,27.03,1002.58,86.78
2024-07-09 02:40:00,AWS_Chennai_001,26.69,1002.68,87.39,0,normal,False,26.69,1002.68,87.39
2024-07-09 02:50:00,AWS_Chennai_001,26.34,1002.71,86.65,0,normal,False,26.34,1002.71,86.65
2024-07-09 03:00:00,AWS_Chennai_001,26.45,1003.05,85.6,0,normal,False,26.45,1003.05,85.6
2024-07-09 03:10:00,AWS_Chennai_001,26.51,1003.1,85.67,0,normal,False,26.51,1003.1,85.67
2024-07-09 03:20:00,AWS_Chennai_001,26.32,1003.03,83.84,0,normal,False,26.32,1003.03,83.84
2024-07-09 03:30:00,AWS_Chennai_001,25.66,1002.89,83.4,0,normal,False,25.66,1002.89,83.4
2024-07-09 03:40:00,AWS_Chennai_001,25.85,1002.71,83.09,0,normal,False,25.85,1002.71,83.09
2024-07-09 03:50:00,AWS_Chennai_001,26.13,1002.83,84.3,0,normal,False,26.13,1002.83,84.3
2024-07-09 04:00:00,AWS_Chennai_001,26.41,1003.19,84.59,0,normal,False,26.41,1003.19,84.59
2024-07-09 04:10:00,AWS_Chennai_001,26.52,1003.11,84.73,0,normal,False,26.52,1003.11,84.73
2024-07-09 04:20:00,AWS_Chennai_001,26.17,1003.31,85.44,0,normal,False,26.17,1003.31,85.44
2024-07-09 04:30:00,AWS_Chennai_001,26.58,1003.3,84.52,0,normal,False,26.58,1003.3,84.52
2024-07-09 04:40:00,AWS_Chennai_001,26.5,1003.33,85.27,0,normal,False,26.5,1003.33,85.27
2024-07-09 04:50:00,AWS_Chennai_001,25.88,1003.27,85.07,0,normal,False,25.88,1003.27,85.07
2024-07-09 05:00:00,AWS_Chennai_001,25.91,1002.96,88.05,0,normal,False,25.91,1002.96,88.05
2024-07-09 05:10:00,AWS_Chennai_001,26.36,1002.75,87.72,0,normal,False,26.36,1002.75,87.72
2024-07-09 05:20:00,AWS_Chennai_001,26.88,1002.44,90.09,0,normal,False,26.88,1002.44,90.09
2024-07-09 05:30:00,AWS_Chennai_001,27.1,1002.45,89.75,0,normal,False,27.1,1002.45,89.75
2024-07-09 05:40:00,AWS_Chennai_001,27.32,1002.68,89.83,0,normal,False,27.32,1002.68,89.83
2024-07-09 05:50:00,AWS_Chennai_001,27.2,1002.53,91.3,0,normal,False,27.2,1002.53,91.3
2024-07-09 06:00:00,AWS_Chennai_001,27.48,1002.47,90.18,0,normal,False,27.48,1002.47,90.18
2024-07-09 06:10:00,AWS_Chennai_001,28.08,1002.41,88.74,0,normal,False,28.08,1002.41,88.74
2024-07-09 06:20:00,AWS_Chennai_001,27.71,1002.14,89.18,0,normal,False,27.71,1002.14,89.18
2024-07-09 06:30:00,AWS_Chennai_001,27.61,1001.76,87.73,0,normal,False,27.61,1001.76,87.73
2024-07-09 06:40:00,AWS_Chennai_001,27.74,1001.8,83.82,0,normal,False,27.74,1001.8,83.82
2024-07-09 06:50:00,AWS_Chennai_001,27.89,1001.88,82.59,0,normal,False,27.89,1001.88,82.59
2024-07-09 07:00:00,AWS_Chennai_001,27.97,1001.84,81.13,0,normal,False,27.97,1001.84,81.13
2024-07-09 07:10:00,AWS_Chennai_001,27.95,1001.75,81.49,0,normal,False,27.95,1001.75,81.49
2024-07-09 07:20:00,AWS_Chennai_001,28.38,1001.69,81.56,0,normal,False,28.38,1001.69,81.56
2024-07-09 07:30:00,AWS_Chennai_001,28.68,1001.5,78.49,0,normal,False,28.68,1001.5,78.49
2024-07-09 07:40:00,AWS_Chennai_001,28.63,1001.38,77.49,0,normal,False,28.63,1001.38,77.49
2024-07-09 07:50:00,AWS_Chennai_001,28.5,1001.49,76.52,0,normal,False,28.5,1001.49,76.52
2024-07-09 08:00:00,AWS_Chennai_001,28.7,1001.54,77.4,0,normal,False,28.7,1001.54,77.4
2024-07-09 08:10:00,AWS_Chennai_001,28.78,1001.37,77.47,0,normal,False,28.78,1001.37,77.47
2024-07-09 08:20:00,AWS_Chennai_001,28.87,1001.31,76.35,0,normal,False,28.87,1001.31,76.35
2024-07-09 08:30:00,AWS_Chennai_001,29.28,1001.07,76.26,0,normal,False,29.28,1001.07,76.26
2024-07-09 08:40:00,AWS_Chennai_001,29.64,1001.1,80.12,0,normal,False,29.64,1001.1,80.12
2024-07-09 08:50:00,AWS_Chennai_001,29.82,1001.1,80.02,0,normal,False,29.82,1001.1,80.02
2024-07-09 09:00:00,AWS_Chennai_001,30.7,1001.26,82.89,0,normal,False,30.7,1001.26,82.89
2024-07-09 09:10:00,AWS_Chennai_001,30.79,1001.28,82.79,0,normal,False,30.79,1001.28,82.79
2024-07-09 09:20:00,AWS_Chennai_001,30.7,1001.33,81.13,0,normal,False,30.7,1001.33,81.13
2024-07-09 09:30:00,AWS_Chennai_001,31.27,1001.3,78.76,0,normal,False,31.27,1001.3,78.76
2024-07-09 09:40:00,AWS_Chennai_001,31.34,1001.3,81.41,0,normal,False,31.34,1001.3,81.41
2024-07-09 09:50:00,AWS_Chennai_001,31.83,1001.31,82.62,0,normal,False,31.83,1001.31,82.62
2024-07-09 10:00:00,AWS_Chennai_001,32.13,1001.21,83.02,0,normal,False,32.13,1001.21,83.02
2024-07-09 10:10:00,AWS_Chennai_001,32.61,1001.71,83.23,0,normal,False,32.61,1001.71,83.23
2024-07-09 10:20:00,AWS_Chennai_001,32.67,1001.86,84.02,0,normal,False,32.67,1001.86,84.02
2024-07-09 10:30:00,AWS_Chennai_001,33.35,1001.98,81.18,0,normal,False,33.35,1001.98,81.18
2024-07-09 10:40:00,AWS_Chennai_001,33.5,1002.18,83.6,0,normal,False,33.5,1002.18,83.6
2024-07-09 10:50:00,AWS_Chennai_001,33.41,1002.14,84.32,0,normal,False,33.41,1002.14,84.32
2024-07-09 11:00:00,AWS_Chennai_001,33.47,1002.13,85.37,0,normal,False,33.47,1002.13,85.37
2024-07-09 11:10:00,AWS_Chennai_001,33.95,1002.33,85.76,0,normal,False,33.95,1002.33,85.76
2024-07-09 11:20:00,AWS_Chennai_001,33.8,1002.33,83.89,0,normal,False,33.8,1002.33,83.89
2024-07-09 11:30:00,AWS_Chennai_001,33.81,1002.44,83.85,0,normal,False,33.81,1002.44,83.85
2024-07-09 11:40:00,AWS_Chennai_001,34.63,1002.49,84.17,0,normal,False,34.63,1002.49,84.17
2024-07-09 11:50:00,AWS_Chennai_001,34.74,1002.62,86.36,0,normal,False,34.74,1002.62,86.36
2024-07-09 12:00:00,AWS_Chennai_001,34.89,1002.88,85.81,0,normal,False,34.89,1002.88,85.81
2024-07-09 12:10:00,AWS_Chennai_001,35.31,1002.89,85.28,0,normal,False,35.31,1002.89,85.28
2024-07-09 12:20:00,AWS_Chennai_001,34.77,1002.64,84.75,0,normal,False,34.77,1002.64,84.75
2024-07-09 12:30:00,AWS_Chennai_001,35.09,1002.67,83.17,0,normal,False,35.09,1002.67,83.17
2024-07-09 12:40:00,AWS_Chennai_001,34.89,1002.81,81.39,0,normal,False,34.89,1002.81,81.39
2024-07-09 12:50:00,AWS_Chennai_001,35.23,1002.94,83.49,0,normal,False,35.23,1002.94,83.49
2024-07-09 13:00:00,AWS_Chennai_001,36.0,1002.93,83.11,0,normal,False,36.0,1002.93,83.11
2024-07-09 13:10:00,AWS_Chennai_001,36.43,1002.95,80.58,0,normal,False,36.43,1002.95,80.58
2024-07-09 13:20:00,AWS_Chennai_001,36.18,1003.04,78.7,0,normal,False,36.18,1003.04,78.7
2024-07-09 13:30:00,AWS_Chennai_001,36.77,1003.26,77.33,0,normal,False,36.77,1003.26,77.33
2024-07-09 13:40:00,AWS_Chennai_001,36.47,1003.29,76.8,0,normal,False,36.47,1003.29,76.8
2024-07-09 13:50:00,AWS_Chennai_001,36.42,1003.4,76.63,0,normal,False,36.42,1003.4,76.63
2024-07-09 14:00:00,AWS_Chennai_001,36.76,1003.53,78.38,0,normal,False,36.76,1003.53,78.38
2024-07-09 14:10:00,AWS_Chennai_001,36.31,1003.3,78.48,0,normal,False,36.31,1003.3,78.48
2024-07-09 14:20:00,AWS_Chennai_001,36.76,1003.48,79.72,0,normal,False,36.76,1003.48,79.72
2024-07-09 14:30:00,AWS_Chennai_001,37.03,1003.31,77.62,0,normal,False,37.03,1003.31,77.62
2024-07-09 14:40:00,AWS_Chennai_001,37.3,1003.22,76.58,0,normal,False,37.3,1003.22,76.58
2024-07-09 14:50:00,AWS_Chennai_001,37.35,1003.18,76.61,0,normal,False,37.35,1003.18,76.61
2024-07-09 15:00:00,AWS_Chennai_001,37.24,1003.19,74.49,0,normal,False,37.24,1003.19,74.49
2024-07-09 15:10:00,AWS_Chennai_001,36.88,1003.28,73.89,0,normal,False,36.88,1003.28,73.89
2024-07-09 15:20:00,AWS_Chennai_001,36.59,1003.21,70.52,0,normal,False,36.59,1003.21,70.52
2024-07-09 15:30:00,AWS_Chennai_001,36.44,1003.09,72.02,0,normal,False,36.44,1003.09,72.02
2024-07-09 15:40:00,AWS_Chennai_001,36.35,1002.95,73.27,0,normal,False,36.35,1002.95,73.27
2024-07-09 15:50:00,AWS_Chennai_001,36.04,1002.84,71.56,0,normal,False,36.04,1002.84,71.56
2024-07-09 16:00:00,AWS_Chennai_001,35.92,1002.78,71.48,0,normal,False,35.92,1002.78,71.48
2024-07-09 16:10:00,AWS_Chennai_001,35.21,1002.9,71.76,0,normal,False,35.21,1002.9,71.76
2024-07-09 16:20:00,AWS_Chennai_001,35.1,1002.9,70.38,0,normal,False,35.1,1002.9,70.38
2024-07-09 16:30:00,AWS_Chennai_001,35.11,1002.82,70.83,0,normal,False,35.11,1002.82,70.83
2024-07-09 16:40:00,AWS_Chennai_001,34.32,1002.96,71.71,0,normal,False,34.32,1002.96,71.71
2024-07-09 16:50:00,AWS_Chennai_001,34.1,1002.81,72.31,0,normal,False,34.1,1002.81,72.31
2024-07-09 17:00:00,AWS_Chennai_001,34.03,1002.72,73.8,0,normal,False,34.03,1002.72,73.8
2024-07-09 17:10:00,AWS_Chennai_001,33.45,1002.37,73.34,0,normal,False,33.45,1002.37,73.34
2024-07-09 17:20:00,AWS_Chennai_001,33.12,1002.16,73.97,0,normal,False,33.12,1002.16,73.97
2024-07-09 17:30:00,AWS_Chennai_001,32.84,1001.83,75.78,0,normal,False,32.84,1001.83,75.78
2024-07-09 17:40:00,AWS_Chennai_001,32.58,1001.63,74.11,0,normal,False,32.58,1001.63,74.11
2024-07-09 17:50:00,AWS_Chennai_001,33.08,1001.54,71.61,0,normal,False,33.08,1001.54,71.61
2024-07-09 18:00:00,AWS_Chennai_001,32.24,1001.51,71.57,0,normal,False,32.24,1001.51,71.57
2024-07-09 18:10:00,AWS_Chennai_001,31.8,1001.46,72.59,0,normal,False,31.8,1001.46,72.59
2024-07-09 18:20:00,AWS_Chennai_001,31.45,1001.4,76.03,0,normal,False,31.45,1001.4,76.03
2024-07-09 18:30:00,AWS_Chennai_001,31.02,1001.53,77.19,0,normal,False,31.02,1001.53,77.19
2024-07-09 18:40:00,AWS_Chennai_001,31.01,1001.57,79.69,0,normal,False,31.01,1001.57,79.69
2024-07-09 18:50:00,AWS_Chennai_001,31.47,1001.51,81.02,0,normal,False,31.47,1001.51,81.02
2024-07-09 19:00:00,AWS_Chennai_001,31.71,1001.5,77.65,0,normal,False,31.71,1001.5,77.65
2024-07-09 19:10:00,AWS_Chennai_001,31.24,1001.39,78.62,0,normal,False,31.24,1001.39,78.62
2024-07-09 19:20:00,AWS_Chennai_001,30.74,1001.7,82.61,0,normal,False,30.74,1001.7,82.61
2024-07-09 19:30:00,AWS_Chennai_001,29.96,1001.5,84.72,0,normal,False,29.96,1001.5,84.72
2024-07-09 19:40:00,AWS_Chennai_001,29.47,1001.39,83.95,0,normal,False,29.47,1001.39,83.95
2024-07-09 19:50:00,AWS_Chennai_001,29.67,1001.33,86.29,0,normal,False,29.67,1001.33,86.29
2024-07-09 20:00:00,AWS_Chennai_001,29.26,1001.42,86.23,0,normal,False,29.26,1001.42,86.23
2024-07-09 20:10:00,AWS_Chennai_001,29.11,1001.32,86.18,0,normal,False,29.11,1001.32,86.18
2024-07-09 20:20:00,AWS_Chennai_001,28.87,1001.33,87.69,0,normal,False,28.87,1001.33,87.69
2024-07-09 20:30:00,AWS_Chennai_001,28.39,1001.1,89.85,0,normal,False,28.39,1001.1,89.85
2024-07-09 20:40:00,AWS_Chennai_001,28.84,1001.22,91.97,0,normal,False,28.84,1001.22,91.97
2024-07-09 20:50:00,AWS_Chennai_001,28.53,1001.29,92.67,0,normal,False,28.53,1001.29,92.67
2024-07-09 21:00:00,AWS_Chennai_001,28.41,1001.16,90.26,0,normal,False,28.41,1001.16,90.26
2024-07-09 21:10:00,AWS_Chennai_001,28.61,1001.28,89.41,0,normal,False,28.61,1001.28,89.41
2024-07-09 21:20:00,AWS_Chennai_001,28.54,1001.21,90.98,0,normal,False,28.54,1001.21,90.98
2024-07-09 21:30:00,AWS_Chennai_001,28.52,1001.44,91.28,0,normal,False,28.52,1001.44,91.28
2024-07-09 21:40:00,AWS_Chennai_001,28.32,1001.44,95.57,0,normal,False,28.32,1001.44,95.57
2024-07-09 21:50:00,AWS_Chennai_001,28.36,1001.45,96.8,0,normal,False,28.36,1001.45,96.8
2024-07-09 22:00:00,AWS_Chennai_001,28.12,1001.53,98.13,0,normal,False,28.12,1001.53,98.13
2024-07-09 22:10:00,AWS_Chennai_001,27.19,1001.36,96.01,0,normal,False,27.19,1001.36,96.01
2024-07-09 22:20:00,AWS_Chennai_001,26.98,1001.34,96.54,0,normal,False,26.98,1001.34,96.54
2024-07-09 22:30:00,AWS_Chennai_001,27.08,1001.59,95.89,0,normal,False,27.08,1001.59,95.89
2024-07-09 22:40:00,AWS_Chennai_001,26.86,1001.54,94.41,0,normal,False,26.86,1001.54,94.41
2024-07-09 22:50:00,AWS_Chennai_001,26.83,1001.38,96.07,0,normal,False,26.83,1001.38,96.07
2024-07-09 23:00:00,AWS_Chennai_001,26.82,1001.57,98.35,0,normal,False,26.82,1001.57,98.35
2024-07-09 23:10:00,AWS_Chennai_001,26.05,1001.61,97.18,0,normal,False,26.05,1001.61,97.18
2024-07-09 23:20:00,AWS_Chennai_001,26.13,1001.79,97.62,0,normal,False,26.13,1001.79,97.62
2024-07-09 23:30:00,AWS_Chennai_001,26.12,1001.82,98.78,0,normal,False,26.12,1001.82,98.78
2024-07-09 23:40:00,AWS_Chennai_001,26.07,1002.12,97.73,0,normal,False,26.07,1002.12,97.73
2024-07-09 23:50:00,AWS_Chennai_001,26.56,1001.97,97.91,0,normal,False,26.56,1001.97,97.91
2024-07-10 00:00:00,AWS_Chennai_001,26.51,1001.93,95.63,0,normal,False,26.51,1001.93,95.63
2024-07-10 00:10:00,AWS_Chennai_001,26.71,1002.0,96.93,0,normal,False,26.71,1002.0,96.93
2024-07-10 00:20:00,AWS_Chennai_001,27.16,1002.17,98.18,0,normal,False,27.16,1002.17,98.18
2024-07-10 00:30:00,AWS_Chennai_001,26.94,1002.44,100.0,0,normal,False,26.94,1002.44,100.0
2024-07-10 00:40:00,AWS_Chennai_001,27.02,1002.45,99.73,0,normal,False,27.02,1002.45,99.73
2024-07-10 00:50:00,AWS_Chennai_001,26.96,1002.56,99.39,0,normal,False,26.96,1002.56,99.39
2024-07-10 01:00:00,AWS_Chennai_001,26.78,1002.58,99.08,0,normal,False,26.78,1002.58,99.08
2024-07-10 01:10:00,AWS_Chennai_001,27.06,1002.49,95.87,0,normal,False,27.06,1002.49,95.87
2024-07-10 01:20:00,AWS_Chennai_001,26.5,1002.58,96.15,0,normal,False,26.5,1002.58,96.15
2024-07-10 01:30:00,AWS_Chennai_001,26.78,1002.99,95.75,0,normal,False,26.78,1002.99,95.75
2024-07-10 01:40:00,AWS_Chennai_001,27.01,1002.93,97.27,0,normal,False,27.01,1002.93,97.27
2024-07-10 01:50:00,AWS_Chennai_001,26.99,1002.78,97.55,0,normal,False,26.99,1002.78,97.55
2024-07-10 02:00:00,AWS_Chennai_001,27.05,1002.87,96.92,0,normal,False,27.05,1002.87,96.92
2024-07-10 02:10:00,AWS_Chennai_001,27.39,1003.06,97.76,0,normal,False,27.39,1003.06,97.76
2024-07-10 02:20:00,AWS_Chennai_001,27.07,1003.01,98.77,0,normal,False,27.07,1003.01,98.77
2024-07-10 02:30:00,AWS_Chennai_001,27.48,1003.18,98.21,0,normal,False,27.48,1003.18,98.21
2024-07-10 02:40:00,AWS_Chennai_001,27.4,1003.38,96.02,0,normal,False,27.4,1003.38,96.02
2024-07-10 02:50:00,AWS_Chennai_001,26.86,1003.53,96.08,0,normal,False,26.86,1003.53,96.08
2024-07-10 03:00:00,AWS_Chennai_001,26.49,1003.46,95.42,0,normal,False,26.49,1003.46,95.42
2024-07-10 03:10:00,AWS_Chennai_001,26.57,1003.41,95.96,0,normal,False,26.57,1003.41,95.96
2024-07-10 03:20:00,AWS_Chennai_001,26.97,1003.41,95.67,0,normal,False,26.97,1003.41,95.67
2024-07-10 03:30:00,AWS_Chennai_001,26.72,1003.31,95.38,0,normal,False,26.72,1003.31,95.38
2024-07-10 03:40:00,AWS_Chennai_001,26.94,1003.4,93.05,0,normal,False,26.94,1003.4,93.05
2024-07-10 03:50:00,AWS_Chennai_001,27.41,1003.28,92.24,0,normal,False,27.41,1003.28,92.24
2024-07-10 04:00:00,AWS_Chennai_001,27.24,1003.53,93.24,0,normal,False,27.24,1003.53,93.24
2024-07-10 04:10:00,AWS_Chennai_001,27.2,1003.36,93.51,0,normal,False,27.2,1003.36,93.51
2024-07-10 04:20:00,AWS_Chennai_001,27.77,1003.43,92.82,0,normal,False,27.77,1003.43,92.82
2024-07-10 04:30:00,AWS_Chennai_001,27.53,1003.45,94.27,0,normal,False,27.53,1003.45,94.27
2024-07-10 04:40:00,AWS_Chennai_001,27.06,1003.43,95.3,0,normal,False,27.06,1003.43,95.3
2024-07-10 04:50:00,AWS_Chennai_001,27.33,1003.18,98.64,0,normal,False,27.33,1003.18,98.64
2024-07-10 05:00:00,AWS_Chennai_001,27.3,1003.02,97.36,0,normal,False,27.3,1003.02,97.36
2024-07-10 05:10:00,AWS_Chennai_001,27.56,1002.79,99.5,0,normal,False,27.56,1002.79,99.5
2024-07-10 05:20:00,AWS_Chennai_001,27.49,1002.73,97.24,0,normal,False,27.49,1002.73,97.24
2024-07-10 05:30:00,AWS_Chennai_001,27.41,1002.36,96.74,0,normal,False,27.41,1002.36,96.74
2024-07-10 05:40:00,AWS_Chennai_001,27.46,1002.04,96.02,0,normal,False,27.46,1002.04,96.02
2024-07-10 05:50:00,AWS_Chennai_001,27.69,1002.2,94.26,0,normal,False,27.69,1002.2,94.26
2024-07-10 06:00:00,AWS_Chennai_001,27.31,1002.11,96.51,0,normal,False,27.31,1002.11,96.51
2024-07-10 06:10:00,AWS_Chennai_001,27.4,1001.97,97.58,0,normal,False,27.4,1001.97,97.58
2024-07-10 06:20:00,AWS_Chennai_001,27.47,1001.85,95.95,0,normal,False,27.47,1001.85,95.95
2024-07-10 06:30:00,AWS_Chennai_001,27.69,1001.79,95.67,0,normal,False,27.69,1001.79,95.67
2024-07-10 06:40:00,AWS_Chennai_001,27.89,1001.5,96.13,0,normal,False,27.89,1001.5,96.13
2024-07-10 06:50:00,AWS_Chennai_001,27.63,1001.42,97.47,0,normal,False,27.63,1001.42,97.47
2024-07-10 07:00:00,AWS_Chennai_001,28.08,1001.6,96.03,0,normal,False,28.08,1001.6,96.03
2024-07-10 07:10:00,AWS_Chennai_001,28.16,1001.72,95.6,0,normal,False,28.16,1001.72,95.6
2024-07-10 07:20:00,AWS_Chennai_001,29.02,1001.52,96.07,0,normal,False,29.02,1001.52,96.07
2024-07-10 07:30:00,AWS_Chennai_001,29.41,1001.65,96.35,0,normal,False,29.41,1001.65,96.35
2024-07-10 07:40:00,AWS_Chennai_001,29.8,960.46,97.17,1,spike_pressure,True,29.56,1001.6866666666666,97.24333333333333
2024-07-10 07:50:00,AWS_Chennai_001,29.82,1001.7,99.29,0,normal,True,29.71,1001.7233333333334,98.13666666666667
2024-07-10 08:00:00,AWS_Chennai_001,29.86,1001.76,99.03,0,normal,False,29.86,1001.76,99.03
2024-07-10 08:10:00,AWS_Chennai_001,29.82,1001.72,99.49,0,normal,False,29.82,1001.72,99.49
2024-07-10 08:20:00,AWS_Chennai_001,30.29,1001.54,98.99,0,normal,False,30.29,1001.54,98.99
2024-07-10 08:30:00,AWS_Chennai_001,30.66,1001.64,98.17,0,normal,False,30.66,1001.64,98.17
2024-07-10 08:40:00,AWS_Chennai_001,30.69,1001.76,95.7,0,normal,False,30.69,1001.76,95.7
2024-07-10 08:50:00,AWS_Chennai_001,30.7,1001.82,95.46,0,normal,False,30.7,1001.82,95.46
2024-07-10 09:00:00,AWS_Chennai_001,31.0,1001.68,96.03,0,normal,False,31.0,1001.68,96.03
2024-07-10 09:10:00,AWS_Chennai_001,31.42,1001.95,96.25,0,normal,False,31.42,1001.95,96.25
2024-07-10 09:20:00,AWS_Chennai_001,31.23,1001.93,95.27,0,normal,False,31.23,1001.93,95.27
2024-07-10 09:30:00,AWS_Chennai_001,31.42,1001.87,94.72,0,normal,False,31.42,1001.87,94.72
2024-07-10 09:40:00,AWS_Chennai_001,31.42,1001.6,94.56,0,normal,False,31.42,1001.6,94.56
2024-07-10 09:50:00,AWS_Chennai_001,31.98,1001.65,94.24,0,normal,False,31.98,1001.65,94.24
2024-07-10 10:00:00,AWS_Chennai_001,31.99,1001.79,90.5,0,normal,False,31.99,1001.79,90.5
2024-07-10 10:10:00,AWS_Chennai_001,32.83,1001.72,90.96,0,normal,False,32.83,1001.72,90.96
2024-07-10 10:20:00,AWS_Chennai_001,32.89,1001.75,89.81,0,normal,False,32.89,1001.75,89.81
2024-07-10 10:30:00,AWS_Chennai_001,32.48,1001.86,87.64,0,normal,False,32.48,1001.86,87.64
2024-07-10 10:40:00,AWS_Chennai_001,32.35,1001.79,86.74,0,normal,False,32.35,1001.79,86.74
2024-07-10 10:50:00,AWS_Chennai_001,32.67,1001.73,90.35,0,normal,False,32.67,1001.73,90.35
2024-07-10 11:00:00,AWS_Chennai_001,32.43,1001.73,90.46,0,normal,False,32.43,1001.73,90.46
2024-07-10 11:10:00,AWS_Chennai_001,32.98,1001.87,91.11,0,normal,False,32.98,1001.87,91.11
2024-07-10 11:20:00,AWS_Chennai_001,32.98,1002.01,92.4,0,normal,False,32.98,1002.01,92.4
2024-07-10 11:30:00,AWS_Chennai_001,33.32,1002.4,91.59,0,normal,False,33.32,1002.4,91.59
2024-07-10 11:40:00,AWS_Chennai_001,33.41,1002.16,90.25,0,normal,False,33.41,1002.16,90.25
2024-07-10 11:50:00,AWS_Chennai_001,33.74,1002.33,91.74,0,normal,False,33.74,1002.33,91.74
2024-07-10 12:00:00,AWS_Chennai_001,33.96,1002.29,89.09,0,normal,False,33.96,1002.29,89.09
2024-07-10 12:10:00,AWS_Chennai_001,34.04,1002.19,88.25,0,normal,False,34.04,1002.19,88.25
2024-07-10 12:20:00,AWS_Chennai_001,33.76,1002.19,86.81,0,normal,False,33.76,1002.19,86.81
2024-07-10 12:30:00,AWS_Chennai_001,34.21,1002.07,83.86,0,normal,False,34.21,1002.07,83.86
2024-07-10 12:40:00,AWS_Chennai_001,34.58,1002.36,84.74,0,normal,False,34.58,1002.36,84.74
2024-07-10 12:50:00,AWS_Chennai_001,34.64,1002.27,84.11,0,normal,False,34.64,1002.27,84.11
2024-07-10 13:00:00,AWS_Chennai_001,34.59,1002.16,83.89,0,normal,False,34.59,1002.16,83.89
2024-07-10 13:10:00,AWS_Chennai_001,35.04,1002.35,84.19,0,normal,False,35.04,1002.35,84.19
2024-07-10 13:20:00,AWS_Chennai_001,35.07,1002.26,85.58,0,normal,False,35.07,1002.26,85.58
2024-07-10 13:30:00,AWS_Chennai_001,34.68,1002.0,85.18,0,normal,False,34.68,1002.0,85.18
2024-07-10 13:40:00,AWS_Chennai_001,34.61,1002.02,85.97,0,normal,False,34.61,1002.02,85.97
2024-07-10 13:50:00,AWS_Chennai_001,34.84,1002.2,87.28,0,normal,False,34.84,1002.2,87.28
2024-07-10 14:00:00,AWS_Chennai_001,34.45,1002.51,85.68,0,normal,False,34.45,1002.51,85.68
2024-07-10 14:10:00,AWS_Chennai_001,34.56,1002.84,87.89,0,normal,False,34.56,1002.84,87.89
2024-07-10 14:20:00,AWS_Chennai_001,34.98,1002.85,85.35,0,normal,False,34.98,1002.85,85.35
2024-07-10 14:30:00,AWS_Chennai_001,34.65,1002.83,84.1,0,normal,False,34.65,1002.83,84.1
2024-07-10 14:40:00,AWS_Chennai_001,34.43,1002.82,82.98,0,normal,False,34.43,1002.82,82.98
2024-07-10 14:50:00,AWS_Chennai_001,34.29,1002.86,81.4,0,normal,False,34.29,1002.86,81.4
2024-07-10 15:00:00,AWS_Chennai_001,34.44,1002.99,80.79,0,normal,False,34.44,1002.99,80.79
2024-07-10 15:10:00,AWS_Chennai_001,34.37,1003.21,82.1,0,normal,False,34.37,1003.21,82.1
2024-07-10 15:20:00,AWS_Chennai_001,34.79,1003.3,83.69,0,normal,False,34.79,1003.3,83.69
2024-07-10 15:30:00,AWS_Chennai_001,34.53,1003.27,82.51,0,normal,False,34.53,1003.27,82.51
2024-07-10 15:40:00,AWS_Chennai_001,34.48,1003.32,82.89,0,normal,False,34.48,1003.32,82.89
2024-07-10 15:50:00,AWS_Chennai_001,33.95,1003.18,81.13,0,normal,False,33.95,1003.18,81.13
2024-07-10 16:00:00,AWS_Chennai_001,33.9,1003.06,81.75,0,normal,False,33.9,1003.06,81.75
2024-07-10 16:10:00,AWS_Chennai_001,33.14,1003.02,80.4,0,normal,False,33.14,1003.02,80.4
2024-07-10 16:20:00,AWS_Chennai_001,33.25,1003.09,81.48,0,normal,False,33.25,1003.09,81.48
2024-07-10 16:30:00,AWS_Chennai_001,33.42,1003.15,80.9,0,normal,False,33.42,1003.15,80.9
2024-07-10 16:40:00,AWS_Chennai_001,32.87,1003.2,81.61,0,normal,False,32.87,1003.2,81.61
2024-07-10 16:50:00,AWS_Chennai_001,32.1,1002.89,79.86,0,normal,False,32.1,1002.89,79.86
2024-07-10 17:00:00,AWS_Chennai_001,31.92,1002.59,81.25,0,normal,False,31.92,1002.59,81.25
2024-07-10 17:10:00,AWS_Chennai_001,31.62,1002.76,82.23,0,normal,False,31.62,1002.76,82.23
2024-07-10 17:20:00,AWS_Chennai_001,31.45,1002.75,81.12,0,normal,False,31.45,1002.75,81.12
2024-07-10 17:30:00,AWS_Chennai_001,31.76,1002.83,81.83,0,normal,False,31.76,1002.83,81.83
2024-07-10 17:40:00,AWS_Chennai_001,32.2,1002.53,83.35,0,normal,False,32.2,1002.53,83.35
2024-07-10 17:50:00,AWS_Chennai_001,32.41,1002.54,83.35,0,normal,False,32.41,1002.54,83.35
2024-07-10 18:00:00,AWS_Chennai_001,31.42,1002.61,83.2,0,normal,False,31.42,1002.61,83.2
2024-07-10 18:10:00,AWS_Chennai_001,31.08,1002.66,85.17,0,normal,False,31.08,1002.66,85.17
2024-07-10 18:20:00,AWS_Chennai_001,30.42,1002.42,84.5,0,normal,False,30.42,1002.42,84.5
2024-07-10 18:30:00,AWS_Chennai_001,30.36,1002.49,85.68,0,normal,False,30.36,1002.49,85.68
2024-07-10 18:40:00,AWS_Chennai_001,29.96,1002.38,88.12,0,normal,False,29.96,1002.38,88.12
2024-07-10 18:50:00,AWS_Chennai_001,29.37,1002.42,88.21,0,normal,False,29.37,1002.42,88.21
2024-07-10 19:00:00,AWS_Chennai_001,29.3,1002.32,89.99,0,normal,False,29.3,1002.32,89.99
2024-07-10 19:10:00,AWS_Chennai_001,29.25,1002.24,93.54,0,normal,False,29.25,1002.24,93.54
2024-07-10 19:20:00,AWS_Chennai_001,29.41,1002.2,94.68,0,normal,False,29.41,1002.2,94.68
2024-07-10 19:30:00,AWS_Chennai_001,29.22,1002.01,92.01,0,normal,False,29.22,1002.01,92.01
2024-07-10 19:40:00,AWS_Chennai_001,29.63,1001.87,92.94,0,normal,False,29.63,1001.87,92.94
2024-07-10 19:50:00,AWS_Chennai_001,29.78,1001.73,92.53,0,normal,False,29.78,1001.73,92.53
2024-07-10 20:00:00,AWS_Chennai_001,29.7,1001.76,92.6,0,normal,False,29.7,1001.76,92.6
2024-07-10 20:10:00,AWS_Chennai_001,29.15,1001.9,93.77,0,normal,False,29.15,1001.9,93.77
2024-07-10 20:20:00,AWS_Chennai_001,28.99,1001.96,88.86,0,normal,False,28.99,1001.96,88.86
2024-07-10 20:30:00,AWS_Chennai_001,28.81,1001.83,86.13,0,normal,False,28.81,1001.83,86.13
2024-07-10 20:40:00,AWS_Chennai_001,28.79,1001.63,88.6,0,normal,False,28.79,1001.63,88.6
2024-07-10 20:50:00,AWS_Chennai_001,28.55,1001.68,87.95,0,normal,False,28.55,1001.68,87.95
2024-07-10 21:00:00,AWS_Chennai_001,28.62,1001.87,85.84,0,normal,False,28.62,1001.87,85.84
2024-07-10 21:10:00,AWS_Chennai_001,28.63,1001.6,86.03,0,normal,False,28.63,1001.6,86.03
2024-07-10 21:20:00,AWS_Chennai_001,28.52,1001.42,85.88,0,normal,False,28.52,1001.42,85.88
2024-07-10 21:30:00,AWS_Chennai_001,28.8,1001.54,87.79,0,normal,False,28.8,1001.54,87.79
2024-07-10 21:40:00,AWS_Chennai_001,29.1,1001.48,89.55,0,normal,False,29.1,1001.48,89.55
2024-07-10 21:50:00,AWS_Chennai_001,28.71,1001.66,88.03,0,normal,False,28.71,1001.66,88.03
2024-07-10 22:00:00,AWS_Chennai_001,28.28,1001.93,89.19,0,normal,False,28.28,1001.93,89.19
2024-07-10 22:10:00,AWS_Chennai_001,28.21,1001.91,88.81,0,normal,False,28.21,1001.91,88.81
2024-07-10 22:20:00,AWS_Chennai_001,28.03,1001.9,90.04,0,normal,False,28.03,1001.9,90.04
2024-07-10 22:30:00,AWS_Chennai_001,28.39,1001.78,90.46,0,normal,False,28.39,1001.78,90.46
2024-07-10 22:40:00,AWS_Chennai_001,28.46,1001.75,91.82,0,normal,False,28.46,1001.75,91.82
2024-07-10 22:50:00,AWS_Chennai_001,27.87,1002.11,92.39,0,normal,False,27.87,1002.11,92.39
2024-07-10 23:00:00,AWS_Chennai_001,27.72,1002.03,92.02,0,normal,False,27.72,1002.03,92.02
2024-07-10 23:10:00,AWS_Chennai_001,27.8,1002.43,90.12,0,normal,False,27.8,1002.43,90.12
2024-07-10 23:20:00,AWS_Chennai_001,27.63,1002.28,88.45,0,normal,False,27.63,1002.28,88.45
2024-07-10 23:30:00,AWS_Chennai_001,27.53,1002.22,89.18,0,normal,False,27.53,1002.22,89.18
2024-07-10 23:40:00,AWS_Chennai_001,27.61,1002.06,88.57,0,normal,False,27.61,1002.06,88.57
2024-07-10 23:50:00,AWS_Chennai_001,27.4,1001.77,88.41,0,normal,False,27.4,1001.77,88.41
2024-07-11 00:00:00,AWS_Chennai_001,26.9,1001.81,88.57,0,normal,False,26.9,1001.81,88.57
2024-07-11 00:10:00,AWS_Chennai_001,26.24,1001.72,89.38,0,normal,False,26.24,1001.72,89.38
2024-07-11 00:20:00,AWS_Chennai_001,26.44,1002.09,90.09,0,normal,False,26.44,1002.09,90.09
2024-07-11 00:30:00,AWS_Chennai_001,26.17,1002.01,88.32,0,normal,False,26.17,1002.01,88.32
2024-07-11 00:40:00,AWS_Chennai_001,26.42,1001.87,87.39,0,normal,False,26.42,1001.87,87.39
2024-07-11 00:50:00,AWS_Chennai_001,26.31,1002.13,88.59,0,normal,False,26.31,1002.13,88.59
2024-07-11 01:00:00,AWS_Chennai_001,26.21,1002.29,91.69,0,normal,False,26.21,1002.29,91.69
2024-07-11 01:10:00,AWS_Chennai_001,26.05,1002.53,92.68,0,normal,False,26.05,1002.53,92.68
2024-07-11 01:20:00,AWS_Chennai_001,26.37,1002.6,91.66,0,normal,False,26.37,1002.6,91.66
2024-07-11 01:30:00,AWS_Chennai_001,25.99,1002.61,90.21,0,normal,False,25.99,1002.61,90.21
2024-07-11 01:40:00,AWS_Chennai_001,25.51,1003.01,88.96,0,normal,False,25.51,1003.01,88.96
2024-07-11 01:50:00,AWS_Chennai_001,25.34,1003.05,91.86,0,normal,False,25.34,1003.05,91.86
2024-07-11 02:00:00,AWS_Chennai_001,25.52,1003.27,92.18,0,normal,False,25.52,1003.27,92.18
2024-07-11 02:10:00,AWS_Chennai_001,25.5,1003.31,94.06,0,normal,False,25.5,1003.31,94.06
2024-07-11 02:20:00,AWS_Chennai_001,25.21,1003.22,95.41,0,normal,False,25.21,1003.22,95.41
2024-07-11 02:30:00,AWS_Chennai_001,25.62,1003.0,94.56,0,normal,False,25.62,1003.0,94.56
2024-07-11 02:40:00,AWS_Chennai_001,25.74,1003.11,96.27,0,normal,False,25.74,1003.11,96.27
2024-07-11 02:50:00,AWS_Chennai_001,26.14,1003.06,97.77,0,normal,False,26.14,1003.06,97.77
2024-07-11 03:00:00,AWS_Chennai_001,25.82,1003.2,97.27,0,normal,False,25.82,1003.2,97.27
2024-07-11 03:10:00,AWS_Chennai_001,25.91,1003.3,98.38,0,normal,False,25.91,1003.3,98.38
2024-07-11 03:20:00,AWS_Chennai_001,25.98,1003.32,96.23,0,normal,False,25.98,1003.32,96.23
2024-07-11 03:30:00,AWS_Chennai_001,26.07,1003.19,95.33,0,normal,False,26.07,1003.19,95.33
2024-07-11 03:40:00,AWS_Chennai_001,26.14,1003.41,96.7,0,normal,False,26.14,1003.41,96.7
2024-07-11 03:50:00,AWS_Chennai_001,26.06,1003.35,95.44,0,normal,False,26.06,1003.35,95.44
2024-07-11 04:00:00,AWS_Chennai_001,26.02,1002.93,95.14,0,normal,False,26.02,1002.93,95.14
2024-07-11 04:10:00,AWS_Chennai_001,25.78,1002.86,92.76,0,normal,False,25.78,1002.86,92.76
2024-07-11 04:20:00,AWS_Chennai_001,25.61,1003.04,93.06,0,normal,False,25.61,1003.04,93.06
2024-07-11 04:30:00,AWS_Chennai_001,25.25,1002.92,93.25,0,normal,False,25.25,1002.92,93.25
2024-07-11 04:40:00,AWS_Chennai_001,24.55,1003.23,93.63,0,normal,False,24.55,1003.23,93.63
2024-07-11 04:50:00,AWS_Chennai_001,24.65,1003.29,94.44,0,normal,False,24.65,1003.29,94.44
2024-07-11 05:00:00,AWS_Chennai_001,25.3,1003.44,92.9,0,normal,False,25.3,1003.44,92.9
2024-07-11 05:10:00,AWS_Chennai_001,24.9,1003.08,95.95,0,normal,False,24.9,1003.08,95.95
2024-07-11 05:20:00,AWS_Chennai_001,24.78,1003.21,93.96,0,normal,False,24.78,1003.21,93.96
2024-07-11 05:30:00,AWS_Chennai_001,25.38,1003.3,94.01,0,normal,False,25.38,1003.3,94.01
2024-07-11 05:40:00,AWS_Chennai_001,25.37,1003.37,92.88,0,normal,False,25.37,1003.37,92.88
2024-07-11 05:50:00,AWS_Chennai_001,26.02,1003.18,94.72,0,normal,False,26.02,1003.18,94.72
2024-07-11 06:00:00,AWS_Chennai_001,26.07,1002.95,95.31,0,normal,False,26.07,1002.95,95.31
2024-07-11 06:10:00,AWS_Chennai_001,26.32,1002.93,99.0,0,normal,False,26.32,1002.93,99.0
2024-07-11 06:20:00,AWS_Chennai_001,26.28,1002.77,98.52,0,normal,False,26.28,1002.77,98.52
2024-07-11 06:30:00,AWS_Chennai_001,26.21,1002.41,96.49,0,normal,False,26.21,1002.41,96.49
2024-07-11 06:40:00,AWS_Chennai_001,26.67,1002.22,94.88,0,normal,False,26.67,1002.22,94.88
2024-07-11 06:50:00,AWS_Chennai_001,27.04,1001.99,95.79,0,normal,False,27.04,1001.99,95.79
2024-07-11 07:00:00,AWS_Chennai_001,27.92,1001.96,95.82,0,normal,False,27.92,1001.96,95.82
2024-07-11 07:10:00,AWS_Chennai_001,27.96,1001.93,95.9,0,normal,False,27.96,1001.93,95.9
2024-07-11 07:20:00,AWS_Chennai_001,27.83,1001.72,94.04,0,normal,False,27.83,1001.72,94.04
2024-07-11 07:30:00,AWS_Chennai_001,28.15,1001.58,93.78,0,normal,False,28.15,1001.58,93.78
2024-07-11 07:40:00,AWS_Chennai_001,28.25,1001.69,92.97,0,normal,False,28.25,1001.69,92.97
2024-07-11 07:50:00,AWS_Chennai_001,28.18,1001.87,95.58,0,normal,False,28.18,1001.87,95.58
2024-07-11 08:00:00,AWS_Chennai_001,28.74,1001.88,94.81,0,normal,False,28.74,1001.88,94.81
2024-07-11 08:10:00,AWS_Chennai_001,29.17,1001.66,92.38,0,normal,False,29.17,1001.66,92.38
2024-07-11 08:20:00,AWS_Chennai_001,29.62,1001.44,94.54,0,normal,False,29.62,1001.44,94.54
2024-07-11 08:30:00,AWS_Chennai_001,29.63,1001.48,92.0,0,normal,False,29.63,1001.48,92.0
2024-07-11 08:40:00,AWS_Chennai_001,29.88,1001.51,90.81,0,normal,False,29.88,1001.51,90.81
2024-07-11 08:50:00,AWS_Chennai_001,29.93,1001.43,92.27,0,normal,False,29.93,1001.43,92.27
2024-07-11 09:00:00,AWS_Chennai_001,30.53,1001.58,93.18,0,normal,False,30.53,1001.58,93.18
2024-07-11 09:10:00,AWS_Chennai_001,31.26,1001.69,89.07,0,normal,False,31.26,1001.69,89.07
2024-07-11 09:20:00,AWS_Chennai_001,31.68,1001.73,88.25,0,normal,False,31.68,1001.73,88.25
2024-07-11 09:30:00,AWS_Chennai_001,31.45,1001.61,87.3,0,normal,False,31.45,1001.61,87.3
2024-07-11 09:40:00,AWS_Chennai_001,31.94,1001.7,85.17,0,normal,False,31.94,1001.7,85.17
2024-07-11 09:50:00,AWS_Chennai_001,32.32,1001.39,84.24,0,normal,False,32.32,1001.39,84.24
2024-07-11 10:00:00,AWS_Chennai_001,32.54,1001.53,83.55,0,normal,False,32.54,1001.53,83.55
2024-07-11 10:10:00,AWS_Chennai_001,32.92,1001.6,84.02,0,normal,False,32.92,1001.6,84.02
2024-07-11 10:20:00,AWS_Chennai_001,33.3,1001.58,85.06,0,normal,False,33.3,1001.58,85.06
2024-07-11 10:30:00,AWS_Chennai_001,33.94,1001.57,81.33,0,normal,False,33.94,1001.57,81.33
2024-07-11 10:40:00,AWS_Chennai_001,34.28,1001.6,81.91,0,normal,False,34.28,1001.6,81.91
2024-07-11 10:50:00,AWS_Chennai_001,34.16,1001.55,81.81,0,normal,False,34.16,1001.55,81.81
2024-07-11 11:00:00,AWS_Chennai_001,34.25,1001.6,80.88,0,normal,False,34.25,1001.6,80.88
2024-07-11 11:10:00,AWS_Chennai_001,34.35,1001.76,81.55,0,normal,False,34.35,1001.76,81.55
2024-07-11 11:20:00,AWS_Chennai_001,34.1,1001.84,80.27,0,normal,False,34.1,1001.84,80.27
2024-07-11 11:30:00,AWS_Chennai_001,34.36,1002.07,81.39,0,normal,False,34.36,1002.07,81.39
2024-07-11 11:40:00,AWS_Chennai_001,34.29,1002.11,81.8,0,normal,False,34.29,1002.11,81.8
2024-07-11 11:50:00,AWS_Chennai_001,34.57,1002.02,82.4,0,normal,False,34.57,1002.02,82.4
2024-07-11 12:00:00,AWS_Chennai_001,34.77,1001.94,82.74,0,normal,False,34.77,1001.94,82.74
2024-07-11 12:10:00,AWS_Chennai_001,34.73,1001.87,81.92,0,normal,False,34.73,1001.87,81.92
2024-07-11 12:20:00,AWS_Chennai_001,34.55,1001.84,83.96,0,normal,False,34.55,1001.84,83.96
2024-07-11 12:30:00,AWS_Chennai_001,34.27,1002.03,84.38,0,normal,False,34.27,1002.03,84.38
2024-07-11 12:40:00,AWS_Chennai_001,34.85,1002.39,83.86,0,normal,False,34.85,1002.39,83.86
2024-07-11 12:50:00,AWS_Chennai_001,35.04,1002.44,81.93,0,normal,False,35.04,1002.44,81.93
2024-07-11 13:00:00,AWS_Chennai_001,34.95,1002.91,82.44,0,normal,False,34.95,1002.91,82.44
2024-07-11 13:10:00,AWS_Chennai_001,34.53,1003.04,83.86,0,normal,False,34.53,1003.04,83.86
2024-07-11 13:20:00,AWS_Chennai_001,34.82,1002.84,84.04,0,normal,False,34.82,1002.84,84.04
2024-07-11 13:30:00,AWS_Chennai_001,34.38,1002.84,79.62,0,normal,False,34.38,1002.84,79.62
2024-07-11 13:40:00,AWS_Chennai_001,33.91,1002.92,81.26,0,normal,False,33.91,1002.92,81.26
2024-07-11 13:50:00,AWS_Chennai_001,33.97,1003.05,83.99,0,normal,False,33.97,1003.05,83.99
2024-07-11 14:00:00,AWS_Chennai_001,33.7,1003.16,85.71,0,normal,False,33.7,1003.16,85.71
2024-07-11 14:10:00,AWS_Chennai_001,33.81,1003.23,86.22,0,normal,False,33.81,1003.23,86.22
2024-07-11 14:20:00,AWS_Chennai_001,33.72,1003.42,84.04,0,normal,False,33.72,1003.42,84.04
2024-07-11 14:30:00,AWS_Chennai_001,33.64,1003.43,85.29,0,normal,False,33.64,1003.43,85.29
2024-07-11 14:40:00,AWS_Chennai_001,33.36,1003.57,84.89,0,normal,False,33.36,1003.57,84.89
2024-07-11 14:50:00,AWS_Chennai_001,33.73,1003.88,86.12,0,normal,False,33.73,1003.88,86.12
2024-07-11 15:00:00,AWS_Chennai_001,33.79,1003.87,86.93,0,normal,False,33.79,1003.87,86.93
2024-07-11 15:10:00,AWS_Chennai_001,33.94,1003.69,87.1,0,normal,False,33.94,1003.69,87.1
2024-07-11 15:20:00,AWS_Chennai_001,34.06,1003.5,86.74,0,normal,False,34.06,1003.5,86.74
2024-07-11 15:30:00,AWS_Chennai_001,33.59,1003.07,86.25,0,normal,False,33.59,1003.07,86.25
2024-07-11 15:40:00,AWS_Chennai_001,33.46,1003.28,83.94,0,normal,False,33.46,1003.28,83.94
2024-07-11 15:50:00,AWS_Chennai_001,33.62,1003.28,85.5,0,normal,False,33.62,1003.28,85.5
2024-07-11 16:00:00,AWS_Chennai_001,33.36,1003.31,84.01,0,normal,False,33.36,1003.31,84.01
2024-07-11 16:10:00,AWS_Chennai_001,33.38,1003.27,83.35,0,normal,False,33.38,1003.27,83.35
2024-07-11 16:20:00,AWS_Chennai_001,33.61,1003.22,84.5,0,normal,False,33.61,1003.22,84.5
2024-07-11 16:30:00,AWS_Chennai_001,33.95,1003.36,86.16,0,normal,False,33.95,1003.36,86.16
2024-07-11 16:40:00,AWS_Chennai_001,33.74,1003.34,86.96,0,normal,False,33.74,1003.34,86.96
2024-07-11 16:50:00,AWS_Chennai_001,33.87,1003.36,86.05,0,normal,False,33.87,1003.36,86.05
2024-07-11 17:00:00,AWS_Chennai_001,33.55,1003.23,85.59,0,normal,False,33.55,1003.23,85.59
2024-07-11 17:10:00,AWS_Chennai_001,33.55,1002.86,84.79,0,normal,False,33.55,1002.86,84.79
2024-07-11 17:20:00,AWS_Chennai_001,33.23,1002.97,83.48,0,normal,False,33.23,1002.97,83.48
2024-07-11 17:30:00,AWS_Chennai_001,33.18,1002.9,82.71,0,normal,False,33.18,1002.9,82.71
2024-07-11 17:40:00,AWS_Chennai_001,33.59,1002.93,82.23,0,normal,False,33.59,1002.93,82.23
2024-07-11 17:50:00,AWS_Chennai_001,33.72,1002.85,80.74,0,normal,False,33.72,1002.85,80.74
2024-07-11 18:00:00,AWS_Chennai_001,32.39,1002.84,81.98,0,normal,False,32.39,1002.84,81.98
2024-07-11 18:10:00,AWS_Chennai_001,31.76,1002.51,81.41,0,normal,False,31.76,1002.51,81.41
2024-07-11 18:20:00,AWS_Chennai_001,31.27,1002.49,82.41,0,normal,False,31.27,1002.49,82.41
2024-07-11 18:30:00,AWS_Chennai_001,30.83,1002.14,81.09,0,normal,False,30.83,1002.14,81.09
2024-07-11 18:40:00,AWS_Chennai_001,31.02,1002.0,83.54,0,normal,False,31.02,1002.0,83.54
2024-07-11 18:50:00,AWS_Chennai_001,30.99,1001.69,85.18,0,normal,False,30.99,1001.69,85.18
2024-07-11 19:00:00,AWS_Chennai_001,30.38,1001.49,86.76,0,normal,False,30.38,1001.49,86.76
2024-07-11 19:10:00,AWS_Chennai_001,29.95,1001.21,85.34,0,normal,False,29.95,1001.21,85.34
2024-07-11 19:20:00,AWS_Chennai_001,29.58,1001.27,83.48,0,normal,False,29.58,1001.27,83.48
2024-07-11 19:30:00,AWS_Chennai_001,29.36,1001.48,81.97,0,normal,False,29.36,1001.48,81.97
2024-07-11 19:40:00,AWS_Chennai_001,28.98,1001.36,81.09,0,normal,False,28.98,1001.36,81.09
2024-07-11 19:50:00,AWS_Chennai_001,29.03,1001.3,81.55,0,normal,False,29.03,1001.3,81.55
2024-07-11 20:00:00,AWS_Chennai_001,29.27,1001.31,82.01,0,normal,False,29.27,1001.31,82.01
2024-07-11 20:10:00,AWS_Chennai_001,29.03,1001.16,84.37,0,normal,False,29.03,1001.16,84.37
2024-07-11 20:20:00,AWS_Chennai_001,28.7,1001.14,81.73,0,normal,False,28.7,1001.14,81.73
2024-07-11 20:30:00,AWS_Chennai_001,28.7,1001.33,84.16,0,normal,False,28.7,1001.33,84.16
2024-07-11 20:40:00,AWS_Chennai_001,28.2,1001.39,84.68,0,normal,False,28.2,1001.39,84.68
2024-07-11 20:50:00,AWS_Chennai_001,27.86,1001.43,86.1,0,normal,False,27.86,1001.43,86.1
2024-07-11 21:00:00,AWS_Chennai_001,27.85,1001.5,86.3,0,normal,False,27.85,1001.5,86.3
2024-07-11 21:10:00,AWS_Chennai_001,28.2,1001.36,87.23,0,normal,False,28.2,1001.36,87.23
2024-07-11 21:20:00,AWS_Chennai_001,27.64,1001.34,87.9,0,normal,False,27.64,1001.34,87.9
2024-07-11 21:30:00,AWS_Chennai_001,27.56,1001.44,86.96,0,normal,False,27.56,1001.44,86.96
2024-07-11 21:40:00,AWS_Chennai_001,27.19,1001.24,86.01,0,normal,False,27.19,1001.24,86.01
2024-07-11 21:50:00,AWS_Chennai_001,26.87,1001.11,84.3,0,normal,False,26.87,1001.11,84.3
2024-07-11 22:00:00,AWS_Chennai_001,26.88,1001.11,84.96,0,normal,False,26.88,1001.11,84.96
2024-07-11 22:10:00,AWS_Chennai_001,26.66,1001.48,82.39,0,normal,False,26.66,1001.48,82.39
2024-07-11 22:20:00,AWS_Chennai_001,26.4,1001.28,83.97,0,normal,False,26.4,1001.28,83.97
2024-07-11 22:30:00,AWS_Chennai_001,26.14,1001.35,82.56,0,normal,False,26.14,1001.35,82.56
2024-07-11 22:40:00,AWS_Chennai_001,26.09,1001.36,82.26,0,normal,False,26.09,1001.36,82.26
2024-07-11 22:50:00,AWS_Chennai_001,26.95,1001.44,79.98,0,normal,False,26.95,1001.44,79.98
2024-07-11 23:00:00,AWS_Chennai_001,27.5,1001.48,78.93,0,normal,False,27.5,1001.48,78.93
2024-07-11 23:10:00,AWS_Chennai_001,27.16,1001.68,81.25,0,normal,False,27.16,1001.68,81.25
2024-07-11 23:20:00,AWS_Chennai_001,27.2,1001.63,82.87,0,normal,False,27.2,1001.63,82.87
2024-07-11 23:30:00,AWS_Chennai_001,27.17,1001.71,83.5,0,normal,False,27.17,1001.71,83.5
2024-07-11 23:40:00,AWS_Chennai_001,26.99,1001.78,83.18,0,normal,False,26.99,1001.78,83.18
2024-07-11 23:50:00,AWS_Chennai_001,27.08,1001.87,86.58,0,normal,False,27.08,1001.87,86.58
2024-07-12 00:00:00,AWS_Chennai_001,26.62,1002.13,85.55,0,normal,False,26.62,1002.13,85.55
2024-07-12 00:10:00,AWS_Chennai_001,26.37,1002.17,88.27,0,normal,False,26.37,1002.17,88.27
2024-07-12 00:20:00,AWS_Chennai_001,26.04,1002.38,89.99,0,normal,False,26.04,1002.38,89.99
2024-07-12 00:30:00,AWS_Chennai_001,26.35,1002.34,91.39,0,normal,False,26.35,1002.34,91.39
2024-07-12 00:40:00,AWS_Chennai_001,26.29,1002.46,90.84,0,normal,False,26.29,1002.46,90.84
2024-07-12 00:50:00,AWS_Chennai_001,25.65,1002.53,92.14,0,normal,False,25.65,1002.53,92.14
2024-07-12 01:00:00,AWS_Chennai_001,25.89,1002.63,91.65,0,normal,False,25.89,1002.63,91.65
2024-07-12 01:10:00,AWS_Chennai_001,25.62,1002.8,93.08,0,normal,False,25.62,1002.8,93.08
2024-07-12 01:20:00,AWS_Chennai_001,25.58,1002.87,93.36,0,normal,False,25.58,1002.87,93.36
2024-07-12 01:30:00,AWS_Chennai_001,25.4,1003.04,95.54,0,normal,False,25.4,1003.04,95.54
2024-07-12 01:40:00,AWS_Chennai_001,24.88,1003.14,96.04,0,normal,False,24.88,1003.14,96.04
2024-07-12 01:50:00,AWS_Chennai_001,24.84,1003.01,98.51,0,normal,False,24.84,1003.01,98.51
2024-07-12 02:00:00,AWS_Chennai_001,24.79,1003.29,99.55,0,normal,False,24.79,1003.29,99.55
2024-07-12 02:10:00,AWS_Chennai_001,24.82,1003.26,99.51,0,normal,False,24.82,1003.26,99.51
2024-07-12 02:20:00,AWS_Chennai_001,24.99,1003.29,98.57,0,normal,False,24.99,1003.29,98.57
2024-07-12 02:30:00,AWS_Chennai_001,25.32,1003.54,98.26,0,normal,False,25.32,1003.54,98.26
2024-07-12 02:40:00,AWS_Chennai_001,25.35,1003.64,97.49,0,normal,False,25.35,1003.64,97.49
2024-07-12 02:50:00,AWS_Chennai_001,24.71,1003.65,98.88,0,normal,False,24.71,1003.65,98.88
2024-07-12 03:00:00,AWS_Chennai_001,24.33,1003.28,99.48,0,normal,False,24.33,1003.28,99.48
2024-07-12 03:10:00,AWS_Chennai_001,24.06,1003.04,97.39,0,normal,False,24.06,1003.04,97.39
2024-07-12 03:20:00,AWS_Chennai_001,24.21,1003.22,95.12,0,normal,False,24.21,1003.22,95.12
2024-07-12 03:30:00,AWS_Chennai_001,24.31,1003.24,95.32,0,normal,False,24.31,1003.24,95.32
2024-07-12 03:40:00,AWS_Chennai_001,24.54,1003.22,93.06,0,normal,False,24.54,1003.22,93.06
2024-07-12 03:50:00,AWS_Chennai_001,24.63,1003.35,92.67,0,normal,False,24.63,1003.35,92.67
2024-07-12 04:00:00,AWS_Chennai_001,24.4,1003.4,91.88,0,normal,False,24.4,1003.4,91.88
2024-07-12 04:10:00,AWS_Chennai_001,24.35,1003.46,92.8,0,normal,False,24.35,1003.46,92.8
2024-07-12 04:20:00,AWS_Chennai_001,25.1,1003.33,94.51,0,normal,False,25.1,1003.33,94.51
2024-07-12 04:30:00,AWS_Chennai_001,24.83,1003.58,96.62,0,normal,False,24.83,1003.58,96.62
2024-07-12 04:40:00,AWS_Chennai_001,25.07,1003.3,97.26,0,normal,False,25.07,1003.3,97.26
2024-07-12 04:50:00,AWS_Chennai_001,24.86,1003.34,97.3,0,normal,False,24.86,1003.34,97.3
2024-07-12 05:00:00,AWS_Chennai_001,25.02,1003.53,95.6,0,normal,False,25.02,1003.53,95.6
2024-07-12 05:10:00,AWS_Chennai_001,25.06,1003.53,94.36,0,normal,False,25.06,1003.53,94.36
2024-07-12 05:20:00,AWS_Chennai_001,25.1,1003.56,95.43,0,normal,False,25.1,1003.56,95.43
2024-07-12 05:30:00,AWS_Chennai_001,25.88,1003.54,96.7,0,normal,False,25.88,1003.54,96.7
2024-07-12 05:40:00,AWS_Chennai_001,26.05,1003.39,96.55,0,normal,False,26.05,1003.39,96.55
2024-07-12 05:50:00,AWS_Chennai_001,26.04,1003.46,94.95,0,normal,False,26.04,1003.46,94.95
2024-07-12 06:00:00,AWS_Chennai_001,26.54,1003.63,94.37,0,normal,False,26.54,1003.63,94.37
2024-07-12 06:10:00,AWS_Chennai_001,27.15,1003.54,94.08,0,normal,False,27.15,1003.54,94.08
2024-07-12 06:20:00,AWS_Chennai_001,27.6,1003.5,94.43,0,normal,False,27.6,1003.5,94.43
2024-07-12 06:30:00,AWS_Chennai_001,27.79,1003.26,96.51,0,normal,False,27.79,1003.26,96.51
2024-07-12 06:40:00,AWS_Chennai_001,28.05,1003.26,99.18,0,normal,False,28.05,1003.26,99.18
2024-07-12 06:50:00,AWS_Chennai_001,28.5,1002.98,96.86,0,normal,False,28.5,1002.98,96.86
2024-07-12 07:00:00,AWS_Chennai_001,29.34,1002.61,95.11,0,normal,False,29.34,1002.61,95.11
2024-07-12 07:10:00,AWS_Chennai_001,29.73,1002.55,92.33,0,normal,False,29.73,1002.55,92.33
2024-07-12 07:20:00,AWS_Chennai_001,29.93,1002.76,90.56,0,normal,False,29.93,1002.76,90.56
2024-07-12 07:30:00,AWS_Chennai_001,29.62,1002.55,90.37,0,normal,False,29.62,1002.55,90.37
2024-07-12 07:40:00,AWS_Chennai_001,29.67,1002.6,91.77,0,normal,False,29.67,1002.6,91.77
2024-07-12 07:50:00,AWS_Chennai_001,30.25,1002.64,90.98,0,normal,False,30.25,1002.64,90.98
2024-07-12 08:00:00,AWS_Chennai_001,30.31,1002.55,92.04,0,normal,False,30.31,1002.55,92.04
2024-07-12 08:10:00,AWS_Chennai_001,30.27,1002.51,93.05,0,normal,False,30.27,1002.51,93.05
2024-07-12 08:20:00,AWS_Chennai_001,30.83,1002.51,90.83,0,normal,False,30.83,1002.51,90.83
2024-07-12 08:30:00,AWS_Chennai_001,30.95,1002.41,87.51,0,normal,False,30.95,1002.41,87.51
2024-07-12 08:40:00,AWS_Chennai_001,30.87,1002.54,86.52,0,normal,False,30.87,1002.54,86.52
2024-07-12 08:50:00,AWS_Chennai_001,30.62,1002.52,88.02,0,normal,False,30.62,1002.52,88.02
2024-07-12 09:00:00,AWS_Chennai_001,30.36,1002.43,86.27,0,normal,False,30.36,1002.43,86.27
2024-07-12 09:10:00,AWS_Chennai_001,30.39,1002.22,86.28,0,normal,False,30.39,1002.22,86.28
2024-07-12 09:20:00,AWS_Chennai_001,30.64,1002.38,84.37,0,normal,False,30.64,1002.38,84.37
2024-07-12 09:30:00,AWS_Chennai_001,31.36,1002.33,84.28,0,normal,False,31.36,1002.33,84.28
2024-07-12 09:40:00,AWS_Chennai_001,31.34,1002.34,86.11,0,normal,False,31.34,1002.34,86.11
2024-07-12 09:50:00,AWS_Chennai_001,31.31,1002.46,84.74,0,normal,False,31.31,1002.46,84.74
2024-07-12 10:00:00,AWS_Chennai_001,31.44,1002.47,84.36,0,normal,False,31.44,1002.47,84.36
2024-07-12 10:10:00,AWS_Chennai_001,31.67,1002.45,87.1,0,normal,False,31.67,1002.45,87.1
2024-07-12 10:20:00,AWS_Chennai_001,31.97,1002.26,84.84,0,normal,False,31.97,1002.26,84.84
2024-07-12 10:30:00,AWS_Chennai_001,32.12,1002.53,88.37,0,normal,False,32.12,1002.53,88.37
2024-07-12 10:40:00,AWS_Chennai_001,32.64,1002.32,86.48,0,normal,False,32.64,1002.32,86.48
2024-07-12 10:50:00,AWS_Chennai_001,32.49,1002.17,82.48,0,normal,False,32.49,1002.17,82.48
2024-07-12 11:00:00,AWS_Chennai_001,32.88,1002.11,85.05,0,normal,False,32.88,1002.11,85.05
2024-07-12 11:10:00,AWS_Chennai_001,33.21,1002.25,81.99,0,normal,False,33.21,1002.25,81.99
2024-07-12 11:20:00,AWS_Chennai_001,33.25,1002.09,79.33,0,normal,False,33.25,1002.09,79.33
2024-07-12 11:30:00,AWS_Chennai_001,33.61,1002.13,76.94,0,normal,False,33.61,1002.13,76.94
2024-07-12 11:40:00,AWS_Chennai_001,34.18,1002.26,76.03,0,normal,False,34.18,1002.26,76.03
2024-07-12 11:50:00,AWS_Chennai_001,34.48,1002.3,75.21,0,normal,False,34.48,1002.3,75.21
2024-07-12 12:00:00,AWS_Chennai_001,34.38,1002.46,75.85,0,normal,False,34.38,1002.46,75.85
2024-07-12 12:10:00,AWS_Chennai_001,34.04,1002.62,74.09,0,normal,False,34.04,1002.62,74.09
2024-07-12 12:20:00,AWS_Chennai_001,34.02,1002.78,74.06,0,normal,False,34.02,1002.78,74.06
2024-07-12 12:30:00,AWS_Chennai_001,34.42,1003.09,73.19,0,normal,False,34.42,1003.09,73.19
2024-07-12 12:40:00,AWS_Chennai_001,34.72,1003.23,75.32,0,normal,False,34.72,1003.23,75.32
2024-07-12 12:50:00,AWS_Chennai_001,34.86,1003.1,73.17,0,normal,False,34.86,1003.1,73.17
2024-07-12 13:00:00,AWS_Chennai_001,35.14,1003.27,74.97,0,normal,False,35.14,1003.27,74.97
2024-07-12 13:10:00,AWS_Chennai_001,35.37,1003.13,76.62,0,normal,False,35.37,1003.13,76.62
2024-07-12 13:20:00,AWS_Chennai_001,34.83,1003.26,75.17,0,normal,False,34.83,1003.26,75.17
2024-07-12 13:30:00,AWS_Chennai_001,34.55,1003.06,72.59,0,normal,False,34.55,1003.06,72.59
2024-07-12 13:40:00,AWS_Chennai_001,34.89,1002.88,73.4,0,normal,False,34.89,1002.88,73.4
2024-07-12 13:50:00,AWS_Chennai_001,35.4,1002.74,74.66,0,normal,False,35.4,1002.74,74.66
2024-07-12 14:00:00,AWS_Chennai_001,35.02,1002.69,73.52,0,normal,False,35.02,1002.69,73.52
2024-07-12 14:10:00,AWS_Chennai_001,34.78,1002.81,74.05,0,normal,False,34.78,1002.81,74.05
2024-07-12 14:20:00,AWS_Chennai_001,34.36,1002.64,76.43,0,normal,False,34.36,1002.64,76.43
2024-07-12 14:30:00,AWS_Chennai_001,33.9,1002.9,75.47,0,normal,False,33.9,1002.9,75.47
2024-07-12 14:40:00,AWS_Chennai_001,33.95,1002.95,75.02,0,normal,False,33.95,1002.95,75.02
2024-07-12 14:50:00,AWS_Chennai_001,34.15,1002.93,74.0,0,normal,False,34.15,1002.93,74.0
2024-07-12 15:00:00,AWS_Chennai_001,33.86,1002.87,76.84,0,normal,False,33.86,1002.87,76.84
2024-07-12 15:10:00,AWS_Chennai_001,33.82,1002.78,75.31,0,normal,False,33.82,1002.78,75.31
2024-07-12 15:20:00,AWS_Chennai_001,33.77,1002.69,72.38,0,normal,False,33.77,1002.69,72.38
2024-07-12 15:30:00,AWS_Chennai_001,33.88,1002.81,73.71,0,normal,False,33.88,1002.81,73.71
2024-07-12 15:40:00,AWS_Chennai_001,34.39,1002.87,73.72,0,normal,False,34.39,1002.87,73.72
2024-07-12 15:50:00,AWS_Chennai_001,34.49,1002.99,74.06,0,normal,False,34.49,1002.99,74.06
2024-07-12 16:00:00,AWS_Chennai_001,34.4,1002.92,76.7,0,normal,False,34.4,1002.92,76.7
2024-07-12 16:10:00,AWS_Chennai_001,34.62,1002.85,75.98,0,normal,False,34.62,1002.85,75.98
2024-07-12 16:20:00,AWS_Chennai_001,34.41,1002.56,77.62,0,normal,False,34.41,1002.56,77.62
2024-07-12 16:30:00,AWS_Chennai_001,34.52,1002.38,79.3,0,normal,False,34.52,1002.38,79.3
2024-07-12 16:40:00,AWS_Chennai_001,34.28,1002.64,83.15,0,normal,False,34.28,1002.64,83.15
2024-07-12 16:50:00,AWS_Chennai_001,34.06,1002.38,85.19,0,normal,False,34.06,1002.38,85.19
2024-07-12 17:00:00,AWS_Chennai_001,34.34,1002.44,85.4,0,normal,False,34.34,1002.44,85.4
2024-07-12 17:10:00,AWS_Chennai_001,34.41,1002.21,87.18,0,normal,False,34.41,1002.21,87.18
2024-07-12 17:20:00,AWS_Chennai_001,33.93,1002.14,89.18,0,normal,False,33.93,1002.14,89.18
2024-07-12 17:30:00,AWS_Chennai_001,34.06,1002.07,88.16,0,normal,False,34.06,1002.07,88.16
2024-07-12 17:40:00,AWS_Chennai_001,33.85,1001.9,89.97,0,normal,False,33.85,1001.9,89.97
2024-07-12 17:50:00,AWS_Chennai_001,33.41,1001.71,91.19,0,normal,False,33.41,1001.71,91.19
2024-07-12 18:00:00,AWS_Chennai_001,33.09,1001.57,90.47,0,normal,False,33.09,1001.57,90.47
2024-07-12 18:10:00,AWS_Chennai_001,32.63,1001.39,90.86,0,normal,False,32.63,1001.39,90.86
2024-07-12 18:20:00,AWS_Chennai_001,32.18,1001.11,90.34,0,normal,False,32.18,1001.11,90.34
2024-07-12 18:30:00,AWS_Chennai_001,32.25,1000.95,89.59,0,normal,False,32.25,1000.95,89.59
2024-07-12 18:40:00,AWS_Chennai_001,31.77,1000.92,87.69,0,normal,False,31.77,1000.92,87.69
2024-07-12 18:50:00,AWS_Chennai_001,31.2,1000.88,88.88,0,normal,False,31.2,1000.88,88.88
2024-07-12 19:00:00,AWS_Chennai_001,31.04,1000.9,89.46,0,normal,False,31.04,1000.9,89.46
2024-07-12 19:10:00,AWS_Chennai_001,30.44,1000.59,87.52,0,normal,False,30.44,1000.59,87.52
2024-07-12 19:20:00,AWS_Chennai_001,30.28,1000.66,86.33,0,normal,False,30.28,1000.66,86.33
2024-07-12 19:30:00,AWS_Chennai_001,30.52,1000.9,85.36,0,normal,False,30.52,1000.9,85.36
2024-07-12 19:40:00,AWS_Chennai_001,30.27,1001.04,87.98,0,normal,False,30.27,1001.04,87.98
2024-07-12 19:50:00,AWS_Chennai_001,30.07,1000.94,89.11,0,normal,False,30.07,1000.94,89.11
2024-07-12 20:00:00,AWS_Chennai_001,29.97,1001.19,90.46,0,normal,False,29.97,1001.19,90.46
2024-07-12 20:10:00,AWS_Chennai_001,29.87,1001.16,91.39,0,normal,False,29.87,1001.16,91.39
2024-07-12 20:20:00,AWS_Chennai_001,28.98,1001.17,92.44,0,normal,False,28.98,1001.17,92.44
2024-07-12 20:30:00,AWS_Chennai_001,28.3,1000.99,89.65,0,normal,False,28.3,1000.99,89.65
2024-07-12 20:40:00,AWS_Chennai_001,28.3,1001.1,87.68,0,normal,False,28.3,1001.1,87.68
2024-07-12 20:50:00,AWS_Chennai_001,28.04,1000.93,88.77,0,normal,False,28.04,1000.93,88.77
2024-07-12 21:00:00,AWS_Chennai_001,27.6,1000.81,89.61,0,normal,False,27.6,1000.81,89.61
2024-07-12 21:10:00,AWS_Chennai_001,28.17,1000.71,88.76,0,normal,False,28.17,1000.71,88.76
2024-07-12 21:20:00,AWS_Chennai_001,27.92,1000.83,89.26,0,normal,False,27.92,1000.83,89.26
2024-07-12 21:30:00,AWS_Chennai_001,27.58,1000.78,88.61,0,normal,False,27.58,1000.78,88.61
2024-07-12 21:40:00,AWS_Chennai_001,27.12,1000.95,88.28,0,normal,False,27.12,1000.95,88.28
2024-07-12 21:50:00,AWS_Chennai_001,27.17,1000.87,88.67,0,normal,False,27.17,1000.87,88.67
2024-07-12 22:00:00,AWS_Chennai_001,27.38,1001.15,90.34,0,normal,False,27.38,1001.15,90.34
2024-07-12 22:10:00,AWS_Chennai_001,26.99,1000.98,90.43,0,normal,False,26.99,1000.98,90.43
2024-07-12 22:20:00,AWS_Chennai_001,27.04,1001.28,90.44,0,normal,False,27.04,1001.28,90.44
2024-07-12 22:30:00,AWS_Chennai_001,27.18,1001.36,88.74,0,normal,False,27.18,1001.36,88.74
2024-07-12 22:40:00,AWS_Chennai_001,27.26,1001.38,90.26,0,normal,False,27.26,1001.38,90.26
2024-07-12 22:50:00,AWS_Chennai_001,26.74,1001.53,90.21,0,normal,False,26.74,1001.53,90.21
2024-07-12 23:00:00,AWS_Chennai_001,26.5,1001.83,91.59,0,normal,False,26.5,1001.83,91.59
2024-07-12 23:10:00,AWS_Chennai_001,26.67,1001.85,89.92,0,normal,False,26.67,1001.85,89.92
2024-07-12 23:20:00,AWS_Chennai_001,26.2,1001.85,87.99,0,normal,False,26.2,1001.85,87.99
2024-07-12 23:30:00,AWS_Chennai_001,26.0,1001.89,87.71,0,normal,False,26.0,1001.89,87.71
2024-07-12 23:40:00,AWS_Chennai_001,26.01,1001.59,89.16,0,normal,False,26.01,1001.59,89.16
2024-07-12 23:50:00,AWS_Chennai_001,25.92,1001.73,88.8,0,normal,False,25.92,1001.73,88.8
2024-07-13 00:00:00,AWS_Chennai_001,25.83,1001.64,89.37,0,normal,False,25.83,1001.64,89.37
2024-07-13 00:10:00,AWS_Chennai_001,25.58,1001.76,90.85,0,normal,False,25.58,1001.76,90.85
2024-07-13 00:20:00,AWS_Chennai_001,25.6,1002.13,91.59,0,normal,False,25.6,1002.13,91.59
2024-07-13 00:30:00,AWS_Chennai_001,25.55,1002.22,91.92,0,normal,False,25.55,1002.22,91.92
2024-07-13 00:40:00,AWS_Chennai_001,25.71,1002.19,92.49,0,normal,False,25.71,1002.19,92.49
2024-07-13 00:50:00,AWS_Chennai_001,25.4,1002.27,93.51,0,normal,False,25.4,1002.27,93.51
2024-07-13 01:00:00,AWS_Chennai_001,25.64,1002.27,95.3,0,normal,False,25.64,1002.27,95.3
2024-07-13 01:10:00,AWS_Chennai_001,25.55,1002.15,95.36,0,normal,False,25.55,1002.15,95.36
2024-07-13 01:20:00,AWS_Chennai_001,25.74,1002.12,93.2,0,normal,False,25.74,1002.12,93.2
2024-07-13 01:30:00,AWS_Chennai_001,25.7,1002.17,92.01,0,normal,False,25.7,1002.17,92.01
2024-07-13 01:40:00,AWS_Chennai_001,26.07,1002.36,93.57,0,normal,False,26.07,1002.36,93.57
2024-07-13 01:50:00,AWS_Chennai_001,25.63,1002.37,92.81,0,normal,False,25.63,1002.37,92.81
2024-07-13 02:00:00,AWS_Chennai_001,25.48,1002.57,91.97,0,normal,False,25.48,1002.57,91.97
2024-07-13 02:10:00,AWS_Chennai_001,25.27,1002.76,94.72,0,normal,False,25.27,1002.76,94.72
2024-07-13 02:20:00,AWS_Chennai_001,25.65,1002.66,91.58,0,normal,False,25.65,1002.66,91.58
2024-07-13 02:30:00,AWS_Chennai_001,25.38,1002.67,92.13,0,normal,False,25.38,1002.67,92.13
2024-07-13 02:40:00,AWS_Chennai_001,25.21,1002.87,93.04,0,normal,False,25.21,1002.87,93.04
2024-07-13 02:50:00,AWS_Chennai_001,25.2,1002.68,94.78,0,normal,False,25.2,1002.68,94.78
2024-07-13 03:00:00,AWS_Chennai_001,25.18,1002.42,96.53,0,normal,False,25.18,1002.42,96.53
2024-07-13 03:10:00,AWS_Chennai_001,25.74,1002.4,94.82,0,normal,False,25.74,1002.4,94.82
2024-07-13 03:20:00,AWS_Chennai_001,26.04,1002.63,95.79,0,normal,False,26.04,1002.63,95.79
2024-07-13 03:30:00,AWS_Chennai_001,25.36,1002.54,94.3,0,normal,False,25.36,1002.54,94.3
2024-07-13 03:40:00,AWS_Chennai_001,25.52,1002.77,94.25,0,normal,False,25.52,1002.77,94.25
2024-07-13 03:50:00,AWS_Chennai_001,25.44,1002.55,92.19,0,normal,False,25.44,1002.55,92.19
2024-07-13 04:00:00,AWS_Chennai_001,25.42,1002.74,91.49,0,normal,False,25.42,1002.74,91.49
2024-07-13 04:10:00,AWS_Chennai_001,25.23,1002.54,89.66,0,normal,False,25.23,1002.54,89.66
2024-07-13 04:20:00,AWS_Chennai_001,25.5,1002.47,91.06,0,normal,False,25.5,1002.47,91.06
2024-07-13 04:30:00,AWS_Chennai_001,24.93,1002.4,93.41,0,normal,False,24.93,1002.4,93.41
2024-07-13 04:40:00,AWS_Chennai_001,24.58,1002.22,93.2,0,normal,False,24.58,1002.22,93.2
2024-07-13 04:50:00,AWS_Chennai_001,24.6,1002.25,93.01,0,normal,False,24.6,1002.25,93.01
2024-07-13 05:00:00,AWS_Chennai_001,24.84,1002.21,91.38,0,normal,False,24.84,1002.21,91.38
2024-07-13 05:10:00,AWS_Chennai_001,24.91,1001.96,91.49,0,normal,False,24.91,1001.96,91.49
2024-07-13 05:20:00,AWS_Chennai_001,24.85,1002.0,92.11,0,normal,False,24.85,1002.0,92.11
2024-07-13 05:30:00,AWS_Chennai_001,24.43,1002.09,92.92,0,normal,False,24.43,1002.09,92.92
2024-07-13 05:40:00,AWS_Chennai_001,24.69,1001.72,89.86,0,normal,False,24.69,1001.72,89.86
2024-07-13 05:50:00,AWS_Chennai_001,25.14,1001.62,90.2,0,normal,False,25.14,1001.62,90.2
2024-07-13 06:00:00,AWS_Chennai_001,24.59,1001.64,88.86,0,normal,False,24.59,1001.64,88.86
2024-07-13 06:10:00,AWS_Chennai_001,24.68,1001.74,88.14,0,normal,False,24.68,1001.74,88.14
2024-07-13 06:20:00,AWS_Chennai_001,25.11,1001.56,90.93,0,normal,False,25.11,1001.56,90.93
2024-07-13 06:30:00,AWS_Chennai_001,25.16,1001.64,89.86,0,normal,False,25.16,1001.64,89.86
2024-07-13 06:40:00,AWS_Chennai_001,25.5,1001.56,89.25,0,normal,False,25.5,1001.56,89.25
2024-07-13 06:50:00,AWS_Chennai_001,25.69,1001.38,89.64,0,normal,False,25.69,1001.38,89.64
2024-07-13 07:00:00,AWS_Chennai_001,26.12,1001.33,91.28,0,normal,False,26.12,1001.33,91.28
2024-07-13 07:10:00,AWS_Chennai_001,26.71,1001.18,91.05,0,normal,False,26.71,1001.18,91.05
2024-07-13 07:20:00,AWS_Chennai_001,27.34,1001.13,90.67,0,normal,False,27.34,1001.13,90.67
2024-07-13 07:30:00,AWS_Chennai_001,27.5,1001.02,91.59,0,normal,False,27.5,1001.02,91.59
2024-07-13 07:40:00,AWS_Chennai_001,27.85,1001.09,91.4,0,normal,False,27.85,1001.09,91.4
2024-07-13 07:50:00,AWS_Chennai_001,27.96,1000.91,90.47,0,normal,False,27.96,1000.91,90.47
2024-07-13 08:00:00,AWS_Chennai_001,28.47,1000.96,87.59,0,normal,False,28.47,1000.96,87.59
2024-07-13 08:10:00,AWS_Chennai_001,29.32,1000.85,87.12,0,normal,False,29.32,1000.85,87.12
2024-07-13 08:20:00,AWS_Chennai_001,29.65,1001.09,85.55,0,normal,False,29.65,1001.09,85.55
2024-07-13 08:30:00,AWS_Chennai_001,29.65,1000.93,85.66,0,normal,False,29.65,1000.93,85.66
2024-07-13 08:40:00,AWS_Chennai_001,30.07,1000.94,88.19,0,normal,False,30.07,1000.94,88.19
2024-07-13 08:50:00,AWS_Chennai_001,30.2,1000.96,85.16,0,normal,False,30.2,1000.96,85.16
2024-07-13 09:00:00,AWS_Chennai_001,29.77,1001.05,85.65,0,normal,False,29.77,1001.05,85.65
2024-07-13 09:10:00,AWS_Chennai_001,29.73,1001.05,86.24,0,normal,False,29.73,1001.05,86.24
2024-07-13 09:20:00,AWS_Chennai_001,29.95,1000.94,85.79,0,normal,False,29.95,1000.94,85.79
2024-07-13 09:30:00,AWS_Chennai_001,30.85,1001.08,84.81,0,normal,False,30.85,1001.08,84.81
2024-07-13 09:40:00,AWS_Chennai_001,31.37,1001.13,84.65,0,normal,False,31.37,1001.13,84.65
2024-07-13 09:50:00,AWS_Chennai_001,31.7,1001.18,82.41,0,normal,False,31.7,1001.18,82.41
2024-07-13 10:00:00,AWS_Chennai_001,32.03,1001.17,82.14,0,normal,False,32.03,1001.17,82.14
2024-07-13 10:10:00,AWS_Chennai_001,31.98,1001.27,82.25,0,normal,False,31.98,1001.27,82.25
2024-07-13 10:20:00,AWS_Chennai_001,32.21,1001.35,82.58,0,normal,False,32.21,1001.35,82.58
2024-07-13 10:30:00,AWS_Chennai_001,32.72,1001.17,84.89,0,normal,False,32.72,1001.17,84.89
2024-07-13 10:40:00,AWS_Chennai_001,32.94,1001.15,85.9,0,normal,False,32.94,1001.15,85.9
2024-07-13 10:50:00,AWS_Chennai_001,33.11,1001.44,85.83,0,normal,False,33.11,1001.44,85.83
2024-07-13 11:00:00,AWS_Chennai_001,33.6,1001.51,84.94,0,normal,False,33.6,1001.51,84.94
2024-07-13 11:10:00,AWS_Chennai_001,33.98,1001.8,86.42,0,normal,False,33.98,1001.8,86.42
2024-07-13 11:20:00,AWS_Chennai_001,34.32,1001.97,87.54,0,normal,False,34.32,1001.97,87.54
2024-07-13 11:30:00,AWS_Chennai_001,34.77,1002.18,84.12,0,normal,False,34.77,1002.18,84.12
2024-07-13 11:40:00,AWS_Chennai_001,34.68,1002.33,84.91,0,normal,False,34.68,1002.33,84.91
2024-07-13 11:50:00,AWS_Chennai_001,34.19,1002.31,82.18,0,normal,False,34.19,1002.31,82.18
2024-07-13 12:00:00,AWS_Chennai_001,33.94,1002.37,81.03,0,normal,False,33.94,1002.37,81.03
2024-07-13 12:10:00,AWS_Chennai_001,33.93,1002.35,81.27,0,normal,False,33.93,1002.35,81.27
2024-07-13 12:20:00,AWS_Chennai_001,34.32,1002.26,80.86,0,normal,False,34.32,1002.26,80.86
2024-07-13 12:30:00,AWS_Chennai_001,34.52,1002.26,81.84,0,normal,False,34.52,1002.26,81.84
2024-07-13 12:40:00,AWS_Chennai_001,34.65,1002.49,80.06,0,normal,False,34.65,1002.49,80.06
2024-07-13 12:50:00,AWS_Chennai_001,35.5,1002.44,82.08,0,normal,False,35.5,1002.44,82.08
2024-07-13 13:00:00,AWS_Chennai_001,35.86,1002.75,83.13,0,normal,False,35.86,1002.75,83.13
2024-07-13 13:10:00,AWS_Chennai_001,35.66,1002.34,81.83,0,normal,False,35.66,1002.34,81.83
2024-07-13 13:20:00,AWS_Chennai_001,35.99,1002.44,80.17,0,normal,False,35.99,1002.44,80.17
2024-07-13 13:30:00,AWS_Chennai_001,35.62,1002.31,79.41,0,normal,False,35.62,1002.31,79.41
2024-07-13 13:40:00,AWS_Chennai_001,35.59,1002.6,79.83,0,normal,False,35.59,1002.6,79.83
2024-07-13 13:50:00,AWS_Chennai_001,35.43,1002.71,78.61,0,normal,False,35.43,1002.71,78.61
2024-07-13 14:00:00,AWS_Chennai_001,35.85,1002.51,79.61,0,normal,False,35.85,1002.51,79.61
2024-07-13 14:10:00,AWS_Chennai_001,35.38,1002.49,80.65,0,normal,False,35.38,1002.49,80.65
2024-07-13 14:20:00,AWS_Chennai_001,35.48,1002.49,80.81,0,normal,False,35.48,1002.49,80.81
2024-07-13 14:30:00,AWS_Chennai_001,34.97,1002.31,81.63,0,normal,False,34.97,1002.31,81.63
2024-07-13 14:40:00,AWS_Chennai_001,35.49,1002.48,81.98,0,normal,False,35.49,1002.48,81.98
2024-07-13 14:50:00,AWS_Chennai_001,35.75,1002.55,83.28,0,normal,False,35.75,1002.55,83.28
2024-07-13 15:00:00,AWS_Chennai_001,35.73,1002.57,80.9,0,normal,False,35.73,1002.57,80.9
2024-07-13 15:10:00,AWS_Chennai_001,35.71,1002.64,82.16,0,normal,False,35.71,1002.64,82.16
2024-07-13 15:20:00,AWS_Chennai_001,35.53,1002.69,81.44,0,normal,False,35.53,1002.69,81.44
2024-07-13 15:30:00,AWS_Chennai_001,35.88,1002.62,80.67,0,normal,False,35.88,1002.62,80.67
2024-07-13 15:40:00,AWS_Chennai_001,35.75,1002.37,79.47,0,normal,False,35.75,1002.37,79.47
2024-07-13 15:50:00,AWS_Chennai_001,35.13,1002.64,80.26,0,normal,False,35.13,1002.64,80.26
2024-07-13 16:00:00,AWS_Chennai_001,34.76,1002.46,83.63,0,normal,False,34.76,1002.46,83.63
2024-07-13 16:10:00,AWS_Chennai_001,34.09,1002.44,85.71,0,normal,False,34.09,1002.44,85.71
2024-07-13 16:20:00,AWS_Chennai_001,33.75,1002.27,83.72,0,normal,False,33.75,1002.27,83.72
2024-07-13 16:30:00,AWS_Chennai_001,33.87,1002.15,82.36,0,normal,False,33.87,1002.15,82.36
2024-07-13 16:40:00,AWS_Chennai_001,33.21,1002.04,83.71,0,normal,False,33.21,1002.04,83.71
2024-07-13 16:50:00,AWS_Chennai_001,33.28,1002.03,82.93,0,normal,False,33.28,1002.03,82.93
2024-07-13 17:00:00,AWS_Chennai_001,32.85,1001.77,83.72,0,normal,False,32.85,1001.77,83.72
2024-07-13 17:10:00,AWS_Chennai_001,32.69,1001.73,84.39,0,normal,False,32.69,1001.73,84.39
2024-07-13 17:20:00,AWS_Chennai_001,32.74,1001.8,81.59,0,normal,False,32.74,1001.8,81.59
2024-07-13 17:30:00,AWS_Chennai_001,32.45,1001.81,81.81,0,normal,False,32.45,1001.81,81.81
2024-07-13 17:40:00,AWS_Chennai_001,32.1,1001.75,84.78,0,normal,False,32.1,1001.75,84.78
2024-07-13 17:50:00,AWS_Chennai_001,32.34,1001.74,84.35,0,normal,False,32.34,1001.74,84.35
2024-07-13 18:00:00,AWS_Chennai_001,32.13,1001.83,85.32,0,normal,False,32.13,1001.83,85.32
2024-07-13 18:10:00,AWS_Chennai_001,31.46,1001.78,85.94,0,normal,False,31.46,1001.78,85.94
2024-07-13 18:20:00,AWS_Chennai_001,30.8,1001.75,87.22,0,normal,False,30.8,1001.75,87.22
2024-07-13 18:30:00,AWS_Chennai_001,30.68,1001.9,85.5,0,normal,False,30.68,1001.9,85.5
2024-07-13 18:40:00,AWS_Chennai_001,30.47,1001.76,87.17,0,normal,False,30.47,1001.76,87.17
2024-07-13 18:50:00,AWS_Chennai_001,30.51,1001.51,86.92,0,normal,False,30.51,1001.51,86.92
2024-07-13 19:00:00,AWS_Chennai_001,29.94,1001.44,87.15,0,normal,False,29.94,1001.44,87.15
2024-07-13 19:10:00,AWS_Chennai_001,30.08,1001.47,89.02,0,normal,False,30.08,1001.47,89.02
2024-07-13 19:20:00,AWS_Chennai_001,30.12,1001.26,89.3,0,normal,False,30.12,1001.26,89.3
2024-07-13 19:30:00,AWS_Chennai_001,30.15,1001.43,90.61,0,normal,False,30.15,1001.43,90.61
2024-07-13 19:40:00,AWS_Chennai_001,29.37,1001.45,90.63,0,normal,False,29.37,1001.45,90.63
2024-07-13 19:50:00,AWS_Chennai_001,29.37,1001.3,90.89,0,normal,False,29.37,1001.3,90.89
2024-07-13 20:00:00,AWS_Chennai_001,29.05,1001.46,91.91,0,normal,False,29.05,1001.46,91.91
2024-07-13 20:10:00,AWS_Chennai_001,28.78,1001.33,91.33,0,normal,False,28.78,1001.33,91.33
2024-07-13 20:20:00,AWS_Chennai_001,29.09,1001.27,94.46,0,normal,False,29.09,1001.27,94.46
2024-07-13 20:30:00,AWS_Chennai_001,28.94,1001.07,96.08,0,normal,False,28.94,1001.07,96.08
2024-07-13 20:40:00,AWS_Chennai_001,28.13,1001.07,99.43,0,normal,False,28.13,1001.07,99.43
2024-07-13 20:50:00,AWS_Chennai_001,28.48,1001.26,100.0,0,normal,False,28.48,1001.26,100.0
2024-07-13 21:00:00,AWS_Chennai_001,28.67,1001.14,100.0,0,normal,False,28.67,1001.14,100.0
2024-07-13 21:10:00,AWS_Chennai_001,28.6,1001.35,100.0,0,normal,False,28.6,1001.35,100.0
2024-07-13 21:20:00,AWS_Chennai_001,28.28,1001.13,99.72,0,normal,False,28.28,1001.13,99.72
2024-07-13 21:30:00,AWS_Chennai_001,28.57,1000.92,99.05,0,normal,False,28.57,1000.92,99.05
2024-07-13 21:40:00,AWS_Chennai_001,27.81,1000.83,99.3,0,normal,False,27.81,1000.83,99.3
2024-07-13 21:50:00,AWS_Chennai_001,27.66,1000.73,100.0,0,normal,False,27.66,1000.73,100.0
2024-07-13 22:00:00,AWS_Chennai_001,27.4,1000.51,100.0,0,normal,False,27.4,1000.51,100.0
2024-07-13 22:10:00,AWS_Chennai_001,27.6,1000.63,98.2,0,normal,False,27.6,1000.63,98.2
2024-07-13 22:20:00,AWS_Chennai_001,27.15,1000.72,98.17,0,normal,False,27.15,1000.72,98.17
2024-07-13 22:30:00,AWS_Chennai_001,26.61,1000.63,98.64,0,normal,False,26.61,1000.63,98.64
2024-07-13 22:40:00,AWS_Chennai_001,26.15,1000.86,97.78,0,normal,False,26.15,1000.86,97.78
2024-07-13 22:50:00,AWS_Chennai_001,26.44,1000.83,98.55,0,normal,False,26.44,1000.83,98.55
2024-07-13 23:00:00,AWS_Chennai_001,26.44,1001.18,97.3,0,normal,False,26.44,1001.18,97.3
2024-07-13 23:10:00,AWS_Chennai_001,26.99,1001.48,96.08,0,normal,False,26.99,1001.48,96.08
2024-07-13 23:20:00,AWS_Chennai_001,26.72,1001.6,97.07,0,normal,False,26.72,1001.6,97.07
2024-07-13 23:30:00,AWS_Chennai_001,26.34,1001.47,94.27,0,normal,False,26.34,1001.47,94.27
2024-07-13 23:40:00,AWS_Chennai_001,26.73,1001.53,91.55,0,normal,False,26.73,1001.53,91.55
2024-07-13 23:50:00,AWS_Chennai_001,26.56,1001.72,92.23,0,normal,False,26.56,1001.72,92.23
2024-07-14 00:00:00,AWS_Chennai_001,27.05,1001.83,91.82,0,normal,False,27.05,1001.83,91.82
2024-07-14 00:10:00,AWS_Chennai_001,27.04,1002.13,92.87,0,normal,False,27.04,1002.13,92.87
2024-07-14 00:20:00,AWS_Chennai_001,26.9,1002.03,92.65,0,normal,False,26.9,1002.03,92.65
2024-07-14 00:30:00,AWS_Chennai_001,26.41,1002.16,93.28,0,normal,False,26.41,1002.16,93.28
2024-07-14 00:40:00,AWS_Chennai_001,26.04,1002.09,94.52,0,normal,False,26.04,1002.09,94.52
2024-07-14 00:50:00,AWS_Chennai_001,25.98,1002.24,93.55,0,normal,False,25.98,1002.24,93.55
2024-07-14 01:00:00,AWS_Chennai_001,25.69,1002.25,91.76,0,normal,False,25.69,1002.25,91.76
2024-07-14 01:10:00,AWS_Chennai_001,25.48,1002.46,90.87,0,normal,False,25.48,1002.46,90.87
2024-07-14 01:20:00,AWS_Chennai_001,25.93,1002.65,92.31,0,normal,False,25.93,1002.65,92.31
2024-07-14 01:30:00,AWS_Chennai_001,25.99,1002.59,90.7,0,normal,False,25.99,1002.59,90.7
2024-07-14 01:40:00,AWS_Chennai_001,25.59,1002.66,94.42,0,normal,False,25.59,1002.66,94.42
2024-07-14 01:50:00,AWS_Chennai_001,25.71,1002.93,94.12,0,normal,False,25.71,1002.93,94.12
2024-07-14 02:00:00,AWS_Chennai_001,25.5,1003.07,93.33,0,normal,False,25.5,1003.07,93.33
2024-07-14 02:10:00,AWS_Chennai_001,25.39,1003.1,91.7,0,normal,False,25.39,1003.1,91.7
2024-07-14 02:20:00,AWS_Chennai_001,25.44,1003.09,89.81,0,normal,False,25.44,1003.09,89.81
2024-07-14 02:30:00,AWS_Chennai_001,25.43,1003.2,88.76,0,normal,False,25.43,1003.2,88.76
2024-07-14 02:40:00,AWS_Chennai_001,26.11,1003.02,87.66,0,normal,False,26.11,1003.02,87.66
2024-07-14 02:50:00,AWS_Chennai_001,26.23,1003.04,86.48,0,normal,False,26.23,1003.04,86.48
2024-07-14 03:00:00,AWS_Chennai_001,26.38,1002.85,87.94,0,normal,False,26.38,1002.85,87.94
2024-07-14 03:10:00,AWS_Chennai_001,26.68,1002.94,88.49,0,normal,False,26.68,1002.94,88.49
2024-07-14 03:20:00,AWS_Chennai_001,26.4,1002.79,89.84,0,normal,False,26.4,1002.79,89.84
2024-07-14 03:30:00,AWS_Chennai_001,26.56,1002.71,90.3,0,normal,False,26.56,1002.71,90.3
2024-07-14 03:40:00,AWS_Chennai_001,27.1,1002.65,91.08,0,normal,False,27.1,1002.65,91.08
2024-07-14 03:50:00,AWS_Chennai_001,27.1,1002.75,93.8,0,normal,False,27.1,1002.75,93.8
2024-07-14 04:00:00,AWS_Chennai_001,27.37,1002.59,94.1,0,normal,False,27.37,1002.59,94.1
2024-07-14 04:10:00,AWS_Chennai_001,26.6,1002.51,91.17,0,normal,False,26.6,1002.51,91.17
2024-07-14 04:20:00,AWS_Chennai_001,26.11,1002.53,94.57,0,normal,False,26.11,1002.53,94.57
2024-07-14 04:30:00,AWS_Chennai_001,26.2,1002.77,91.18,0,normal,False,26.2,1002.77,91.18
2024-07-14 04:40:00,AWS_Chennai_001,25.78,1002.61,90.17,0,normal,False,25.78,1002.61,90.17
2024-07-14 04:50:00,AWS_Chennai_001,26.04,1002.42,88.91,0,normal,False,26.04,1002.42,88.91
2024-07-14 05:00:00,AWS_Chennai_001,25.98,1002.03,88.19,0,normal,False,25.98,1002.03,88.19
2024-07-14 05:10:00,AWS_Chennai_001,26.25,1001.95,88.21,0,normal,False,26.25,1001.95,88.21
2024-07-14 05:20:00,AWS_Chennai_001,26.44,1001.83,87.55,0,normal,False,26.44,1001.83,87.55
2024-07-14 05:30:00,AWS_Chennai_001,26.5,1001.82,86.78,0,normal,False,26.5,1001.82,86.78
2024-07-14 05:40:00,AWS_Chennai_001,26.26,1001.84,84.4,0,normal,False,26.26,1001.84,84.4
2024-07-14 05:50:00,AWS_Chennai_001,26.18,1001.74,83.14,0,normal,False,26.18,1001.74,83.14
2024-07-14 06:00:00,AWS_Chennai_001,26.17,1001.77,85.85,0,normal,False,26.17,1001.77,85.85
2024-07-14 06:10:00,AWS_Chennai_001,25.94,1001.65,85.95,0,normal,False,25.94,1001.65,85.95
2024-07-14 06:20:00,AWS_Chennai_001,26.23,1001.36,86.06,0,normal,False,26.23,1001.36,86.06
2024-07-14 06:30:00,AWS_Chennai_001,53.44,1046.15,99.81,1,multivariate_inconsistency,True,26.623333333333335,1001.35,85.4
2024-07-14 06:40:00,AWS_Chennai_001,26.68,1001.23,84.75,0,normal,True,27.016666666666666,1001.34,84.74
2024-07-14 06:50:00,AWS_Chennai_001,27.41,1001.33,84.08,0,normal,False,27.41,1001.33,84.08
2024-07-14 07:00:00,AWS_Chennai_001,27.76,1001.31,82.04,0,normal,False,27.76,1001.31,82.04
2024-07-14 07:10:00,AWS_Chennai_001,28.67,1001.36,83.57,0,normal,False,28.67,1001.36,83.57
2024-07-14 07:20:00,AWS_Chennai_001,28.65,1001.13,82.76,0,normal,False,28.65,1001.13,82.76
2024-07-14 07:30:00,AWS_Chennai_001,28.89,1001.07,81.22,0,normal,False,28.89,1001.07,81.22
2024-07-14 07:40:00,AWS_Chennai_001,29.32,1000.96,83.43,0,normal,False,29.32,1000.96,83.43
2024-07-14 07:50:00,AWS_Chennai_001,29.45,1000.88,83.15,0,normal,False,29.45,1000.88,83.15
2024-07-14 08:00:00,AWS_Chennai_001,29.68,1000.91,81.31,0,normal,False,29.68,1000.91,81.31
2024-07-14 08:10:00,AWS_Chennai_001,30.49,1001.02,83.29,0,normal,False,30.49,1001.02,83.29
2024-07-14 08:20:00,AWS_Chennai_001,30.33,1001.06,84.59,0,normal,False,30.33,1001.06,84.59
2024-07-14 08:30:00,AWS_Chennai_001,30.99,1000.78,83.07,0,normal,False,30.99,1000.78,83.07
2024-07-14 08:40:00,AWS_Chennai_001,31.07,1000.83,81.26,0,normal,False,31.07,1000.83,81.26
2024-07-14 08:50:00,AWS_Chennai_001,31.62,1000.68,78.31,0,normal,False,31.62,1000.68,78.31
2024-07-14 09:00:00,AWS_Chennai_001,31.88,1000.64,78.45,0,normal,False,31.88,1000.64,78.45
2024-07-14 09:10:00,AWS_Chennai_001,32.04,1000.88,79.5,0,normal,False,32.04,1000.88,79.5
2024-07-14 09:20:00,AWS_Chennai_001,32.2,1000.69,78.81,0,normal,False,32.2,1000.69,78.81
2024-07-14 09:30:00,AWS_Chennai_001,32.25,1000.49,80.01,0,normal,False,32.25,1000.49,80.01
2024-07-14 09:40:00,AWS_Chennai_001,32.02,1000.32,78.85,0,normal,False,32.02,1000.32,78.85
2024-07-14 09:50:00,AWS_Chennai_001,31.87,1000.31,76.73,0,normal,False,31.87,1000.31,76.73
2024-07-14 10:00:00,AWS_Chennai_001,32.0,1000.35,77.37,0,normal,False,32.0,1000.35,77.37
2024-07-14 10:10:00,AWS_Chennai_001,32.31,1000.4,77.92,0,normal,False,32.31,1000.4,77.92
2024-07-14 10:20:00,AWS_Chennai_001,32.45,1000.68,76.84,0,normal,False,32.45,1000.68,76.84
2024-07-14 10:30:00,AWS_Chennai_001,32.5,1000.75,75.77,0,normal,False,32.5,1000.75,75.77
2024-07-14 10:40:00,AWS_Chennai_001,33.09,1000.91,76.94,0,normal,False,33.09,1000.91,76.94
2024-07-14 10:50:00,AWS_Chennai_001,33.43,1001.07,75.95,0,normal,False,33.43,1001.07,75.95
2024-07-14 11:00:00,AWS_Chennai_001,33.76,1000.99,74.64,0,normal,False,33.76,1000.99,74.64
2024-07-14 11:10:00,AWS_Chennai_001,34.04,1001.07,75.19,0,normal,False,34.04,1001.07,75.19
2024-07-14 11:20:00,AWS_Chennai_001,34.01,1001.04,74.79,0,normal,False,34.01,1001.04,74.79
2024-07-14 11:30:00,AWS_Chennai_001,34.18,1001.08,76.19,0,normal,False,34.18,1001.08,76.19
2024-07-14 11:40:00,AWS_Chennai_001,34.23,1000.92,76.93,0,normal,False,34.23,1000.92,76.93
2024-07-14 11:50:00,AWS_Chennai_001,34.71,1001.08,78.26,0,normal,False,34.71,1001.08,78.26
2024-07-14 12:00:00,AWS_Chennai_001,34.56,1001.24,79.13,0,normal,False,34.56,1001.24,79.13
2024-07-14 12:10:00,AWS_Chennai_001,34.66,1001.16,79.26,0,normal,False,34.66,1001.16,79.26
2024-07-14 12:20:00,AWS_Chennai_001,35.17,1001.19,82.42,0,normal,False,35.17,1001.19,82.42
2024-07-14 12:30:00,AWS_Chennai_001,35.19,1001.35,80.7,0,normal,False,35.19,1001.35,80.7
2024-07-14 12:40:00,AWS_Chennai_001,34.62,1001.59,81.49,0,normal,False,34.62,1001.59,81.49
2024-07-14 12:50:00,AWS_Chennai_001,33.86,1001.64,80.71,0,normal,False,33.86,1001.64,80.71
2024-07-14 13:00:00,AWS_Chennai_001,34.23,1001.84,79.2,0,normal,False,34.23,1001.84,79.2
2024-07-14 13:10:00,AWS_Chennai_001,34.61,1001.91,79.36,0,normal,False,34.61,1001.91,79.36
2024-07-14 13:20:00,AWS_Chennai_001,34.81,1002.12,76.72,0,normal,False,34.81,1002.12,76.72
2024-07-14 13:30:00,AWS_Chennai_001,34.6,1001.99,77.68,0,normal,False,34.6,1001.99,77.68
2024-07-14 13:40:00,AWS_Chennai_001,35.34,1001.89,76.51,0,normal,False,35.34,1001.89,76.51
2024-07-14 13:50:00,AWS_Chennai_001,35.58,1002.15,77.44,0,normal,False,35.58,1002.15,77.44
2024-07-14 14:00:00,AWS_Chennai_001,35.63,1001.99,77.12,0,normal,False,35.63,1001.99,77.12
2024-07-14 14:10:00,AWS_Chennai_001,35.56,1002.32,77.13,0,normal,False,35.56,1002.32,77.13
2024-07-14 14:20:00,AWS_Chennai_001,35.48,1002.33,75.72,0,normal,False,35.48,1002.33,75.72
2024-07-14 14:30:00,AWS_Chennai_001,36.05,1002.26,74.58,0,normal,False,36.05,1002.26,74.58
2024-07-14 14:40:00,AWS_Chennai_001,36.08,1002.17,75.52,0,normal,False,36.08,1002.17,75.52
2024-07-14 14:50:00,AWS_Chennai_001,36.43,1002.05,75.25,0,normal,False,36.43,1002.05,75.25
2024-07-14 15:00:00,AWS_Chennai_001,36.11,1002.13,76.81,0,normal,False,36.11,1002.13,76.81
2024-07-14 15:10:00,AWS_Chennai_001,35.65,1002.16,76.28,0,normal,False,35.65,1002.16,76.28
2024-07-14 15:20:00,AWS_Chennai_001,35.62,1002.05,76.43,0,normal,False,35.62,1002.05,76.43
2024-07-14 15:30:00,AWS_Chennai_001,35.7,1002.07,77.82,0,normal,False,35.7,1002.07,77.82
2024-07-14 15:40:00,AWS_Chennai_001,35.51,1002.23,76.43,0,normal,False,35.51,1002.23,76.43
2024-07-14 15:50:00,AWS_Chennai_001,35.1,1002.51,76.86,0,normal,False,35.1,1002.51,76.86
2024-07-14 16:00:00,AWS_Chennai_001,35.39,1002.69,77.72,0,normal,False,35.39,1002.69,77.72
2024-07-14 16:10:00,AWS_Chennai_001,34.85,1002.76,77.12,0,normal,False,34.85,1002.76,77.12
2024-07-14 16:20:00,AWS_Chennai_001,34.48,1002.58,77.13,0,normal,False,34.48,1002.58,77.13
2024-07-14 16:30:00,AWS_Chennai_001,34.26,1002.45,75.33,0,normal,False,34.26,1002.45,75.33
2024-07-14 16:40:00,AWS_Chennai_001,34.06,1002.23,76.62,0,normal,False,34.06,1002.23,76.62
2024-07-14 16:50:00,AWS_Chennai_001,33.69,1001.94,75.17,0,normal,False,33.69,1001.94,75.17
2024-07-14 17:00:00,AWS_Chennai_001,33.46,1001.96,76.24,0,normal,False,33.46,1001.96,76.24
2024-07-14 17:10:00,AWS_Chennai_001,32.87,1002.06,78.43,0,normal,False,32.87,1002.06,78.43
2024-07-14 17:20:00,AWS_Chennai_001,32.94,1002.14,79.1,0,normal,False,32.94,1002.14,79.1
2024-07-14 17:30:00,AWS_Chennai_001,32.93,1002.31,79.78,0,normal,False,32.93,1002.31,79.78
2024-07-14 17:40:00,AWS_Chennai_001,32.67,1002.15,78.23,0,normal,False,32.67,1002.15,78.23
2024-07-14 17:50:00,AWS_Chennai_001,33.01,1002.16,81.29,0,normal,False,33.01,1002.16,81.29
2024-07-14 18:00:00,AWS_Chennai_001,32.86,1002.19,84.45,0,normal,False,32.86,1002.19,84.45
2024-07-14 18:10:00,AWS_Chennai_001,32.48,1002.05,83.23,0,normal,False,32.48,1002.05,83.23
2024-07-14 18:20:00,AWS_Chennai_001,31.86,1001.81,83.38,0,normal,False,31.86,1001.81,83.38
2024-07-14 18:30:00,AWS_Chennai_001,31.06,1001.51,80.94,0,normal,False,31.06,1001.51,80.94
2024-07-14 18:40:00,AWS_Chennai_001,30.56,1001.43,78.6,0,normal,False,30.56,1001.43,78.6
2024-07-14 18:50:00,AWS_Chennai_001,30.11,1001.62,81.31,0,normal,False,30.11,1001.62,81.31
2024-07-14 19:00:00,AWS_Chennai_001,29.9,1001.49,80.37,0,normal,False,29.9,1001.49,80.37
2024-07-14 19:10:00,AWS_Chennai_001,29.61,1001.43,82.33,0,normal,False,29.61,1001.43,82.33
2024-07-14 19:20:00,AWS_Chennai_001,29.53,1001.4,82.79,0,normal,False,29.53,1001.4,82.79
2024-07-14 19:30:00,AWS_Chennai_001,29.04,1000.99,84.27,0,normal,False,29.04,1000.99,84.27
2024-07-14 19:40:00,AWS_Chennai_001,28.63,1001.1,84.23,0,normal,False,28.63,1001.1,84.23
2024-07-14 19:50:00,AWS_Chennai_001,28.4,1000.96,86.56,0,normal,False,28.4,1000.96,86.56
2024-07-14 20:00:00,AWS_Chennai_001,28.26,1000.77,86.11,0,normal,False,28.26,1000.77,86.11
2024-07-14 20:10:00,AWS_Chennai_001,27.64,1000.76,84.37,0,normal,False,27.64,1000.76,84.37
2024-07-14 20:20:00,AWS_Chennai_001,27.05,1001.06,87.96,0,normal,False,27.05,1001.06,87.96
2024-07-14 20:30:00,AWS_Chennai_001,26.94,1001.22,87.41,0,normal,False,26.94,1001.22,87.41
2024-07-14 20:40:00,AWS_Chennai_001,26.66,1001.28,88.78,0,normal,False,26.66,1001.28,88.78
2024-07-14 20:50:00,AWS_Chennai_001,26.54,1001.44,91.18,0,normal,False,26.54,1001.44,91.18
2024-07-14 21:00:00,AWS_Chennai_001,26.76,1001.43,93.83,0,normal,False,26.76,1001.43,93.83
2024-07-14 21:10:00,AWS_Chennai_001,27.07,1001.35,94.15,0,normal,False,27.07,1001.35,94.15
2024-07-14 21:20:00,AWS_Chennai_001,27.03,1000.99,93.42,0,normal,False,27.03,1000.99,93.42
2024-07-14 21:30:00,AWS_Chennai_001,26.99,1001.1,95.06,0,normal,False,26.99,1001.1,95.06
2024-07-14 21:40:00,AWS_Chennai_001,27.02,1000.95,94.73,0,normal,False,27.02,1000.95,94.73
2024-07-14 21:50:00,AWS_Chennai_001,27.47,1001.18,94.16,0,normal,False,27.47,1001.18,94.16
2024-07-14 22:00:00,AWS_Chennai_001,27.31,1001.33,92.69,0,normal,False,27.31,1001.33,92.69
2024-07-14 22:10:00,AWS_Chennai_001,27.23,1001.51,91.2,0,normal,False,27.23,1001.51,91.2
2024-07-14 22:20:00,AWS_Chennai_001,27.53,1001.53,90.48,0,normal,False,27.53,1001.53,90.48
2024-07-14 22:30:00,AWS_Chennai_001,26.9,1001.61,91.11,0,normal,False,26.9,1001.61,91.11
2024-07-14 22:40:00,AWS_Chennai_001,26.43,1001.28,90.57,0,normal,False,26.43,1001.28,90.57
2024-07-14 22:50:00,AWS_Chennai_001,25.91,1001.02,90.65,0,normal,False,25.91,1001.02,90.65
2024-07-14 23:00:00,AWS_Chennai_001,25.77,1000.98,89.2,0,normal,False,25.77,1000.98,89.2
2024-07-14 23:10:00,AWS_Chennai_001,25.82,1001.09,91.2,0,normal,False,25.82,1001.09,91.2
2024-07-14 23:20:00,AWS_Chennai_001,25.73,1000.87,90.23,0,normal,False,25.73,1000.87,90.23
2024-07-14 23:30:00,AWS_Chennai_001,25.39,1000.94,88.31,0,normal,False,25.39,1000.94,88.31
2024-07-14 23:40:00,AWS_Chennai_001,24.96,1000.84,88.06,0,normal,False,24.96,1000.84,88.06
2024-07-14 23:50:00,AWS_Chennai_001,25.15,1000.87,87.72,0,normal,False,25.15,1000.87,87.72
2024-07-15 00:00:00,AWS_Chennai_001,25.56,1001.18,87.77,0,normal,False,25.56,1001.18,87.77
2024-07-15 00:10:00,AWS_Chennai_001,25.27,1001.39,88.04,0,normal,False,25.27,1001.39,88.04
2024-07-15 00:20:00,AWS_Chennai_001,25.66,1001.53,87.27,0,normal,False,25.66,1001.53,87.27
2024-07-15 00:30:00,AWS_Chennai_001,25.43,1001.75,86.93,0,normal,False,25.43,1001.75,86.93
2024-07-15 00:40:00,AWS_Chennai_001,25.16,1002.1,85.53,0,normal,False,25.16,1002.1,85.53
2024-07-15 00:50:00,AWS_Chennai_001,24.76,1002.22,85.19,0,normal,False,24.76,1002.22,85.19
2024-07-15 01:00:00,AWS_Chennai_001,24.87,1002.24,85.79,0,normal,False,24.87,1002.24,85.79
2024-07-15 01:10:00,AWS_Chennai_001,24.86,1002.21,87.28,0,normal,False,24.86,1002.21,87.28
2024-07-15 01:20:00,AWS_Chennai_001,24.78,1002.29,88.28,0,normal,False,24.78,1002.29,88.28
2024-07-15 01:30:00,AWS_Chennai_001,24.59,1002.35,90.04,0,normal,False,24.59,1002.35,90.04
2024-07-15 01:40:00,AWS_Chennai_001,24.58,1002.48,89.91,0,normal,False,24.58,1002.48,89.91
2024-07-15 01:50:00,AWS_Chennai_001,24.74,1002.45,90.1,0,normal,False,24.74,1002.45,90.1
2024-07-15 02:00:00,AWS_Chennai_001,25.02,1002.69,89.99,0,normal,False,25.02,1002.69,89.99
2024-07-15 02:10:00,AWS_Chennai_001,25.0,1002.71,91.29,0,normal,False,25.0,1002.71,91.29
2024-07-15 02:20:00,AWS_Chennai_001,24.43,1002.93,89.53,0,normal,False,24.43,1002.93,89.53
2024-07-15 02:30:00,AWS_Chennai_001,24.32,1003.09,89.69,0,normal,False,24.32,1003.09,89.69
2024-07-15 02:40:00,AWS_Chennai_001,24.37,1003.12,90.28,0,normal,False,24.37,1003.12,90.28
2024-07-15 02:50:00,AWS_Chennai_001,24.33,1003.11,92.15,0,normal,False,24.33,1003.11,92.15
2024-07-15 03:00:00,AWS_Chennai_001,24.69,1003.44,94.44,0,normal,False,24.69,1003.44,94.44
2024-07-15 03:10:00,AWS_Chennai_001,24.91,1003.53,95.24,0,normal,False,24.91,1003.53,95.24
2024-07-15 03:20:00,AWS_Chennai_001,24.97,1003.3,95.62,0,normal,False,24.97,1003.3,95.62
2024-07-15 03:30:00,AWS_Chennai_001,24.77,1003.35,96.89,0,normal,False,24.77,1003.35,96.89
2024-07-15 03:40:00,AWS_Chennai_001,24.32,1003.45,96.4,0,normal,False,24.32,1003.45,96.4
2024-07-15 03:50:00,AWS_Chennai_001,24.63,1003.54,94.83,0,normal,False,24.63,1003.54,94.83
2024-07-15 04:00:00,AWS_Chennai_001,24.52,1003.53,92.6,0,normal,False,24.52,1003.53,92.6
2024-07-15 04:10:00,AWS_Chennai_001,24.5,1003.67,94.02,0,normal,False,24.5,1003.67,94.02
2024-07-15 04:20:00,AWS_Chennai_001,25.0,1003.5,92.89,0,normal,False,25.0,1003.5,92.89
2024-07-15 04:30:00,AWS_Chennai_001,25.14,1003.34,91.11,0,normal,False,25.14,1003.34,91.11
2024-07-15 04:40:00,AWS_Chennai_001,25.53,1003.42,90.92,0,normal,False,25.53,1003.42,90.92
2024-07-15 04:50:00,AWS_Chennai_001,25.66,1003.59,89.89,0,normal,False,25.66,1003.59,89.89
2024-07-15 05:00:00,AWS_Chennai_001,26.25,1003.32,88.09,0,normal,False,26.25,1003.32,88.09
2024-07-15 05:10:00,AWS_Chennai_001,26.44,1003.14,87.95,0,normal,False,26.44,1003.14,87.95
2024-07-15 05:20:00,AWS_Chennai_001,26.5,1003.19,87.32,0,normal,False,26.5,1003.19,87.32
2024-07-15 05:30:00,AWS_Chennai_001,26.25,1003.08,90.96,0,normal,False,26.25,1003.08,90.96
2024-07-15 05:40:00,AWS_Chennai_001,26.04,1003.01,88.9,0,normal,False,26.04,1003.01,88.9
2024-07-15 05:50:00,AWS_Chennai_001,25.73,1002.83,90.12,0,normal,False,25.73,1002.83,90.12
2024-07-15 06:00:00,AWS_Chennai_001,26.41,1002.74,89.65,0,normal,False,26.41,1002.74,89.65
2024-07-15 06:10:00,AWS_Chennai_001,26.79,1002.55,89.27,0,normal,False,26.79,1002.55,89.27
2024-07-15 06:20:00,AWS_Chennai_001,27.22,1002.22,88.2,0,normal,False,27.22,1002.22,88.2
2024-07-15 06:30:00,AWS_Chennai_001,27.36,1002.21,85.63,0,normal,False,27.36,1002.21,85.63
2024-07-15 06:40:00,AWS_Chennai_001,27.0,1001.82,84.41,0,normal,False,27.0,1001.82,84.41
2024-07-15 06:50:00,AWS_Chennai_001,27.42,1001.83,85.79,0,normal,False,27.42,1001.83,85.79
2024-07-15 07:00:00,AWS_Chennai_001,27.65,1001.74,85.45,0,normal,False,27.65,1001.74,85.45
2024-07-15 07:10:00,AWS_Chennai_001,27.77,1002.06,85.9,0,normal,False,27.77,1002.06,85.9
2024-07-15 07:20:00,AWS_Chennai_001,27.78,1001.95,87.12,0,normal,False,27.78,1001.95,87.12
2024-07-15 07:30:00,AWS_Chennai_001,27.46,1001.84,88.58,0,normal,False,27.46,1001.84,88.58
2024-07-15 07:40:00,AWS_Chennai_001,27.92,1001.7,89.6,0,normal,False,27.92,1001.7,89.6
2024-07-15 07:50:00,AWS_Chennai_001,28.14,1001.5,88.97,0,normal,False,28.14,1001.5,88.97
2024-07-15 08:00:00,AWS_Chennai_001,28.86,1001.52,88.53,0,normal,False,28.86,1001.52,88.53
2024-07-15 08:10:00,AWS_Chennai_001,28.7,1001.43,89.33,0,normal,False,28.7,1001.43,89.33
2024-07-15 08:20:00,AWS_Chennai_001,29.27,1001.15,87.32,0,normal,False,29.27,1001.15,87.32
2024-07-15 08:30:00,AWS_Chennai_001,29.46,1001.07,87.95,0,normal,False,29.46,1001.07,87.95
2024-07-15 08:40:00,AWS_Chennai_001,29.25,1000.94,88.84,0,normal,False,29.25,1000.94,88.84
2024-07-15 08:50:00,AWS_Chennai_001,29.8,1000.71,89.36,0,normal,False,29.8,1000.71,89.36
2024-07-15 09:00:00,AWS_Chennai_001,29.68,1000.83,89.9,0,normal,False,29.68,1000.83,89.9
2024-07-15 09:10:00,AWS_Chennai_001,30.04,1000.7,86.39,0,normal,False,30.04,1000.7,86.39
2024-07-15 09:20:00,AWS_Chennai_001,30.77,1000.51,85.03,0,normal,False,30.77,1000.51,85.03
2024-07-15 09:30:00,AWS_Chennai_001,30.94,1000.55,85.55,0,normal,False,30.94,1000.55,85.55
2024-07-15 09:40:00,AWS_Chennai_001,31.32,1000.62,84.93,0,normal,False,31.32,1000.62,84.93
2024-07-15 09:50:00,AWS_Chennai_001,31.28,1000.8,85.22,0,normal,False,31.28,1000.8,85.22
2024-07-15 10:00:00,AWS_Chennai_001,31.77,1000.83,85.97,0,normal,False,31.77,1000.83,85.97
2024-07-15 10:10:00,AWS_Chennai_001,31.28,1001.05,85.29,0,normal,False,31.28,1001.05,85.29
2024-07-15 10:20:00,AWS_Chennai_001,31.42,1001.02,83.98,0,normal,False,31.42,1001.02,83.98
2024-07-15 10:30:00,AWS_Chennai_001,31.69,1001.1,86.11,0,normal,False,31.69,1001.1,86.11
2024-07-15 10:40:00,AWS_Chennai_001,31.95,1000.97,89.12,0,normal,False,31.95,1000.97,89.12
2024-07-15 10:50:00,AWS_Chennai_001,32.18,1001.0,87.77,0,normal,False,32.18,1001.0,87.77
2024-07-15 11:00:00,AWS_Chennai_001,32.0,1001.27,85.49,0,normal,False,32.0,1001.27,85.49
2024-07-15 11:10:00,AWS_Chennai_001,32.55,1001.3,85.99,0,normal,False,32.55,1001.3,85.99
2024-07-15 11:20:00,AWS_Chennai_001,32.68,1001.42,85.58,0,normal,False,32.68,1001.42,85.58
2024-07-15 11:30:00,AWS_Chennai_001,32.91,1001.67,85.22,0,normal,False,32.91,1001.67,85.22
2024-07-15 11:40:00,AWS_Chennai_001,32.78,1001.49,84.0,0,normal,False,32.78,1001.49,84.0
2024-07-15 11:50:00,AWS_Chennai_001,33.19,1001.64,84.9,0,normal,False,33.19,1001.64,84.9
2024-07-15 12:00:00,AWS_Chennai_001,33.49,1001.78,83.45,0,normal,False,33.49,1001.78,83.45
2024-07-15 12:10:00,AWS_Chennai_001,33.82,1002.08,83.0,0,normal,False,33.82,1002.08,83.0
2024-07-15 12:20:00,AWS_Chennai_001,34.16,1002.06,84.34,0,normal,False,34.16,1002.06,84.34
2024-07-15 12:30:00,AWS_Chennai_001,34.49,1002.14,82.63,0,normal,False,34.49,1002.14,82.63
2024-07-15 12:40:00,AWS_Chennai_001,34.71,1002.45,82.61,0,normal,False,34.71,1002.45,82.61
2024-07-15 12:50:00,AWS_Chennai_001,35.5,1002.3,81.28,0,normal,False,35.5,1002.3,81.28
2024-07-15 13:00:00,AWS_Chennai_001,35.31,1002.36,82.58,0,normal,False,35.31,1002.36,82.58
2024-07-15 13:10:00,AWS_Chennai_001,35.18,1002.42,83.28,0,normal,False,35.18,1002.42,83.28
2024-07-15 13:20:00,AWS_Chennai_001,35.27,1002.49,82.99,0,normal,False,35.27,1002.49,82.99
2024-07-15 13:30:00,AWS_Chennai_001,35.73,1002.42,85.14,0,normal,False,35.73,1002.42,85.14
2024-07-15 13:40:00,AWS_Chennai_001,35.56,1002.57,85.71,0,normal,False,35.56,1002.57,85.71
2024-07-15 13:50:00,AWS_Chennai_001,35.58,1002.63,86.08,0,normal,False,35.58,1002.63,86.08
2024-07-15 14:00:00,AWS_Chennai_001,35.48,1002.57,87.52,0,normal,False,35.48,1002.57,87.52
2024-07-15 14:10:00,AWS_Chennai_001,35.35,1002.62,86.9,0,normal,False,35.35,1002.62,86.9
2024-07-15 14:20:00,AWS_Chennai_001,35.4,1002.76,85.55,0,normal,False,35.4,1002.76,85.55
2024-07-15 14:30:00,AWS_Chennai_001,34.68,1003.12,83.55,0,normal,False,34.68,1003.12,83.55
2024-07-15 14:40:00,AWS_Chennai_001,34.75,1002.98,83.35,0,normal,False,34.75,1002.98,83.35
2024-07-15 14:50:00,AWS_Chennai_001,34.2,1003.3,82.93,0,normal,False,34.2,1003.3,82.93
2024-07-15 15:00:00,AWS_Chennai_001,34.1,1003.4,81.89,0,normal,False,34.1,1003.4,81.89
2024-07-15 15:10:00,AWS_Chennai_001,33.53,1003.57,78.88,0,normal,False,33.53,1003.57,78.88
2024-07-15 15:20:00,AWS_Chennai_001,33.58,1003.31,79.67,0,normal,False,33.58,1003.31,79.67
2024-07-15 15:30:00,AWS_Chennai_001,33.73,1003.25,78.99,0,normal,False,33.73,1003.25,78.99
2024-07-15 15:40:00,AWS_Chennai_001,33.46,1003.23,78.56,0,normal,False,33.46,1003.23,78.56
2024-07-15 15:50:00,AWS_Chennai_001,33.15,1003.16,78.13,0,normal,False,33.15,1003.16,78.13
2024-07-15 16:00:00,AWS_Chennai_001,33.88,1003.05,77.72,0,normal,False,33.88,1003.05,77.72
2024-07-15 16:10:00,AWS_Chennai_001,33.94,1003.28,76.86,0,normal,False,33.94,1003.28,76.86
2024-07-15 16:20:00,AWS_Chennai_001,33.75,1003.11,79.12,0,normal,False,33.75,1003.11,79.12
2024-07-15 16:30:00,AWS_Chennai_001,33.84,1003.16,78.19,0,normal,False,33.84,1003.16,78.19
2024-07-15 16:40:00,AWS_Chennai_001,33.73,1003.26,80.94,0,normal,False,33.73,1003.26,80.94
2024-07-15 16:50:00,AWS_Chennai_001,33.52,1003.29,82.72,0,normal,False,33.52,1003.29,82.72
2024-07-15 17:00:00,AWS_Chennai_001,33.38,1003.35,80.08,0,normal,False,33.38,1003.35,80.08
2024-07-15 17:10:00,AWS_Chennai_001,33.34,1003.26,81.7,0,normal,False,33.34,1003.26,81.7
2024-07-15 17:20:00,AWS_Chennai_001,33.78,1003.28,79.61,0,normal,False,33.78,1003.28,79.61
2024-07-15 17:30:00,AWS_Chennai_001,33.24,1003.28,81.2,0,normal,False,33.24,1003.28,81.2
2024-07-15 17:40:00,AWS_Chennai_001,33.55,1003.32,80.14,0,normal,False,33.55,1003.32,80.14
2024-07-15 17:50:00,AWS_Chennai_001,34.01,1003.17,80.97,0,normal,False,34.01,1003.17,80.97
2024-07-15 18:00:00,AWS_Chennai_001,33.36,1003.16,83.89,0,normal,False,33.36,1003.16,83.89
2024-07-15 18:10:00,AWS_Chennai_001,33.37,1003.04,84.35,0,normal,False,33.37,1003.04,84.35
2024-07-15 18:20:00,AWS_Chennai_001,33.19,1002.89,86.33,0,normal,False,33.19,1002.89,86.33
2024-07-15 18:30:00,AWS_Chennai_001,33.19,1002.84,85.89,0,normal,False,33.19,1002.84,85.89
2024-07-15 18:40:00,AWS_Chennai_001,32.77,1002.94,90.74,0,normal,False,32.77,1002.94,90.74
2024-07-15 18:50:00,AWS_Chennai_001,32.63,1002.74,89.82,0,normal,False,32.63,1002.74,89.82
2024-07-15 19:00:00,AWS_Chennai_001,32.26,1002.77,88.07,0,normal,False,32.26,1002.77,88.07
2024-07-15 19:10:00,AWS_Chennai_001,31.95,1002.76,89.53,0,normal,False,31.95,1002.76,89.53
2024-07-15 19:20:00,AWS_Chennai_001,31.63,1002.43,91.98,0,normal,False,31.63,1002.43,91.98
2024-07-15 19:30:00,AWS_Chennai_001,31.73,1002.36,91.43,0,normal,False,31.73,1002.36,91.43
2024-07-15 19:40:00,AWS_Chennai_001,31.35,1002.23,91.84,0,normal,False,31.35,1002.23,91.84
2024-07-15 19:50:00,AWS_Chennai_001,31.16,1001.95,89.61,0,normal,False,31.16,1001.95,89.61
2024-07-15 20:00:00,AWS_Chennai_001,30.78,1001.91,87.75,0,normal,False,30.78,1001.91,87.75
2024-07-15 20:10:00,AWS_Chennai_001,30.58,1002.02,87.3,0,normal,False,30.58,1002.02,87.3
2024-07-15 20:20:00,AWS_Chennai_001,30.6,1001.82,88.29,0,normal,False,30.6,1001.82,88.29
2024-07-15 20:30:00,AWS_Chennai_001,29.99,1001.74,86.68,0,normal,False,29.99,1001.74,86.68
2024-07-15 20:40:00,AWS_Chennai_001,29.72,1001.77,89.02,0,normal,False,29.72,1001.77,89.02
2024-07-15 20:50:00,AWS_Chennai_001,29.25,1001.65,86.56,0,normal,False,29.25,1001.65,86.56
2024-07-15 21:00:00,AWS_Chennai_001,29.22,1001.5,85.57,0,normal,False,29.22,1001.5,85.57
2024-07-15 21:10:00,AWS_Chennai_001,28.97,1001.67,84.56,0,normal,False,28.97,1001.67,84.56
2024-07-15 21:20:00,AWS_Chennai_001,29.11,1001.76,85.05,0,normal,False,29.11,1001.76,85.05
2024-07-15 21:30:00,AWS_Chennai_001,29.18,1001.73,83.75,0,normal,False,29.18,1001.73,83.75
2024-07-15 21:40:00,AWS_Chennai_001,28.97,1001.68,82.48,0,normal,False,28.97,1001.68,82.48
2024-07-15 21:50:00,AWS_Chennai_001,29.08,1001.54,80.62,0,normal,False,29.08,1001.54,80.62
2024-07-15 22:00:00,AWS_Chennai_001,28.61,1001.62,82.92,0,normal,False,28.61,1001.62,82.92
2024-07-15 22:10:00,AWS_Chennai_001,28.51,1001.67,86.84,0,normal,False,28.51,1001.67,86.84
2024-07-15 22:20:00,AWS_Chennai_001,28.07,1001.6,86.74,0,normal,False,28.07,1001.6,86.74
2024-07-15 22:30:00,AWS_Chennai_001,27.57,1001.53,89.72,0,normal,False,27.57,1001.53,89.72
2024-07-15 22:40:00,AWS_Chennai_001,27.4,1001.61,88.37,0,normal,False,27.4,1001.61,88.37
2024-07-15 22:50:00,AWS_Chennai_001,27.23,1001.8,87.77,0,normal,False,27.23,1001.8,87.77
2024-07-15 23:00:00,AWS_Chennai_001,27.67,1001.91,90.21,0,normal,False,27.67,1001.91,90.21
2024-07-15 23:10:00,AWS_Chennai_001,27.83,1002.07,91.11,0,normal,False,27.83,1002.07,91.11
2024-07-15 23:20:00,AWS_Chennai_001,27.81,1002.3,90.2,0,normal,False,27.81,1002.3,90.2
2024-07-15 23:30:00,AWS_Chennai_001,27.81,1002.12,92.79,0,normal,False,27.81,1002.12,92.79
2024-07-15 23:40:00,AWS_Chennai_001,27.91,1002.23,92.0,0,normal,False,27.91,1002.23,92.0
2024-07-15 23:50:00,AWS_Chennai_001,27.77,1002.32,88.7,0,normal,False,27.77,1002.32,88.7
2024-07-16 00:00:00,AWS_Chennai_001,27.78,1002.32,90.96,0,normal,False,27.78,1002.32,90.96
2024-07-16 00:10:00,AWS_Chennai_001,27.87,1002.47,92.85,0,normal,False,27.87,1002.47,92.85
2024-07-16 00:20:00,AWS_Chennai_001,28.0,1002.85,93.67,0,normal,False,28.0,1002.85,93.67
2024-07-16 00:30:00,AWS_Chennai_001,28.28,1003.12,93.61,0,normal,False,28.28,1003.12,93.61
2024-07-16 00:40:00,AWS_Chennai_001,28.43,1003.23,93.26,0,normal,False,28.43,1003.23,93.26
2024-07-16 00:50:00,AWS_Chennai_001,28.56,1003.34,97.3,0,normal,False,28.56,1003.34,97.3
2024-07-16 01:00:00,AWS_Chennai_001,28.64,1003.5,99.15,0,normal,False,28.64,1003.5,99.15
2024-07-16 01:10:00,AWS_Chennai_001,28.61,1003.53,99.03,0,normal,False,28.61,1003.53,99.03
2024-07-16 01:20:00,AWS_Chennai_001,28.0,1003.48,100.0,0,normal,False,28.0,1003.48,100.0
2024-07-16 01:30:00,AWS_Chennai_001,28.07,1003.46,100.0,0,normal,False,28.07,1003.46,100.0
2024-07-16 01:40:00,AWS_Chennai_001,28.38,1003.5,100.0,0,normal,False,28.38,1003.5,100.0
2024-07-16 01:50:00,AWS_Chennai_001,28.3,1003.47,100.0,0,normal,False,28.3,1003.47,100.0
2024-07-16 02:00:00,AWS_Chennai_001,28.23,1003.55,99.77,0,normal,False,28.23,1003.55,99.77
2024-07-16 02:10:00,AWS_Chennai_001,28.39,1003.37,99.74,0,normal,False,28.39,1003.37,99.74
2024-07-16 02:20:00,AWS_Chennai_001,28.18,1003.44,96.43,0,normal,False,28.18,1003.44,96.43
2024-07-16 02:30:00,AWS_Chennai_001,28.16,1003.45,93.89,0,normal,False,28.16,1003.45,93.89
2024-07-16 02:40:00,AWS_Chennai_001,28.12,1003.45,95.97,0,normal,False,28.12,1003.45,95.97
2024-07-16 02:50:00,AWS_Chennai_001,28.03,1003.52,97.54,0,normal,False,28.03,1003.52,97.54
2024-07-16 03:00:00,AWS_Chennai_001,28.08,1003.42,98.58,0,normal,False,28.08,1003.42,98.58
2024-07-16 03:10:00,AWS_Chennai_001,27.97,1003.33,98.75,0,normal,False,27.97,1003.33,98.75
2024-07-16 03:20:00,AWS_Chennai_001,27.42,1003.22,96.47,0,normal,False,27.42,1003.22,96.47
2024-07-16 03:30:00,AWS_Chennai_001,27.29,1003.0,96.81,0,normal,False,27.29,1003.0,96.81
2024-07-16 03:40:00,AWS_Chennai_001,27.49,1003.11,94.67,0,normal,False,27.49,1003.11,94.67
2024-07-16 03:50:00,AWS_Chennai_001,26.95,1003.0,94.44,0,normal,False,26.95,1003.0,94.44
2024-07-16 04:00:00,AWS_Chennai_001,26.4,1002.85,93.37,0,normal,False,26.4,1002.85,93.37
2024-07-16 04:10:00,AWS_Chennai_001,26.2,1002.48,91.17,0,normal,False,26.2,1002.48,91.17
2024-07-16 04:20:00,AWS_Chennai_001,25.98,1002.34,90.99,0,normal,False,25.98,1002.34,90.99
2024-07-16 04:30:00,AWS_Chennai_001,25.79,1002.34,88.76,0,normal,False,25.79,1002.34,88.76
2024-07-16 04:40:00,AWS_Chennai_001,25.68,1002.08,89.79,0,normal,False,25.68,1002.08,89.79
2024-07-16 04:50:00,AWS_Chennai_001,25.94,1001.95,89.77,0,normal,False,25.94,1001.95,89.77
2024-07-16 05:00:00,AWS_Chennai_001,26.23,1001.86,89.84,0,normal,False,26.23,1001.86,89.84
2024-07-16 05:10:00,AWS_Chennai_001,26.12,1002.06,89.6,0,normal,False,26.12,1002.06,89.6
2024-07-16 05:20:00,AWS_Chennai_001,0.48,1002.14,90.4,1,spike_temperature,True,25.893333333333334,1002.0933333333332,89.18333333333332
2024-07-16 05:30:00,AWS_Chennai_001,25.82,1002.25,89.94,0,normal,True,25.666666666666668,1002.1266666666667,88.76666666666667
2024-07-16 05:40:00,AWS_Chennai_001,25.44,1002.16,88.35,0,normal,False,25.44,1002.16,88.35
2024-07-16 05:50:00,AWS_Chennai_001,25.74,1002.24,88.34,0,normal,False,25.74,1002.24,88.34
2024-07-16 06:00:00,AWS_Chennai_001,25.83,1002.02,88.82,0,normal,False,25.83,1002.02,88.82
2024-07-16 06:10:00,AWS_Chennai_001,26.05,1001.75,89.77,0,normal,False,26.05,1001.75,89.77
2024-07-16 06:20:00,AWS_Chennai_001,26.06,1001.79,88.76,0,normal,False,26.06,1001.79,88.76
2024-07-16 06:30:00,AWS_Chennai_001,26.1,1001.76,91.67,0,normal,False,26.1,1001.76,91.67
2024-07-16 06:40:00,AWS_Chennai_001,26.48,1001.59,92.58,0,normal,False,26.48,1001.59,92.58
2024-07-16 06:50:00,AWS_Chennai_001,26.63,1001.77,89.97,0,normal,False,26.63,1001.77,89.97
2024-07-16 07:00:00,AWS_Chennai_001,27.45,1001.81,88.26,0,normal,False,27.45,1001.81,88.26
2024-07-16 07:10:00,AWS_Chennai_001,27.38,1001.89,87.27,0,normal,False,27.38,1001.89,87.27
2024-07-16 07:20:00,AWS_Chennai_001,27.31,1001.84,87.85,0,normal,False,27.31,1001.84,87.85
2024-07-16 07:30:00,AWS_Chennai_001,27.74,1001.6,86.68,0,normal,False,27.74,1001.6,86.68
2024-07-16 07:40:00,AWS_Chennai_001,28.04,1001.37,86.17,0,normal,False,28.04,1001.37,86.17
2024-07-16 07:50:00,AWS_Chennai_001,28.29,1001.33,83.08,0,normal,False,28.29,1001.33,83.08
2024-07-16 08:00:00,AWS_Chennai_001,28.46,1001.19,81.94,0,normal,False,28.46,1001.19,81.94
2024-07-16 08:10:00,AWS_Chennai_001,29.2,1001.24,81.11,0,normal,False,29.2,1001.24,81.11
2024-07-16 08:20:00,AWS_Chennai_001,29.88,1001.43,80.85,0,normal,False,29.88,1001.43,80.85
2024-07-16 08:30:00,AWS_Chennai_001,29.89,1001.47,78.68,0,normal,False,29.89,1001.47,78.68
2024-07-16 08:40:00,AWS_Chennai_001,30.18,1001.37,76.19,0,normal,False,30.18,1001.37,76.19
2024-07-16 08:50:00,AWS_Chennai_001,30.81,1001.18,72.91,0,normal,False,30.81,1001.18,72.91
2024-07-16 09:00:00,AWS_Chennai_001,30.98,1000.96,75.7,0,normal,False,30.98,1000.96,75.7
2024-07-16 09:10:00,AWS_Chennai_001,31.03,1001.29,73.03,0,normal,False,31.03,1001.29,73.03
2024-07-16 09:20:00,AWS_Chennai_001,31.94,1001.25,72.68,0,normal,False,31.94,1001.25,72.68
2024-07-16 09:30:00,AWS_Chennai_001,32.08,1001.37,71.62,0,normal,False,32.08,1001.37,71.62
2024-07-16 09:40:00,AWS_Chennai_001,32.51,1001.26,70.97,0,normal,False,32.51,1001.26,70.97
2024-07-16 09:50:00,AWS_Chennai_001,32.59,1001.36,69.95,0,normal,False,32.59,1001.36,69.95
2024-07-16 10:00:00,AWS_Chennai_001,33.37,1001.31,73.64,0,normal,False,33.37,1001.31,73.64
2024-07-16 10:10:00,AWS_Chennai_001,33.26,1001.69,75.44,0,normal,False,33.26,1001.69,75.44
2024-07-16 10:20:00,AWS_Chennai_001,33.92,1001.5,74.25,0,normal,False,33.92,1001.5,74.25
2024-07-16 10:30:00,AWS_Chennai_001,33.77,1001.52,75.51,0,normal,False,33.77,1001.52,75.51
2024-07-16 10:40:00,AWS_Chennai_001,34.22,1001.62,76.58,0,normal,False,34.22,1001.62,76.58
2024-07-16 10:50:00,AWS_Chennai_001,34.77,1001.64,76.02,0,normal,False,34.77,1001.64,76.02
2024-07-16 11:00:00,AWS_Chennai_001,35.08,1001.77,74.04,0,normal,False,35.08,1001.77,74.04
2024-07-16 11:10:00,AWS_Chennai_001,35.23,1002.2,74.32,0,normal,False,35.23,1002.2,74.32
2024-07-16 11:20:00,AWS_Chennai_001,35.63,1002.2,76.98,0,normal,False,35.63,1002.2,76.98
2024-07-16 11:30:00,AWS_Chennai_001,35.89,1002.14,78.52,0,normal,False,35.89,1002.14,78.52
2024-07-16 11:40:00,AWS_Chennai_001,36.5,1002.26,78.64,0,normal,False,36.5,1002.26,78.64
2024-07-16 11:50:00,AWS_Chennai_001,36.74,1002.33,79.95,0,normal,False,36.74,1002.33,79.95
2024-07-16 12:00:00,AWS_Chennai_001,36.65,1002.24,81.53,0,normal,False,36.65,1002.24,81.53
2024-07-16 12:10:00,AWS_Chennai_001,37.32,1002.36,81.44,0,normal,False,37.32,1002.36,81.44
2024-07-16 12:20:00,AWS_Chennai_001,38.17,1002.58,82.84,0,normal,False,38.17,1002.58,82.84
2024-07-16 12:30:00,AWS_Chennai_001,38.2,1002.54,82.07,0,normal,False,38.2,1002.54,82.07
2024-07-16 12:40:00,AWS_Chennai_001,38.06,1002.37,81.56,0,normal,False,38.06,1002.37,81.56
2024-07-16 12:50:00,AWS_Chennai_001,38.04,1002.37,81.86,0,normal,False,38.04,1002.37,81.86
2024-07-16 13:00:00,AWS_Chennai_001,37.91,1002.45,80.81,0,normal,False,37.91,1002.45,80.81
2024-07-16 13:10:00,AWS_Chennai_001,37.72,1002.5,79.62,0,normal,False,37.72,1002.5,79.62
2024-07-16 13:20:00,AWS_Chennai_001,37.6,1002.46,81.24,0,normal,False,37.6,1002.46,81.24
2024-07-16 13:30:00,AWS_Chennai_001,37.45,1002.59,80.3,0,normal,False,37.45,1002.59,80.3
2024-07-16 13:40:00,AWS_Chennai_001,37.31,1002.62,78.37,0,normal,False,37.31,1002.62,78.37
2024-07-16 13:50:00,AWS_Chennai_001,36.74,1002.46,79.45,0,normal,False,36.74,1002.46,79.45
2024-07-16 14:00:00,AWS_Chennai_001,36.79,1002.46,76.95,0,normal,False,36.79,1002.46,76.95
2024-07-16 14:10:00,AWS_Chennai_001,36.91,1002.41,77.52,0,normal,False,36.91,1002.41,77.52
2024-07-16 14:20:00,AWS_Chennai_001,36.89,1002.64,77.72,0,normal,False,36.89,1002.64,77.72
2024-07-16 14:30:00,AWS_Chennai_001,35.67,1002.77,76.6,0,normal,False,35.67,1002.77,76.6
2024-07-16 14:40:00,AWS_Chennai_001,35.16,1002.65,73.4,0,normal,False,35.16,1002.65,73.4
2024-07-16 14:50:00,AWS_Chennai_001,35.36,1002.51,74.96,0,normal,False,35.36,1002.51,74.96
2024-07-16 15:00:00,AWS_Chennai_001,35.2,1002.5,76.27,0,normal,False,35.2,1002.5,76.27
2024-07-16 15:10:00,AWS_Chennai_001,34.24,1002.61,76.89,0,normal,False,34.24,1002.61,76.89
2024-07-16 15:20:00,AWS_Chennai_001,34.48,1002.55,77.75,0,normal,False,34.48,1002.55,77.75
2024-07-16 15:30:00,AWS_Chennai_001,34.17,1002.65,79.17,0,normal,False,34.17,1002.65,79.17
2024-07-16 15:40:00,AWS_Chennai_001,33.31,1002.71,77.9,0,normal,False,33.31,1002.71,77.9
2024-07-16 15:50:00,AWS_Chennai_001,33.23,1002.67,78.46,0,normal,False,33.23,1002.67,78.46
2024-07-16 16:00:00,AWS_Chennai_001,33.26,1002.6,77.91,0,normal,False,33.26,1002.6,77.91
2024-07-16 16:10:00,AWS_Chennai_001,32.96,1002.35,75.47,0,normal,False,32.96,1002.35,75.47
2024-07-16 16:20:00,AWS_Chennai_001,33.24,1002.12,78.36,0,normal,False,33.24,1002.12,78.36
2024-07-16 16:30:00,AWS_Chennai_001,32.8,1002.22,80.48,0,normal,False,32.8,1002.22,80.48
2024-07-16 16:40:00,AWS_Chennai_001,32.59,1002.19,81.03,0,normal,False,32.59,1002.19,81.03
2024-07-16 16:50:00,AWS_Chennai_001,32.57,1002.07,78.89,0,normal,False,32.57,1002.07,78.89
2024-07-16 17:00:00,AWS_Chennai_001,32.46,1002.09,78.32,0,normal,False,32.46,1002.09,78.32
2024-07-16 17:10:00,AWS_Chennai_001,32.65,1001.96,79.95,0,normal,False,32.65,1001.96,79.95
2024-07-16 17:20:00,AWS_Chennai_001,32.69,1001.68,81.58,0,normal,False,32.69,1001.68,81.58
2024-07-16 17:30:00,AWS_Chennai_001,31.79,1001.7,80.73,0,normal,False,31.79,1001.7,80.73
2024-07-16 17:40:00,AWS_Chennai_001,31.68,1001.85,81.94,0,normal,False,31.68,1001.85,81.94
2024-07-16 17:50:00,AWS_Chennai_001,31.72,1001.97,81.52,0,normal,False,31.72,1001.97,81.52
2024-07-16 18:00:00,AWS_Chennai_001,31.55,1001.93,81.38,0,normal,False,31.55,1001.93,81.38
2024-07-16 18:10:00,AWS_Chennai_001,31.32,1001.75,82.84,0,normal,False,31.32,1001.75,82.84
2024-07-16 18:20:00,AWS_Chennai_001,30.59,1001.9,82.81,0,normal,False,30.59,1001.9,82.81
2024-07-16 18:30:00,AWS_Chennai_001,30.45,1001.78,82.17,0,normal,False,30.45,1001.78,82.17
2024-07-16 18:40:00,AWS_Chennai_001,30.15,1001.96,82.76,0,normal,False,30.15,1001.96,82.76
2024-07-16 18:50:00,AWS_Chennai_001,29.64,1001.63,83.37,0,normal,False,29.64,1001.63,83.37
2024-07-16 19:00:00,AWS_Chennai_001,29.44,1001.45,84.71,0,normal,False,29.44,1001.45,84.71
2024-07-16 19:10:00,AWS_Chennai_001,29.28,1001.41,85.61,0,normal,False,29.28,1001.41,85.61
2024-07-16 19:20:00,AWS_Chennai_001,28.71,1001.4,85.93,0,normal,False,28.71,1001.4,85.93
2024-07-16 19:30:00,AWS_Chennai_001,28.86,1001.27,87.26,0,normal,False,28.86,1001.27,87.26
2024-07-16 19:40:00,AWS_Chennai_001,28.66,1001.37,91.27,0,normal,False,28.66,1001.37,91.27
2024-07-16 19:50:00,AWS_Chennai_001,28.57,1001.24,91.62,0,normal,False,28.57,1001.24,91.62
2024-07-16 20:00:00,AWS_Chennai_001,28.54,1001.14,91.32,0,normal,False,28.54,1001.14,91.32
2024-07-16 20:10:00,AWS_Chennai_001,28.26,1001.34,91.5,0,normal,False,28.26,1001.34,91.5
2024-07-16 20:20:00,AWS_Chennai_001,28.23,1001.15,89.66,0,normal,False,28.23,1001.15,89.66
2024-07-16 20:30:00,AWS_Chennai_001,27.69,1001.16,88.63,0,normal,False,27.69,1001.16,88.63
2024-07-16 20:40:00,AWS_Chennai_001,27.3,1001.23,90.31,0,normal,False,27.3,1001.23,90.31
2024-07-16 20:50:00,AWS_Chennai_001,26.98,1000.66,88.39,0,normal,False,26.98,1000.66,88.39
2024-07-16 21:00:00,AWS_Chennai_001,26.37,1000.93,88.16,0,normal,False,26.37,1000.93,88.16
2024-07-16 21:10:00,AWS_Chennai_001,25.96,1001.2,86.39,0,normal,False,25.96,1001.2,86.39
2024-07-16 21:20:00,AWS_Chennai_001,25.96,1001.08,84.5,0,normal,False,25.96,1001.08,84.5
2024-07-16 21:30:00,AWS_Chennai_001,25.61,1001.26,84.62,0,normal,False,25.61,1001.26,84.62
2024-07-16 21:40:00,AWS_Chennai_001,25.83,1001.17,83.95,0,normal,False,25.83,1001.17,83.95
2024-07-16 21:50:00,AWS_Chennai_001,25.67,1001.33,83.49,0,normal,False,25.67,1001.33,83.49
2024-07-16 22:00:00,AWS_Chennai_001,25.35,1001.15,83.13,0,normal,False,25.35,1001.15,83.13
2024-07-16 22:10:00,AWS_Chennai_001,24.9,1001.51,84.02,0,normal,False,24.9,1001.51,84.02
2024-07-16 22:20:00,AWS_Chennai_001,24.46,1001.62,83.47,0,normal,False,24.46,1001.62,83.47
2024-07-16 22:30:00,AWS_Chennai_001,24.49,1001.46,83.62,0,normal,False,24.49,1001.46,83.62
2024-07-16 22:40:00,AWS_Chennai_001,24.6,1001.44,85.44,0,normal,False,24.6,1001.44,85.44
2024-07-16 22:50:00,AWS_Chennai_001,24.93,1001.7,83.75,0,normal,False,24.93,1001.7,83.75
2024-07-16 23:00:00,AWS_Chennai_001,25.01,1001.99,83.41,0,normal,False,25.01,1001.99,83.41
2024-07-16 23:10:00,AWS_Chennai_001,25.36,1002.05,82.56,0,normal,False,25.36,1002.05,82.56
2024-07-16 23:20:00,AWS_Chennai_001,25.18,1002.12,82.24,0,normal,False,25.18,1002.12,82.24
2024-07-16 23:30:00,AWS_Chennai_001,25.51,1002.26,82.2,0,normal,False,25.51,1002.26,82.2
2024-07-16 23:40:00,AWS_Chennai_001,25.08,1002.29,85.54,0,normal,False,25.08,1002.29,85.54
2024-07-16 23:50:00,AWS_Chennai_001,25.4,1002.47,87.09,0,normal,False,25.4,1002.47,87.09
2024-07-17 00:00:00,AWS_Chennai_001,25.91,1002.55,90.27,0,normal,False,25.91,1002.55,90.27
2024-07-17 00:10:00,AWS_Chennai_001,25.93,1002.54,92.72,0,normal,False,25.93,1002.54,92.72
2024-07-17 00:20:00,AWS_Chennai_001,25.91,1002.63,93.18,0,normal,False,25.91,1002.63,93.18
2024-07-17 00:30:00,AWS_Chennai_001,26.08,1002.68,91.46,0,normal,False,26.08,1002.68,91.46
2024-07-17 00:40:00,AWS_Chennai_001,26.24,1002.76,91.06,0,normal,False,26.24,1002.76,91.06
2024-07-17 00:50:00,AWS_Chennai_001,25.94,1002.89,89.77,0,normal,False,25.94,1002.89,89.77
2024-07-17 01:00:00,AWS_Chennai_001,25.72,1002.63,89.49,0,normal,False,25.72,1002.63,89.49
2024-07-17 01:10:00,AWS_Chennai_001,25.96,1002.67,88.09,0,normal,False,25.96,1002.67,88.09
2024-07-17 01:20:00,AWS_Chennai_001,26.41,1002.79,87.23,0,normal,False,26.41,1002.79,87.23
2024-07-17 01:30:00,AWS_Chennai_001,26.44,1002.79,84.74,0,normal,False,26.44,1002.79,84.74
2024-07-17 01:40:00,AWS_Chennai_001,26.52,1002.73,87.71,0,normal,False,26.52,1002.73,87.71
2024-07-17 01:50:00,AWS_Chennai_001,26.82,1002.62,85.8,0,normal,False,26.82,1002.62,85.8
2024-07-17 02:00:00,AWS_Chennai_001,26.61,1002.78,87.15,0,normal,False,26.61,1002.78,87.15
2024-07-17 02:10:00,AWS_Chennai_001,27.03,1002.83,85.28,0,normal,False,27.03,1002.83,85.28
2024-07-17 02:20:00,AWS_Chennai_001,26.82,1002.66,87.21,0,normal,False,26.82,1002.66,87.21
2024-07-17 02:30:00,AWS_Chennai_001,26.89,1002.6,87.35,0,normal,False,26.89,1002.6,87.35
2024-07-17 02:40:00,AWS_Chennai_001,27.2,1002.84,87.33,0,normal,False,27.2,1002.84,87.33
2024-07-17 02:50:00,AWS_Chennai_001,26.96,1003.01,86.65,0,normal,False,26.96,1003.01,86.65
2024-07-17 03:00:00,AWS_Chennai_001,26.6,1003.04,86.77,0,normal,False,26.6,1003.04,86.77
2024-07-17 03:10:00,AWS_Chennai_001,26.38,1003.28,86.9,0,normal,False,26.38,1003.28,86.9
2024-07-17 03:20:00,AWS_Chennai_001,26.24,1003.2,87.4,0,normal,False,26.24,1003.2,87.4
2024-07-17 03:30:00,AWS_Chennai_001,26.09,1003.18,85.18,0,normal,False,26.09,1003.18,85.18
2024-07-17 03:40:00,AWS_Chennai_001,25.69,1003.39,87.16,0,normal,False,25.69,1003.39,87.16
2024-07-17 03:50:00,AWS_Chennai_001,26.0,1003.34,85.63,0,normal,False,26.0,1003.34,85.63
2024-07-17 04:00:00,AWS_Chennai_001,26.24,1003.41,84.77,0,normal,False,26.24,1003.41,84.77
2024-07-17 04:10:00,AWS_Chennai_001,27.01,1003.42,86.43,0,normal,False,27.01,1003.42,86.43
2024-07-17 04:20:00,AWS_Chennai_001,26.56,1003.66,86.99,0,normal,False,26.56,1003.66,86.99
2024-07-17 04:30:00,AWS_Chennai_001,26.65,1003.57,87.98,0,normal,False,26.65,1003.57,87.98
2024-07-17 04:40:00,AWS_Chennai_001,26.15,1003.62,88.91,0,normal,False,26.15,1003.62,88.91
2024-07-17 04:50:00,AWS_Chennai_001,25.62,1003.71,89.11,0,normal,False,25.62,1003.71,89.11
2024-07-17 05:00:00,AWS_Chennai_001,26.24,1003.47,86.44,0,normal,False,26.24,1003.47,86.44
2024-07-17 05:10:00,AWS_Chennai_001,26.46,1003.43,89.45,0,normal,False,26.46,1003.43,89.45
2024-07-17 05:20:00,AWS_Chennai_001,26.4,1003.39,90.97,0,normal,False,26.4,1003.39,90.97
2024-07-17 05:30:00,AWS_Chennai_001,26.6,1003.32,88.8,0,normal,False,26.6,1003.32,88.8
2024-07-17 05:40:00,AWS_Chennai_001,27.01,1003.21,92.22,0,normal,False,27.01,1003.21,92.22
2024-07-17 05:50:00,AWS_Chennai_001,27.48,1003.04,91.11,0,normal,False,27.48,1003.04,91.11
2024-07-17 06:00:00,AWS_Chennai_001,27.28,1002.92,92.38,0,normal,False,27.28,1002.92,92.38
2024-07-17 06:10:00,AWS_Chennai_001,27.62,1003.0,91.14,0,normal,False,27.62,1003.0,91.14
2024-07-17 06:20:00,AWS_Chennai_001,28.13,1002.87,92.76,0,normal,False,28.13,1002.87,92.76
2024-07-17 06:30:00,AWS_Chennai_001,27.83,1002.66,91.36,0,normal,False,27.83,1002.66,91.36
2024-07-17 06:40:00,AWS_Chennai_001,28.23,1002.33,90.89,0,normal,False,28.23,1002.33,90.89
2024-07-17 06:50:00,AWS_Chennai_001,28.71,1002.35,90.67,0,normal,False,28.71,1002.35,90.67
2024-07-17 07:00:00,AWS_Chennai_001,29.38,1002.33,90.7,0,normal,False,29.38,1002.33,90.7
2024-07-17 07:10:00,AWS_Chennai_001,29.48,1002.51,92.73,0,normal,False,29.48,1002.51,92.73
2024-07-17 07:20:00,AWS_Chennai_001,29.77,1002.46,92.56,0,normal,False,29.77,1002.46,92.56
2024-07-17 07:30:00,AWS_Chennai_001,29.95,1002.34,92.87,0,normal,False,29.95,1002.34,92.87
2024-07-17 07:40:00,AWS_Chennai_001,29.88,1002.13,91.11,0,normal,False,29.88,1002.13,91.11
2024-07-17 07:50:00,AWS_Chennai_001,30.31,1001.76,93.33,0,normal,False,30.31,1001.76,93.33
2024-07-17 08:00:00,AWS_Chennai_001,30.34,1001.52,92.64,0,normal,False,30.34,1001.52,92.64
2024-07-17 08:10:00,AWS_Chennai_001,30.24,1001.39,91.35,0,normal,False,30.24,1001.39,91.35
2024-07-17 08:20:00,AWS_Chennai_001,30.43,1001.04,91.46,0,normal,False,30.43,1001.04,91.46
2024-07-17 08:30:00,AWS_Chennai_001,30.46,1000.73,91.08,0,normal,False,30.46,1000.73,91.08
2024-07-17 08:40:00,AWS_Chennai_001,,,,1,missing_data,False,30.916,1000.708,89.76
2024-07-17 08:50:00,AWS_Chennai_001,,,,1,missing_data,False,31.372,1000.686,88.44
2024-07-17 09:00:00,AWS_Chennai_001,,,,1,missing_data,False,31.828000000000003,1000.664,87.12
2024-07-17 09:10:00,AWS_Chennai_001,,,,1,missing_data,False,32.284,1000.642,85.8
2024-07-17 09:20:00,AWS_Chennai_001,32.74,1000.62,84.48,0,normal,False,32.74,1000.62,84.48
2024-07-17 09:30:00,AWS_Chennai_001,33.01,1000.64,84.14,0,normal,False,33.01,1000.64,84.14
2024-07-17 09:40:00,AWS_Chennai_001,33.18,1000.67,83.06,0,normal,False,33.18,1000.67,83.06
2024-07-17 09:50:00,AWS_Chennai_001,33.5,1000.54,85.8,0,normal,False,33.5,1000.54,85.8
2024-07-17 10:00:00,AWS_Chennai_001,32.84,1000.74,86.73,0,normal,False,32.84,1000.74,86.73
2024-07-17 10:10:00,AWS_Chennai_001,32.94,1000.62,86.41,0,normal,False,32.94,1000.62,86.41
2024-07-17 10:20:00,AWS_Chennai_001,32.84,1000.64,84.67,0,normal,False,32.84,1000.64,84.67
2024-07-17 10:30:00,AWS_Chennai_001,33.33,1000.7,86.09,0,normal,False,33.33,1000.7,86.09
2024-07-17 10:40:00,AWS_Chennai_001,33.49,1000.5,85.96,0,normal,False,33.49,1000.5,85.96
2024-07-17 10:50:00,AWS_Chennai_001,34.07,1000.55,83.73,0,normal,False,34.07,1000.55,83.73
2024-07-17 11:00:00,AWS_Chennai_001,34.11,1000.5,84.86,0,normal,False,34.11,1000.5,84.86
2024-07-17 11:10:00,AWS_Chennai_001,33.91,1000.46,84.42,0,normal,False,33.91,1000.46,84.42
2024-07-17 11:20:00,AWS_Chennai_001,34.44,1000.43,83.76,0,normal,False,34.44,1000.43,83.76
2024-07-17 11:30:00,AWS_Chennai_001,34.44,1000.49,80.2,0,normal,False,34.44,1000.49,80.2
2024-07-17 11:40:00,AWS_Chennai_001,34.15,1000.48,80.53,0,normal,False,34.15,1000.48,80.53
2024-07-17 11:50:00,AWS_Chennai_001,34.12,1000.36,79.88,0,normal,False,34.12,1000.36,79.88
2024-07-17 12:00:00,AWS_Chennai_001,34.35,1000.74,80.29,0,normal,False,34.35,1000.74,80.29
2024-07-17 12:10:00,AWS_Chennai_001,34.17,1000.87,79.76,0,normal,False,34.17,1000.87,79.76
2024-07-17 12:20:00,AWS_Chennai_001,33.87,1001.0,81.8,0,normal,False,33.87,1001.0,81.8
2024-07-17 12:30:00,AWS_Chennai_001,34.4,1000.7,81.37,0,normal,False,34.4,1000.7,81.37
2024-07-17 12:40:00,AWS_Chennai_001,34.38,1000.79,81.35,0,normal,False,34.38,1000.79,81.35
2024-07-17 12:50:00,AWS_Chennai_001,34.1,1000.88,80.81,0,normal,False,34.1,1000.88,80.81
2024-07-17 13:00:00,AWS_Chennai_001,34.73,1000.81,80.85,0,normal,False,34.73,1000.81,80.85
2024-07-17 13:10:00,AWS_Chennai_001,34.25,1001.15,80.18,0,normal,False,34.25,1001.15,80.18
2024-07-17 13:20:00,AWS_Chennai_001,34.39,1001.22,78.05,0,normal,False,34.39,1001.22,78.05
2024-07-17 13:30:00,AWS_Chennai_001,55.76,1045.06,93.89,1,multivariate_inconsistency,True,34.586666666666666,1001.3733333333333,78.54666666666667
2024-07-17 13:40:00,AWS_Chennai_001,34.64,1001.46,79.18,0,normal,True,34.78333333333333,1001.5266666666666,79.04333333333334
2024-07-17 13:50:00,AWS_Chennai_001,34.98,1001.68,79.54,0,normal,False,34.98,1001.68,79.54
2024-07-17 14:00:00,AWS_Chennai_001,34.99,1001.68,78.18,0,normal,False,34.99,1001.68,78.18
2024-07-17 14:10:00,AWS_Chennai_001,35.27,1001.59,78.16,0,normal,False,35.27,1001.59,78.16
2024-07-17 14:20:00,AWS_Chennai_001,34.86,1001.63,77.57,0,normal,False,34.86,1001.63,77.57
2024-07-17 14:30:00,AWS_Chennai_001,35.04,1001.54,73.85,0,normal,False,35.04,1001.54,73.85
2024-07-17 14:40:00,AWS_Chennai_001,35.13,1001.77,73.32,0,normal,False,35.13,1001.77,73.32
2024-07-17 14:50:00,AWS_Chennai_001,35.13,1001.81,73.14,0,normal,False,35.13,1001.81,73.14
2024-07-17 15:00:00,AWS_Chennai_001,35.2,1001.94,74.67,0,normal,False,35.2,1001.94,74.67
2024-07-17 15:10:00,AWS_Chennai_001,35.09,1002.0,75.14,0,normal,False,35.09,1002.0,75.14
2024-07-17 15:20:00,AWS_Chennai_001,35.08,1002.01,73.49,0,normal,False,35.08,1002.01,73.49
2024-07-17 15:30:00,AWS_Chennai_001,35.02,1002.09,74.26,0,normal,False,35.02,1002.09,74.26
2024-07-17 15:40:00,AWS_Chennai_001,35.26,1002.22,75.98,0,normal,False,35.26,1002.22,75.98
2024-07-17 15:50:00,AWS_Chennai_001,34.81,1002.35,76.09,0,normal,False,34.81,1002.35,76.09
2024-07-17 16:00:00,AWS_Chennai_001,34.34,1002.49,74.4,0,normal,False,34.34,1002.49,74.4
2024-07-17 16:10:00,AWS_Chennai_001,33.69,1002.42,79.03,0,normal,False,33.69,1002.42,79.03
2024-07-17 16:20:00,AWS_Chennai_001,33.61,1002.54,79.55,0,normal,False,33.61,1002.54,79.55
2024-07-17 16:30:00,AWS_Chennai_001,33.23,1002.64,78.1,0,normal,False,33.23,1002.64,78.1
2024-07-17 16:40:00,AWS_Chennai_001,33.28,1002.29,76.77,0,normal,False,33.28,1002.29,76.77
2024-07-17 16:50:00,AWS_Chennai_001,33.66,1002.52,75.81,0,normal,False,33.66,1002.52,75.81
2024-07-17 17:00:00,AWS_Chennai_001,33.65,1002.6,77.26,0,normal,False,33.65,1002.6,77.26
2024-07-17 17:10:00,AWS_Chennai_001,33.4,1002.24,80.28,0,normal,False,33.4,1002.24,80.28
2024-07-17 17:20:00,AWS_Chennai_001,32.97,1002.34,82.28,0,normal,False,32.97,1002.34,82.28
2024-07-17 17:30:00,AWS_Chennai_001,32.67,1002.33,82.82,0,normal,False,32.67,1002.33,82.82
2024-07-17 17:40:00,AWS_Chennai_001,32.22,1002.27,83.67,0,normal,False,32.22,1002.27,83.67
2024-07-17 17:50:00,AWS_Chennai_001,32.49,1002.45,82.18,0,normal,False,32.49,1002.45,82.18
2024-07-17 18:00:00,AWS_Chennai_001,32.43,1002.05,82.33,0,normal,False,32.43,1002.05,82.33
2024-07-17 18:10:00,AWS_Chennai_001,31.7,1002.12,83.59,0,normal,False,31.7,1002.12,83.59
2024-07-17 18:20:00,AWS_Chennai_001,30.88,1001.93,84.3,0,normal,False,30.88,1001.93,84.3
2024-07-17 18:30:00,AWS_Chennai_001,30.56,1001.82,84.31,0,normal,False,30.56,1001.82,84.31
2024-07-17 18:40:00,AWS_Chennai_001,29.81,1001.98,86.4,0,normal,False,29.81,1001.98,86.4
2024-07-17 18:50:00,AWS_Chennai_001,29.8,1001.91,87.23,0,normal,False,29.8,1001.91,87.23
2024-07-17 19:00:00,AWS_Chennai_001,29.98,1001.76,87.3,0,normal,False,29.98,1001.76,87.3
2024-07-17 19:10:00,AWS_Chennai_001,29.14,1001.72,87.65,0,normal,False,29.14,1001.72,87.65
2024-07-17 19:20:00,AWS_Chennai_001,28.78,1001.74,88.41,0,normal,False,28.78,1001.74,88.41
2024-07-17 19:30:00,AWS_Chennai_001,29.0,1001.53,87.8,0,normal,False,29.0,1001.53,87.8
2024-07-17 19:40:00,AWS_Chennai_001,29.04,1001.45,88.0,0,normal,False,29.04,1001.45,88.0
2024-07-17 19:50:00,AWS_Chennai_001,29.52,1001.22,88.12,0,normal,False,29.52,1001.22,88.12
2024-07-17 20:00:00,AWS_Chennai_001,29.07,1001.34,87.47,0,normal,False,29.07,1001.34,87.47
2024-07-17 20:10:00,AWS_Chennai_001,28.97,1001.42,88.86,0,normal,False,28.97,1001.42,88.86
2024-07-17 20:20:00,AWS_Chennai_001,28.85,1001.38,87.89,0,normal,False,28.85,1001.38,87.89
2024-07-17 20:30:00,AWS_Chennai_001,28.65,1001.37,88.91,0,normal,False,28.65,1001.37,88.91
2024-07-17 20:40:00,AWS_Chennai_001,28.42,1001.61,88.88,0,normal,False,28.42,1001.61,88.88
2024-07-17 20:50:00,AWS_Chennai_001,28.6,1001.95,91.79,0,normal,False,28.6,1001.95,91.79
2024-07-17 21:00:00,AWS_Chennai_001,28.64,1001.87,93.84,0,normal,False,28.64,1001.87,93.84
2024-07-17 21:10:00,AWS_Chennai_001,28.14,1001.71,94.39,0,normal,False,28.14,1001.71,94.39
2024-07-17 21:20:00,AWS_Chennai_001,28.08,1001.72,95.78,0,normal,False,28.08,1001.72,95.78
2024-07-17 21:30:00,AWS_Chennai_001,27.79,1001.91,96.68,0,normal,False,27.79,1001.91,96.68
2024-07-17 21:40:00,AWS_Chennai_001,27.5,1002.06,98.09,0,normal,False,27.5,1002.06,98.09
2024-07-17 21:50:00,AWS_Chennai_001,27.47,1001.85,95.68,0,normal,False,27.47,1001.85,95.68
2024-07-17 22:00:00,AWS_Chennai_001,27.36,1001.66,97.88,0,normal,False,27.36,1001.66,97.88
2024-07-17 22:10:00,AWS_Chennai_001,27.89,1001.56,100.0,0,normal,False,27.89,1001.56,100.0
2024-07-17 22:20:00,AWS_Chennai_001,27.84,1001.58,100.0,0,normal,False,27.84,1001.58,100.0
2024-07-17 22:30:00,AWS_Chennai_001,27.95,1001.53,100.0,0,normal,False,27.95,1001.53,100.0
2024-07-17 22:40:00,AWS_Chennai_001,28.05,1001.91,100.0,0,normal,False,28.05,1001.91,100.0
2024-07-17 22:50:00,AWS_Chennai_001,28.02,1002.05,98.72,0,normal,False,28.02,1002.05,98.72
2024-07-17 23:00:00,AWS_Chennai_001,28.09,1001.94,100.0,0,normal,False,28.09,1001.94,100.0
2024-07-17 23:10:00,AWS_Chennai_001,28.02,1001.97,100.0,0,normal,False,28.02,1001.97,100.0
2024-07-17 23:20:00,AWS_Chennai_001,27.64,1001.91,99.38,0,normal,False,27.64,1001.91,99.38
2024-07-17 23:30:00,AWS_Chennai_001,27.37,1002.21,97.49,0,normal,False,27.37,1002.21,97.49
2024-07-17 23:40:00,AWS_Chennai_001,27.38,1002.1,95.11,0,normal,False,27.38,1002.1,95.11
2024-07-17 23:50:00,AWS_Chennai_001,26.61,1002.29,93.51,0,normal,False,26.61,1002.29,93.51
2024-07-18 00:00:00,AWS_Chennai_001,26.35,1002.4,94.61,0,normal,False,26.35,1002.4,94.61
2024-07-18 00:10:00,AWS_Chennai_001,26.01,1002.53,96.99,0,normal,False,26.01,1002.53,96.99
2024-07-18 00:20:00,AWS_Chennai_001,26.03,1002.47,94.89,0,normal,False,26.03,1002.47,94.89
2024-07-18 00:30:00,AWS_Chennai_001,26.03,1002.51,96.15,0,normal,False,26.03,1002.51,96.15
2024-07-18 00:40:00,AWS_Chennai_001,26.13,1002.46,93.81,0,normal,False,26.13,1002.46,93.81
2024-07-18 00:50:00,AWS_Chennai_001,25.65,1002.52,93.7,0,normal,False,25.65,1002.52,93.7
2024-07-18 01:00:00,AWS_Chennai_001,25.63,1002.48,94.63,0,normal,False,25.63,1002.48,94.63
2024-07-18 01:10:00,AWS_Chennai_001,25.74,1002.76,94.91,0,normal,False,25.74,1002.76,94.91
2024-07-18 01:20:00,AWS_Chennai_001,25.72,1002.87,94.25,0,normal,False,25.72,1002.87,94.25
2024-07-18 01:30:00,AWS_Chennai_001,25.96,1002.94,94.76,0,normal,False,25.96,1002.94,94.76
2024-07-18 01:40:00,AWS_Chennai_001,26.21,1003.22,94.97,0,normal,False,26.21,1003.22,94.97
2024-07-18 01:50:00,AWS_Chennai_001,26.05,1003.31,94.0,0,normal,False,26.05,1003.31,94.0
2024-07-18 02:00:00,AWS_Chennai_001,25.87,1003.56,93.73,0,normal,False,25.87,1003.56,93.73
2024-07-18 02:10:00,AWS_Chennai_001,25.51,1003.5,92.71,0,normal,False,25.51,1003.5,92.71
2024-07-18 02:20:00,AWS_Chennai_001,25.38,1003.24,92.44,0,normal,False,25.38,1003.24,92.44
2024-07-18 02:30:00,AWS_Chennai_001,25.17,1003.42,94.0,0,normal,False,25.17,1003.42,94.0
2024-07-18 02:40:00,AWS_Chennai_001,25.01,1003.19,92.94,0,normal,False,25.01,1003.19,92.94
2024-07-18 02:50:00,AWS_Chennai_001,25.28,1003.18,91.05,0,normal,False,25.28,1003.18,91.05
2024-07-18 03:00:00,AWS_Chennai_001,25.27,1003.31,90.62,0,normal,False,25.27,1003.31,90.62
2024-07-18 03:10:00,AWS_Chennai_001,25.09,1003.18,90.27,0,normal,False,25.09,1003.18,90.27
2024-07-18 03:20:00,AWS_Chennai_001,25.15,1003.36,90.76,0,normal,False,25.15,1003.36,90.76
2024-07-18 03:30:00,AWS_Chennai_001,25.38,1003.37,89.48,0,normal,False,25.38,1003.37,89.48
2024-07-18 03:40:00,AWS_Chennai_001,25.77,1003.2,88.74,0,normal,False,25.77,1003.2,88.74
2024-07-18 03:50:00,AWS_Chennai_001,25.94,1003.25,87.4,0,normal,False,25.94,1003.25,87.4
2024-07-18 04:00:00,AWS_Chennai_001,25.49,1003.32,89.21,0,normal,False,25.49,1003.32,89.21
2024-07-18 04:10:00,AWS_Chennai_001,25.5,1003.11,89.41,0,normal,False,25.5,1003.11,89.41
2024-07-18 04:20:00,AWS_Chennai_001,25.87,1003.1,88.63,0,normal,False,25.87,1003.1,88.63
2024-07-18 04:30:00,AWS_Chennai_001,26.06,1003.34,92.04,0,normal,False,26.06,1003.34,92.04
2024-07-18 04:40:00,AWS_Chennai_001,26.17,1003.26,89.85,0,normal,False,26.17,1003.26,89.85
2024-07-18 04:50:00,AWS_Chennai_001,25.89,1003.39,91.18,0,normal,False,25.89,1003.39,91.18
2024-07-18 05:00:00,AWS_Chennai_001,26.1,1003.16,92.16,0,normal,False,26.1,1003.16,92.16
2024-07-18 05:10:00,AWS_Chennai_001,26.43,1003.14,90.82,0,normal,False,26.43,1003.14,90.82
2024-07-18 05:20:00,AWS_Chennai_001,26.35,1002.85,87.37,0,normal,False,26.35,1002.85,87.37
2024-07-18 05:30:00,AWS_Chennai_001,26.32,1002.81,86.7,0,normal,False,26.32,1002.81,86.7
2024-07-18 05:40:00,AWS_Chennai_001,26.79,1002.54,88.74,0,normal,False,26.79,1002.54,88.74
2024-07-18 05:50:00,AWS_Chennai_001,27.15,1002.28,92.58,0,normal,False,27.15,1002.28,92.58
2024-07-18 06:00:00,AWS_Chennai_001,27.28,1002.05,90.77,0,normal,False,27.28,1002.05,90.77
2024-07-18 06:10:00,AWS_Chennai_001,27.33,1001.93,89.63,0,normal,False,27.33,1001.93,89.63
2024-07-18 06:20:00,AWS_Chennai_001,27.6,1002.06,88.42,0,normal,False,27.6,1002.06,88.42
2024-07-18 06:30:00,AWS_Chennai_001,27.86,1002.15,87.5,0,normal,False,27.86,1002.15,87.5
2024-07-18 06:40:00,AWS_Chennai_001,27.81,1002.1,82.59,0,normal,False,27.81,1002.1,82.59
2024-07-18 06:50:00,AWS_Chennai_001,27.95,1002.34,82.07,0,normal,False,27.95,1002.34,82.07
2024-07-18 07:00:00,AWS_Chennai_001,28.7,1002.31,81.77,0,normal,False,28.7,1002.31,81.77
2024-07-18 07:10:00,AWS_Chennai_001,28.98,1002.29,80.88,0,normal,False,28.98,1002.29,80.88
2024-07-18 07:20:00,AWS_Chennai_001,28.75,1002.15,79.94,0,normal,False,28.75,1002.15,79.94
2024-07-18 07:30:00,AWS_Chennai_001,29.14,1002.17,79.43,0,normal,False,29.14,1002.17,79.43
2024-07-18 07:40:00,AWS_Chennai_001,29.49,1002.15,76.25,0,normal,False,29.49,1002.15,76.25
2024-07-18 07:50:00,AWS_Chennai_001,29.96,1001.87,76.24,0,normal,False,29.96,1001.87,76.24
2024-07-18 08:00:00,AWS_Chennai_001,30.68,1001.93,74.48,0,normal,False,30.68,1001.93,74.48
2024-07-18 08:10:00,AWS_Chennai_001,30.9,1001.88,75.21,0,normal,False,30.9,1001.88,75.21
2024-07-18 08:20:00,AWS_Chennai_001,30.67,1002.15,76.15,0,normal,False,30.67,1002.15,76.15
2024-07-18 08:30:00,AWS_Chennai_001,51.43,1048.27,98.01,1,multivariate_inconsistency,True,30.986666666666668,1002.0866666666667,75.96000000000001
2024-07-18 08:40:00,AWS_Chennai_001,31.28,1002.03,75.37,0,normal,True,31.303333333333335,1002.0233333333333,75.77
2024-07-18 08:50:00,AWS_Chennai_001,31.62,1001.96,75.58,0,normal,False,31.62,1001.96,75.58
2024-07-18 09:00:00,AWS_Chennai_001,31.95,1001.75,71.85,0,normal,True,31.845,1001.74,74.17
2024-07-18 09:10:00,AWS_Chennai_001,32.07,1001.52,72.76,0,normal,False,32.07,1001.52,72.76
2024-07-18 09:20:00,AWS_Chennai_001,32.59,1001.48,70.97,0,normal,False,32.59,1001.48,70.97
2024-07-18 09:30:00,AWS_Chennai_001,32.72,1001.34,73.1,0,normal,False,32.72,1001.34,73.1
2024-07-18 09:40:00,AWS_Chennai_001,32.88,1001.52,72.19,0,normal,False,32.88,1001.52,72.19
2024-07-18 09:50:00,AWS_Chennai_001,33.03,1001.39,73.28,0,normal,False,33.03,1001.39,73.28
2024-07-18 10:00:00,AWS_Chennai_001,33.12,1001.31,71.41,0,normal,False,33.12,1001.31,71.41
2024-07-18 10:10:00,AWS_Chennai_001,33.56,1001.44,70.92,0,normal,False,33.56,1001.44,70.92
2024-07-18 10:20:00,AWS_Chennai_001,33.49,1001.54,73.17,0,normal,False,33.49,1001.54,73.17
2024-07-18 10:30:00,AWS_Chennai_001,32.58,1001.73,73.91,0,normal,False,32.58,1001.73,73.91
2024-07-18 10:40:00,AWS_Chennai_001,32.93,1001.68,72.63,0,normal,False,32.93,1001.68,72.63
2024-07-18 10:50:00,AWS_Chennai_001,33.22,1001.45,74.88,0,normal,False,33.22,1001.45,74.88
2024-07-18 11:00:00,AWS_Chennai_001,33.55,1001.36,75.92,0,normal,False,33.55,1001.36,75.92
2024-07-18 11:10:00,AWS_Chennai_001,33.28,1001.52,77.19,0,normal,False,33.28,1001.52,77.19
2024-07-18 11:20:00,AWS_Chennai_001,33.48,1001.67,75.77,0,normal,False,33.48,1001.67,75.77
2024-07-18 11:30:00,AWS_Chennai_001,32.9,1001.83,77.39,0,normal,False,32.9,1001.83,77.39
2024-07-18 11:40:00,AWS_Chennai_001,33.48,1001.86,75.89,0,normal,False,33.48,1001.86,75.89
2024-07-18 11:50:00,AWS_Chennai_001,32.93,1002.4,77.01,0,normal,False,32.93,1002.4,77.01
2024-07-18 12:00:00,AWS_Chennai_001,33.24,1002.34,77.38,0,normal,False,33.24,1002.34,77.38
2024-07-18 12:10:00,AWS_Chennai_001,33.47,1002.33,77.94,0,normal,False,33.47,1002.33,77.94
2024-07-18 12:20:00,AWS_Chennai_001,33.64,1002.62,75.48,0,normal,False,33.64,1002.62,75.48
2024-07-18 12:30:00,AWS_Chennai_001,33.67,1002.66,75.72,0,normal,False,33.67,1002.66,75.72
2024-07-18 12:40:00,AWS_Chennai_001,33.0,1002.67,76.64,0,normal,False,33.0,1002.67,76.64
2024-07-18 12:50:00,AWS_Chennai_001,32.35,1002.89,77.77,0,normal,False,32.35,1002.89,77.77
2024-07-18 13:00:00,AWS_Chennai_001,33.21,1002.79,76.52,0,normal,False,33.21,1002.79,76.52
2024-07-18 13:10:00,AWS_Chennai_001,32.98,1002.77,76.12,0,normal,False,32.98,1002.77,76.12
2024-07-18 13:20:00,AWS_Chennai_001,32.52,1002.65,77.45,0,normal,False,32.52,1002.65,77.45
2024-07-18 13:30:00,AWS_Chennai_001,32.45,1002.93,75.31,0,normal,False,32.45,1002.93,75.31
2024-07-18 13:40:00,AWS_Chennai_001,32.82,1002.84,75.91,0,normal,False,32.82,1002.84,75.91
2024-07-18 13:50:00,AWS_Chennai_001,32.99,1002.95,73.0,0,normal,False,32.99,1002.95,73.0
2024-07-18 14:00:00,AWS_Chennai_001,33.27,1002.98,73.34,0,normal,False,33.27,1002.98,73.34
2024-07-18 14:10:00,AWS_Chennai_001,33.75,1003.23,76.06,0,normal,False,33.75,1003.23,76.06
2024-07-18 14:20:00,AWS_Chennai_001,33.38,1003.39,75.69,0,normal,False,33.38,1003.39,75.69
2024-07-18 14:30:00,AWS_Chennai_001,33.08,1003.36,73.97,0,normal,False,33.08,1003.36,73.97
2024-07-18 14:40:00,AWS_Chennai_001,33.09,1003.47,73.61,0,normal,False,33.09,1003.47,73.61
2024-07-18 14:50:00,AWS_Chennai_001,33.27,1003.66,74.51,0,normal,False,33.27,1003.66,74.51
2024-07-18 15:00:00,AWS_Chennai_001,33.81,1003.68,73.03,0,normal,False,33.81,1003.68,73.03
2024-07-18 15:10:00,AWS_Chennai_001,33.59,1003.62,73.89,0,normal,False,33.59,1003.62,73.89
2024-07-18 15:20:00,AWS_Chennai_001,33.85,1003.43,73.96,0,normal,False,33.85,1003.43,73.96
2024-07-18 15:30:00,AWS_Chennai_001,33.91,1003.45,77.17,0,normal,False,33.91,1003.45,77.17
2024-07-18 15:40:00,AWS_Chennai_001,33.34,1003.5,77.92,0,normal,False,33.34,1003.5,77.92
2024-07-18 15:50:00,AWS_Chennai_001,33.41,1003.71,77.26,0,normal,False,33.41,1003.71,77.26
2024-07-18 16:00:00,AWS_Chennai_001,32.88,1003.39,76.85,0,normal,False,32.88,1003.39,76.85
2024-07-18 16:10:00,AWS_Chennai_001,32.88,1003.33,79.77,0,normal,False,32.88,1003.33,79.77
2024-07-18 16:20:00,AWS_Chennai_001,32.41,1003.27,78.7,0,normal,False,32.41,1003.27,78.7
2024-07-18 16:30:00,AWS_Chennai_001,32.1,1003.28,80.49,0,normal,False,32.1,1003.28,80.49
2024-07-18 16:40:00,AWS_Chennai_001,32.04,1003.11,79.04,0,normal,False,32.04,1003.11,79.04
2024-07-18 16:50:00,AWS_Chennai_001,31.9,1003.02,80.58,0,normal,False,31.9,1003.02,80.58
2024-07-18 17:00:00,AWS_Chennai_001,31.37,1003.21,85.2,0,normal,False,31.37,1003.21,85.2
2024-07-18 17:10:00,AWS_Chennai_001,31.31,1003.15,85.7,0,normal,False,31.31,1003.15,85.7
2024-07-18 17:20:00,AWS_Chennai_001,31.37,1002.92,86.05,0,normal,False,31.37,1002.92,86.05
2024-07-18 17:30:00,AWS_Chennai_001,31.2,1002.78,87.64,0,normal,False,31.2,1002.78,87.64
2024-07-18 17:40:00,AWS_Chennai_001,30.85,1002.84,88.28,0,normal,False,30.85,1002.84,88.28
2024-07-18 17:50:00,AWS_Chennai_001,31.07,1002.75,87.63,0,normal,False,31.07,1002.75,87.63
2024-07-18 18:00:00,AWS_Chennai_001,30.75,1002.79,90.09,0,normal,False,30.75,1002.79,90.09
2024-07-18 18:10:00,AWS_Chennai_001,30.72,1002.37,91.92,0,normal,False,30.72,1002.37,91.92
2024-07-18 18:20:00,AWS_Chennai_001,30.44,1002.3,88.35,0,normal,False,30.44,1002.3,88.35
2024-07-18 18:30:00,AWS_Chennai_001,29.96,1002.32,86.94,0,normal,False,29.96,1002.32,86.94
2024-07-18 18:40:00,AWS_Chennai_001,28.95,1002.22,85.66,0,normal,False,28.95,1002.22,85.66
2024-07-18 18:50:00,AWS_Chennai_001,28.9,1002.29,86.23,0,normal,False,28.9,1002.29,86.23
2024-07-18 19:00:00,AWS_Chennai_001,28.63,1002.11,86.69,0,normal,False,28.63,1002.11,86.69
2024-07-18 19:10:00,AWS_Chennai_001,28.22,1002.05,88.58,0,normal,False,28.22,1002.05,88.58
2024-07-18 19:20:00,AWS_Chennai_001,28.0,1002.0,89.52,0,normal,False,28.0,1002.0,89.52
2024-07-18 19:30:00,AWS_Chennai_001,27.69,1001.93,88.63,0,normal,False,27.69,1001.93,88.63
2024-07-18 19:40:00,AWS_Chennai_001,27.29,1001.96,87.14,0,normal,False,27.29,1001.96,87.14
2024-07-18 19:50:00,AWS_Chennai_001,27.17,1001.84,86.2,0,normal,False,27.17,1001.84,86.2
2024-07-18 20:00:00,AWS_Chennai_001,27.17,1001.56,84.87,0,normal,False,27.17,1001.56,84.87
2024-07-18 20:10:00,AWS_Chennai_001,26.78,1001.33,84.38,0,normal,False,26.78,1001.33,84.38
2024-07-18 20:20:00,AWS_Chennai_001,26.7,1001.29,85.01,0,normal,False,26.7,1001.29,85.01
2024-07-18 20:30:00,AWS_Chennai_001,26.51,1001.26,87.35,0,normal,False,26.51,1001.26,87.35
2024-07-18 20:40:00,AWS_Chennai_001,25.87,1001.28,87.26,0,normal,False,25.87,1001.28,87.26
2024-07-18 20:50:00,AWS_Chennai_001,25.71,1001.12,84.52,0,normal,False,25.71,1001.12,84.52
2024-07-18 21:00:00,AWS_Chennai_001,25.66,1000.94,85.97,0,normal,False,25.66,1000.94,85.97
2024-07-18 21:10:00,AWS_Chennai_001,25.38,1000.85,85.7,0,normal,False,25.38,1000.85,85.7
2024-07-18 21:20:00,AWS_Chennai_001,25.52,1000.98,87.01,0,normal,False,25.52,1000.98,87.01
2024-07-18 21:30:00,AWS_Chennai_001,25.31,1001.09,85.15,0,normal,False,25.31,1001.09,85.15
2024-07-18 21:40:00,AWS_Chennai_001,25.47,1001.16,86.33,0,normal,False,25.47,1001.16,86.33
2024-07-18 21:50:00,AWS_Chennai_001,25.2,1001.13,88.56,0,normal,False,25.2,1001.13,88.56
2024-07-18 22:00:00,AWS_Chennai_001,24.72,1001.2,88.13,0,normal,False,24.72,1001.2,88.13
2024-07-18 22:10:00,AWS_Chennai_001,24.69,1001.28,86.73,0,normal,False,24.69,1001.28,86.73
2024-07-18 22:20:00,AWS_Chennai_001,24.87,994.77,86.67,1,noise_burst_pressure,True,24.630000000000003,1001.8033333333333,86.07666666666667
2024-07-18 22:30:00,AWS_Chennai_001,24.38,994.53,84.98,1,noise_burst_pressure,True,24.57,1002.3266666666667,85.42333333333333
2024-07-18 22:40:00,AWS_Chennai_001,24.51,1002.85,84.77,1,noise_burst_pressure,False,24.51,1002.85,84.77
2024-07-18 22:50:00,AWS_Chennai_001,24.25,1001.5,85.53,0,normal,False,24.25,1001.5,85.53
2024-07-18 23:00:00,AWS_Chennai_001,23.92,1001.54,88.79,0,normal,False,23.92,1001.54,88.79
2024-07-18 23:10:00,AWS_Chennai_001,24.16,1001.45,89.22,0,normal,False,24.16,1001.45,89.22
2024-07-18 23:20:00,AWS_Chennai_001,24.1,1001.43,87.99,0,normal,False,24.1,1001.43,87.99
2024-07-18 23:30:00,AWS_Chennai_001,24.71,1001.13,89.58,0,normal,False,24.71,1001.13,89.58
2024-07-18 23:40:00,AWS_Chennai_001,24.56,1001.42,87.83,0,normal,False,24.56,1001.42,87.83
2024-07-18 23:50:00,AWS_Chennai_001,24.75,1001.65,88.23,0,normal,False,24.75,1001.65,88.23
2024-07-19 00:00:00,AWS_Chennai_001,24.84,1001.6,87.51,0,normal,False,24.84,1001.6,87.51
2024-07-19 00:10:00,AWS_Chennai_001,24.74,1001.73,85.7,0,normal,False,24.74,1001.73,85.7
2024-07-19 00:20:00,AWS_Chennai_001,24.17,1001.67,86.82,0,normal,False,24.17,1001.67,86.82
2024-07-19 00:30:00,AWS_Chennai_001,24.0,1001.66,87.65,0,normal,False,24.0,1001.66,87.65
2024-07-19 00:40:00,AWS_Chennai_001,24.05,1001.78,88.56,0,normal,False,24.05,1001.78,88.56
2024-07-19 00:50:00,AWS_Chennai_001,23.98,1001.67,86.47,0,normal,False,23.98,1001.67,86.47
2024-07-19 01:00:00,AWS_Chennai_001,23.53,1001.87,84.32,0,normal,False,23.53,1001.87,84.32
2024-07-19 01:10:00,AWS_Chennai_001,23.82,1001.87,85.37,0,normal,False,23.82,1001.87,85.37
2024-07-19 01:20:00,AWS_Chennai_001,24.02,1001.93,86.32,0,normal,False,24.02,1001.93,86.32
2024-07-19 01:30:00,AWS_Chennai_001,24.16,1002.16,84.58,0,normal,False,24.16,1002.16,84.58
2024-07-19 01:40:00,AWS_Chennai_001,24.25,1002.15,84.08,0,normal,False,24.25,1002.15,84.08
2024-07-19 01:50:00,AWS_Chennai_001,24.13,1002.41,82.43,0,normal,False,24.13,1002.41,82.43
2024-07-19 02:00:00,AWS_Chennai_001,24.13,1002.36,84.23,0,normal,False,24.13,1002.36,84.23
2024-07-19 02:10:00,AWS_Chennai_001,23.87,1002.36,86.07,0,normal,False,23.87,1002.36,86.07
2024-07-19 02:20:00,AWS_Chennai_001,24.21,1002.38,86.41,0,normal,False,24.21,1002.38,86.41
2024-07-19 02:30:00,AWS_Chennai_001,24.43,1002.41,85.56,0,normal,False,24.43,1002.41,85.56
2024-07-19 02:40:00,AWS_Chennai_001,24.02,1002.48,84.24,0,normal,False,24.02,1002.48,84.24
2024-07-19 02:50:00,AWS_Chennai_001,24.14,1002.37,85.0,0,normal,False,24.14,1002.37,85.0
2024-07-19 03:00:00,AWS_Chennai_001,24.0,1002.27,88.46,0,normal,False,24.0,1002.27,88.46
2024-07-19 03:10:00,AWS_Chennai_001,23.96,1002.5,86.01,0,normal,False,23.96,1002.5,86.01
2024-07-19 03:20:00,AWS_Chennai_001,23.79,1002.69,85.53,0,normal,False,23.79,1002.69,85.53
2024-07-19 03:30:00,AWS_Chennai_001,24.04,1002.43,85.78,0,normal,False,24.04,1002.43,85.78
2024-07-19 03:40:00,AWS_Chennai_001,23.93,1002.52,84.62,0,normal,False,23.93,1002.52,84.62
2024-07-19 03:50:00,AWS_Chennai_001,23.7,1002.61,84.97,0,normal,False,23.7,1002.61,84.97
2024-07-19 04:00:00,AWS_Chennai_001,24.09,1002.4,86.11,0,normal,False,24.09,1002.4,86.11
2024-07-19 04:10:00,AWS_Chennai_001,24.06,1002.13,86.46,0,normal,False,24.06,1002.13,86.46
2024-07-19 04:20:00,AWS_Chennai_001,23.84,1002.07,83.95,0,normal,False,23.84,1002.07,83.95
2024-07-19 04:30:00,AWS_Chennai_001,23.49,1002.22,85.29,0,normal,False,23.49,1002.22,85.29
2024-07-19 04:40:00,AWS_Chennai_001,23.33,1002.27,83.87,0,normal,False,23.33,1002.27,83.87
2024-07-19 04:50:00,AWS_Chennai_001,23.05,1002.18,83.85,0,normal,False,23.05,1002.18,83.85
2024-07-19 05:00:00,AWS_Chennai_001,22.95,1002.08,85.27,0,normal,False,22.95,1002.08,85.27
2024-07-19 05:10:00,AWS_Chennai_001,23.55,1001.91,84.71,0,normal,False,23.55,1001.91,84.71
2024-07-19 05:20:00,AWS_Chennai_001,23.43,1001.84,81.64,0,normal,False,23.43,1001.84,81.64
2024-07-19 05:30:00,AWS_Chennai_001,23.84,1001.84,82.02,0,normal,False,23.84,1001.84,82.02
2024-07-19 05:40:00,AWS_Chennai_001,24.26,1001.62,83.76,0,normal,False,24.26,1001.62,83.76
2024-07-19 05:50:00,AWS_Chennai_001,24.64,1001.53,85.63,0,normal,False,24.64,1001.53,85.63
2024-07-19 06:00:00,AWS_Chennai_001,25.04,1001.51,85.47,0,normal,False,25.04,1001.51,85.47
2024-07-19 06:10:00,AWS_Chennai_001,25.44,1001.58,82.28,0,normal,False,25.44,1001.58,82.28
2024-07-19 06:20:00,AWS_Chennai_001,25.31,1001.53,82.32,0,normal,False,25.31,1001.53,82.32
2024-07-19 06:30:00,AWS_Chennai_001,25.28,1001.55,79.66,0,normal,False,25.28,1001.55,79.66
2024-07-19 06:40:00,AWS_Chennai_001,25.83,1001.62,78.96,0,normal,False,25.83,1001.62,78.96
2024-07-19 06:50:00,AWS_Chennai_001,26.04,1001.49,78.73,0,normal,False,26.04,1001.49,78.73
2024-07-19 07:00:00,AWS_Chennai_001,26.59,1001.51,78.93,0,normal,False,26.59,1001.51,78.93
2024-07-19 07:10:00,AWS_Chennai_001,26.34,1001.72,79.7,0,normal,False,26.34,1001.72,79.7
2024-07-19 07:20:00,AWS_Chennai_001,26.57,1001.89,78.38,0,normal,False,26.57,1001.89,78.38
2024-07-19 07:30:00,AWS_Chennai_001,26.61,1002.06,79.09,0,normal,False,26.61,1002.06,79.09
2024-07-19 07:40:00,AWS_Chennai_001,26.95,1002.04,80.11,0,normal,False,26.95,1002.04,80.11
2024-07-19 07:50:00,AWS_Chennai_001,27.1,1001.75,82.13,0,normal,False,27.1,1001.75,82.13
2024-07-19 08:00:00,AWS_Chennai_001,27.56,1001.82,80.7,0,normal,False,27.56,1001.82,80.7
2024-07-19 08:10:00,AWS_Chennai_001,28.01,1001.47,79.5,0,normal,False,28.01,1001.47,79.5
2024-07-19 08:20:00,AWS_Chennai_001,28.3,1001.42,81.53,0,normal,False,28.3,1001.42,81.53
2024-07-19 08:30:00,AWS_Chennai_001,28.18,1001.37,81.89,0,normal,False,28.18,1001.37,81.89
2024-07-19 08:40:00,AWS_Chennai_001,28.81,1001.07,82.64,0,normal,False,28.81,1001.07,82.64
2024-07-19 08:50:00,AWS_Chennai_001,29.26,1000.71,84.13,0,normal,False,29.26,1000.71,84.13
2024-07-19 09:00:00,AWS_Chennai_001,30.09,1000.66,86.44,0,normal,False,30.09,1000.66,86.44
2024-07-19 09:10:00,AWS_Chennai_001,30.44,1000.38,85.62,0,normal,False,30.44,1000.38,85.62
2024-07-19 09:20:00,AWS_Chennai_001,30.91,1000.47,87.07,0,normal,False,30.91,1000.47,87.07
2024-07-19 09:30:00,AWS_Chennai_001,31.13,1000.24,88.54,0,normal,False,31.13,1000.24,88.54
2024-07-19 09:40:00,AWS_Chennai_001,31.27,1000.62,88.23,0,normal,False,31.27,1000.62,88.23
2024-07-19 09:50:00,AWS_Chennai_001,31.68,1000.48,84.14,0,normal,False,31.68,1000.48,84.14
2024-07-19 10:00:00,AWS_Chennai_001,31.98,1000.58,83.56,0,normal,False,31.98,1000.58,83.56
2024-07-19 10:10:00,AWS_Chennai_001,32.23,1000.72,83.39,0,normal,False,32.23,1000.72,83.39
2024-07-19 10:20:00,AWS_Chennai_001,32.88,1000.83,85.06,0,normal,False,32.88,1000.83,85.06
2024-07-19 10:30:00,AWS_Chennai_001,33.39,1001.12,85.1,0,normal,False,33.39,1001.12,85.1
2024-07-19 10:40:00,AWS_Chennai_001,33.98,1001.17,84.21,0,normal,False,33.98,1001.17,84.21
2024-07-19 10:50:00,AWS_Chennai_001,33.8,1001.07,81.13,0,normal,False,33.8,1001.07,81.13
2024-07-19 11:00:00,AWS_Chennai_001,34.56,1001.24,83.62,0,normal,False,34.56,1001.24,83.62
2024-07-19 11:10:00,AWS_Chennai_001,34.52,1001.13,83.47,0,normal,False,34.52,1001.13,83.47
2024-07-19 11:20:00,AWS_Chennai_001,34.55,1001.38,82.87,0,normal,False,34.55,1001.38,82.87
2024-07-19 11:30:00,AWS_Chennai_001,34.58,1012.61,79.9,1,noise_burst_pressure,True,34.559999999999995,1000.6066666666667,82.65
2024-07-19 11:40:00,AWS_Chennai_001,34.61,994.94,79.02,1,noise_burst_pressure,True,34.57,999.8333333333333,82.42999999999999
2024-07-19 11:50:00,AWS_Chennai_001,34.58,999.06,82.21,1,noise_burst_pressure,False,34.58,999.06,82.21
2024-07-19 12:00:00,AWS_Chennai_001,35.0,1013.38,84.66,1,noise_burst_pressure,True,34.806666666666665,1000.2066666666666,81.89666666666666
2024-07-19 12:10:00,AWS_Chennai_001,35.31,1010.73,81.93,1,noise_burst_pressure,True,35.03333333333333,1001.3533333333334,81.58333333333333
2024-07-19 12:20:00,AWS_Chennai_001,35.26,1002.5,81.27,0,normal,False,35.26,1002.5,81.27
2024-07-19 12:30:00,AWS_Chennai_001,35.49,1002.56,81.72,0,normal,False,35.49,1002.56,81.72
2024-07-19 12:40:00,AWS_Chennai_001,35.47,1002.75,84.16,0,normal,False,35.47,1002.75,84.16
2024-07-19 12:50:00,AWS_Chennai_001,35.06,1002.73,84.98,0,normal,False,35.06,1002.73,84.98
2024-07-19 13:00:00,AWS_Chennai_001,35.49,1002.66,84.96,0,normal,False,35.49,1002.66,84.96
2024-07-19 13:10:00,AWS_Chennai_001,34.81,1002.63,87.73,0,normal,False,34.81,1002.63,87.73
2024-07-19 13:20:00,AWS_Chennai_001,34.86,1002.38,88.66,0,normal,False,34.86,1002.38,88.66
2024-07-19 13:30:00,AWS_Chennai_001,34.89,1002.52,88.79,0,normal,False,34.89,1002.52,88.79
2024-07-19 13:40:00,AWS_Chennai_001,35.01,1002.45,85.88,0,normal,False,35.01,1002.45,85.88
2024-07-19 13:50:00,AWS_Chennai_001,35.08,1002.64,84.33,0,normal,False,35.08,1002.64,84.33
2024-07-19 14:00:00,AWS_Chennai_001,34.83,1002.74,87.0,0,normal,False,34.83,1002.74,87.0
2024-07-19 14:10:00,AWS_Chennai_001,35.34,1002.61,87.64,0,normal,False,35.34,1002.61,87.64
2024-07-19 14:20:00,AWS_Chennai_001,35.36,1002.71,87.18,0,normal,False,35.36,1002.71,87.18
2024-07-19 14:30:00,AWS_Chennai_001,35.18,1002.91,85.47,0,normal,False,35.18,1002.91,85.47
2024-07-19 14:40:00,AWS_Chennai_001,35.24,1003.18,85.24,0,normal,False,35.24,1003.18,85.24
2024-07-19 14:50:00,AWS_Chennai_001,35.4,1003.38,83.75,0,normal,False,35.4,1003.38,83.75
2024-07-19 15:00:00,AWS_Chennai_001,34.96,1003.21,86.79,0,normal,False,34.96,1003.21,86.79
2024-07-19 15:10:00,AWS_Chennai_001,34.75,1003.2,85.7,0,normal,False,34.75,1003.2,85.7
2024-07-19 15:20:00,AWS_Chennai_001,34.43,1003.12,87.32,0,normal,False,34.43,1003.12,87.32
2024-07-19 15:30:00,AWS_Chennai_001,34.45,1003.18,86.47,0,normal,False,34.45,1003.18,86.47
2024-07-19 15:40:00,AWS_Chennai_001,34.6,1003.21,84.29,0,normal,False,34.6,1003.21,84.29
2024-07-19 15:50:00,AWS_Chennai_001,34.66,1003.03,85.65,0,normal,False,34.66,1003.03,85.65
2024-07-19 16:00:00,AWS_Chennai_001,34.48,1002.85,86.39,0,normal,False,34.48,1002.85,86.39
2024-07-19 16:10:00,AWS_Chennai_001,34.02,1002.86,84.03,0,normal,False,34.02,1002.86,84.03
2024-07-19 16:20:00,AWS_Chennai_001,33.96,1002.89,82.63,0,normal,False,33.96,1002.89,82.63
2024-07-19 16:30:00,AWS_Chennai_001,33.51,1002.71,81.01,0,normal,False,33.51,1002.71,81.01
2024-07-19 16:40:00,AWS_Chennai_001,33.42,1002.59,79.9,0,normal,False,33.42,1002.59,79.9
2024-07-19 16:50:00,AWS_Chennai_001,33.35,1002.36,80.57,0,normal,False,33.35,1002.36,80.57
2024-07-19 17:00:00,AWS_Chennai_001,33.52,1002.65,79.63,0,normal,False,33.52,1002.65,79.63
2024-07-19 17:10:00,AWS_Chennai_001,33.03,1002.38,82.57,0,normal,False,33.03,1002.38,82.57
2024-07-19 17:20:00,AWS_Chennai_001,33.37,1002.57,81.87,0,normal,False,33.37,1002.57,81.87
2024-07-19 17:30:00,AWS_Chennai_001,33.67,1002.47,79.53,0,normal,False,33.67,1002.47,79.53
2024-07-19 17:40:00,AWS_Chennai_001,32.9,1002.48,77.76,0,normal,False,32.9,1002.48,77.76
2024-07-19 17:50:00,AWS_Chennai_001,32.96,1002.58,80.99,0,normal,False,32.96,1002.58,80.99
2024-07-19 18:00:00,AWS_Chennai_001,32.42,1002.35,80.42,0,normal,False,32.42,1002.35,80.42
2024-07-19 18:10:00,AWS_Chennai_001,32.02,1002.17,80.8,0,normal,False,32.02,1002.17,80.8
2024-07-19 18:20:00,AWS_Chennai_001,32.01,1002.06,80.09,0,normal,False,32.01,1002.06,80.09
2024-07-19 18:30:00,AWS_Chennai_001,31.67,1001.81,80.69,0,normal,False,31.67,1001.81,80.69
2024-07-19 18:40:00,AWS_Chennai_001,31.73,1001.65,80.02,0,normal,False,31.73,1001.65,80.02
2024-07-19 18:50:00,AWS_Chennai_001,31.34,1001.93,80.62,0,normal,False,31.34,1001.93,80.62
2024-07-19 19:00:00,AWS_Chennai_001,30.65,1001.94,82.15,0,normal,False,30.65,1001.94,82.15
2024-07-19 19:10:00,AWS_Chennai_001,30.8,1001.92,80.86,0,normal,False,30.8,1001.92,80.86
2024-07-19 19:20:00,AWS_Chennai_001,30.11,1001.79,83.37,0,normal,False,30.11,1001.79,83.37
2024-07-19 19:30:00,AWS_Chennai_001,29.6,1001.79,82.98,0,normal,False,29.6,1001.79,82.98
2024-07-19 19:40:00,AWS_Chennai_001,29.49,1001.94,83.84,0,normal,False,29.49,1001.94,83.84
2024-07-19 19:50:00,AWS_Chennai_001,29.08,1001.94,87.61,0,normal,False,29.08,1001.94,87.61
2024-07-19 20:00:00,AWS_Chennai_001,28.76,1001.93,89.33,0,normal,False,28.76,1001.93,89.33
2024-07-19 20:10:00,AWS_Chennai_001,28.87,1001.98,90.08,0,normal,False,28.87,1001.98,90.08
2024-07-19 20:20:00,AWS_Chennai_001,29.12,1002.1,89.55,0,normal,False,29.12,1002.1,89.55
2024-07-19 20:30:00,AWS_Chennai_001,29.05,1002.08,89.14,0,normal,False,29.05,1002.08,89.14
2024-07-19 20:40:00,AWS_Chennai_001,28.25,1002.14,88.61,0,normal,False,28.25,1002.14,88.61
2024-07-19 20:50:00,AWS_Chennai_001,27.99,1002.12,87.47,0,normal,False,27.99,1002.12,87.47
2024-07-19 21:00:00,AWS_Chennai_001,27.98,1002.29,88.08,0,normal,False,27.98,1002.29,88.08
2024-07-19 21:10:00,AWS_Chennai_001,28.19,1002.13,89.14,0,normal,False,28.19,1002.13,89.14
2024-07-19 21:20:00,AWS_Chennai_001,28.01,1001.78,91.05,0,normal,False,28.01,1001.78,91.05
2024-07-19 21:30:00,AWS_Chennai_001,47.31,1001.82,90.85,1,noise_burst_temperature,True,27.876,1001.798,90.586
2024-07-19 21:40:00,AWS_Chennai_001,30.34,1001.75,90.29,1,noise_burst_temperature,True,27.742,1001.816,90.122
2024-07-19 21:50:00,AWS_Chennai_001,24.74,1001.64,89.46,1,noise_burst_temperature,True,27.608,1001.834,89.658
2024-07-19 22:00:00,AWS_Chennai_001,22.52,1002.06,88.65,1,noise_burst_temperature,True,27.474,1001.852,89.194
2024-07-19 22:10:00,AWS_Chennai_001,27.34,1001.87,88.73,1,noise_burst_temperature,False,27.34,1001.87,88.73
2024-07-19 22:20:00,AWS_Chennai_001,30.26,1001.77,87.9,1,noise_burst_temperature,True,25.235,1001.775,89.625
2024-07-19 22:30:00,AWS_Chennai_001,23.13,1001.68,90.52,1,noise_burst_temperature,False,23.13,1001.68,90.52
2024-07-19 22:40:00,AWS_Chennai_001,44.06,1001.41,91.21,1,noise_burst_temperature,True,24.35333333333333,1001.6666666666666,91.53333333333333
2024-07-19 22:50:00,AWS_Chennai_001,26.99,1001.49,92.05,0,normal,True,25.576666666666668,1001.6533333333333,92.54666666666667
2024-07-19 23:00:00,AWS_Chennai_001,26.8,1001.64,93.56,0,normal,False,26.8,1001.64,93.56
2024-07-19 23:10:00,AWS_Chennai_001,26.78,1001.9,95.49,0,normal,False,26.78,1001.9,95.49
2024-07-19 23:20:00,AWS_Chennai_001,26.83,1001.82,94.61,0,normal,False,26.83,1001.82,94.61
2024-07-19 23:30:00,AWS_Chennai_001,26.82,1001.84,93.27,0,normal,False,26.82,1001.84,93.27
2024-07-19 23:40:00,AWS_Chennai_001,26.99,1001.82,91.71,0,normal,False,26.99,1001.82,91.71
2024-07-19 23:50:00,AWS_Chennai_001,27.04,1001.77,90.34,0,normal,False,27.04,1001.77,90.34
2024-07-20 00:00:00,AWS_Chennai_001,26.97,1002.27,89.72,0,normal,False,26.97,1002.27,89.72
2024-07-20 00:10:00,AWS_Chennai_001,26.86,1002.27,89.93,0,normal,False,26.86,1002.27,89.93
2024-07-20 00:20:00,AWS_Chennai_001,26.34,1002.28,91.63,0,normal,False,26.34,1002.28,91.63
2024-07-20 00:30:00,AWS_Chennai_001,25.88,1002.55,89.14,0,normal,False,25.88,1002.55,89.14
2024-07-20 00:40:00,AWS_Chennai_001,26.11,1002.74,90.96,0,normal,False,26.11,1002.74,90.96
2024-07-20 00:50:00,AWS_Chennai_001,26.09,1002.81,92.17,0,normal,False,26.09,1002.81,92.17
2024-07-20 01:00:00,AWS_Chennai_001,25.62,1002.93,90.98,0,normal,False,25.62,1002.93,90.98
2024-07-20 01:10:00,AWS_Chennai_001,25.59,1003.17,91.94,0,normal,False,25.59,1003.17,91.94
2024-07-20 01:20:00,AWS_Chennai_001,25.31,1003.42,90.08,0,normal,False,25.31,1003.42,90.08
2024-07-20 01:30:00,AWS_Chennai_001,25.05,1003.57,89.13,0,normal,False,25.05,1003.57,89.13
2024-07-20 01:40:00,AWS_Chennai_001,25.26,1003.67,89.51,0,normal,False,25.26,1003.67,89.51
2024-07-20 01:50:00,AWS_Chennai_001,25.44,1003.59,88.64,0,normal,False,25.44,1003.59,88.64
2024-07-20 02:00:00,AWS_Chennai_001,25.38,1003.57,87.47,0,normal,False,25.38,1003.57,87.47
2024-07-20 02:10:00,AWS_Chennai_001,24.78,1003.73,89.13,0,normal,False,24.78,1003.73,89.13
2024-07-20 02:20:00,AWS_Chennai_001,24.82,1003.59,93.38,0,normal,False,24.82,1003.59,93.38
2024-07-20 02:30:00,AWS_Chennai_001,25.15,1003.35,94.25,0,normal,False,25.15,1003.35,94.25
2024-07-20 02:40:00,AWS_Chennai_001,25.06,1003.6,95.03,0,normal,False,25.06,1003.6,95.03
2024-07-20 02:50:00,AWS_Chennai_001,24.72,1003.41,92.93,0,normal,False,24.72,1003.41,92.93
2024-07-20 03:00:00,AWS_Chennai_001,24.79,1003.13,88.84,0,normal,False,24.79,1003.13,88.84
2024-07-20 03:10:00,AWS_Chennai_001,24.65,1002.93,88.5,0,normal,False,24.65,1002.93,88.5
2024-07-20 03:20:00,AWS_Chennai_001,24.02,1002.9,88.74,0,normal,False,24.02,1002.9,88.74
2024-07-20 03:30:00,AWS_Chennai_001,23.73,1002.6,88.83,0,normal,False,23.73,1002.6,88.83
2024-07-20 03:40:00,AWS_Chennai_001,24.14,1002.24,89.04,0,normal,False,24.14,1002.24,89.04
2024-07-20 03:50:00,AWS_Chennai_001,23.4,1002.36,88.29,0,normal,False,23.4,1002.36,88.29
2024-07-20 04:00:00,AWS_Chennai_001,23.46,1002.13,90.28,0,normal,False,23.46,1002.13,90.28
2024-07-20 04:10:00,AWS_Chennai_001,23.79,1002.35,88.81,0,normal,False,23.79,1002.35,88.81
2024-07-20 04:20:00,AWS_Chennai_001,24.09,1002.94,86.81,0,normal,False,24.09,1002.94,86.81
2024-07-20 04:30:00,AWS_Chennai_001,24.1,1002.81,85.38,0,normal,False,24.1,1002.81,85.38
2024-07-20 04:40:00,AWS_Chennai_001,24.33,1002.83,83.14,0,normal,False,24.33,1002.83,83.14
2024-07-20 04:50:00,AWS_Chennai_001,24.27,1002.52,80.04,0,normal,False,24.27,1002.52,80.04
2024-07-20 05:00:00,AWS_Chennai_001,24.69,1002.58,79.45,0,normal,False,24.69,1002.58,79.45
2024-07-20 05:10:00,AWS_Chennai_001,24.6,1002.53,80.78,0,normal,False,24.6,1002.53,80.78
2024-07-20 05:20:00,AWS_Chennai_001,25.59,1002.52,83.88,0,normal,False,25.59,1002.52,83.88
2024-07-20 05:30:00,AWS_Chennai_001,26.19,1002.23,81.73,0,normal,False,26.19,1002.23,81.73
2024-07-20 05:40:00,AWS_Chennai_001,26.39,1002.23,80.06,0,normal,False,26.39,1002.23,80.06
2024-07-20 05:50:00,AWS_Chennai_001,26.3,1002.12,79.58,0,normal,False,26.3,1002.12,79.58
2024-07-20 06:00:00,AWS_Chennai_001,26.8,1002.09,81.55,0,normal,False,26.8,1002.09,81.55
2024-07-20 06:10:00,AWS_Chennai_001,26.91,1001.88,82.18,0,normal,False,26.91,1001.88,82.18
2024-07-20 06:20:00,AWS_Chennai_001,27.7,1002.05,83.18,0,normal,False,27.7,1002.05,83.18
2024-07-20 06:30:00,AWS_Chennai_001,27.35,1001.87,82.38,0,normal,False,27.35,1001.87,82.38
2024-07-20 06:40:00,AWS_Chennai_001,27.83,1002.23,81.35,0,normal,False,27.83,1002.23,81.35
2024-07-20 06:50:00,AWS_Chennai_001,27.86,1002.26,82.5,0,normal,False,27.86,1002.26,82.5
2024-07-20 07:00:00,AWS_Chennai_001,27.9,1002.24,85.34,0,normal,False,27.9,1002.24,85.34
2024-07-20 07:10:00,AWS_Chennai_001,27.71,1002.12,85.1,0,normal,False,27.71,1002.12,85.1
2024-07-20 07:20:00,AWS_Chennai_001,28.49,1002.1,84.35,0,normal,False,28.49,1002.1,84.35
2024-07-20 07:30:00,AWS_Chennai_001,28.23,1001.92,83.11,0,normal,False,28.23,1001.92,83.11
2024-07-20 07:40:00,AWS_Chennai_001,28.11,1001.71,83.76,0,normal,False,28.11,1001.71,83.76
2024-07-20 07:50:00,AWS_Chennai_001,28.33,1001.51,83.4,0,normal,False,28.33,1001.51,83.4
2024-07-20 08:00:00,AWS_Chennai_001,28.73,1001.33,82.01,0,normal,False,28.73,1001.33,82.01
2024-07-20 08:10:00,AWS_Chennai_001,29.12,1001.36,80.85,0,normal,False,29.12,1001.36,80.85
2024-07-20 08:20:00,AWS_Chennai_001,29.38,1001.44,81.57,0,normal,False,29.38,1001.44,81.57
2024-07-20 08:30:00,AWS_Chennai_001,29.25,1001.37,80.64,0,normal,False,29.25,1001.37,80.64
2024-07-20 08:40:00,AWS_Chennai_001,29.3,1001.21,78.31,0,normal,False,29.3,1001.21,78.31
2024-07-20 08:50:00,AWS_Chennai_001,30.24,1001.18,80.39,0,normal,False,30.24,1001.18,80.39
2024-07-20 09:00:00,AWS_Chennai_001,30.58,1000.78,80.94,0,normal,False,30.58,1000.78,80.94
2024-07-20 09:10:00,AWS_Chennai_001,31.46,1000.81,80.09,0,normal,False,31.46,1000.81,80.09
2024-07-20 09:20:00,AWS_Chennai_001,31.55,1000.79,82.18,0,normal,False,31.55,1000.79,82.18
2024-07-20 09:30:00,AWS_Chennai_001,31.61,1000.63,82.8,0,normal,False,31.61,1000.63,82.8
2024-07-20 09:40:00,AWS_Chennai_001,32.3,1000.47,86.22,0,normal,False,32.3,1000.47,86.22
2024-07-20 09:50:00,AWS_Chennai_001,32.35,1000.74,86.29,0,normal,False,32.35,1000.74,86.29
2024-07-20 10:00:00,AWS_Chennai_001,32.84,1000.86,85.7,0,normal,False,32.84,1000.86,85.7
2024-07-20 10:10:00,AWS_Chennai_001,32.37,1000.48,85.61,0,normal,False,32.37,1000.48,85.61
2024-07-20 10:20:00,AWS_Chennai_001,32.52,1000.64,82.64,0,normal,False,32.52,1000.64,82.64
2024-07-20 10:30:00,AWS_Chennai_001,32.51,1000.68,84.12,0,normal,False,32.51,1000.68,84.12
2024-07-20 10:40:00,AWS_Chennai_001,33.01,1000.53,82.38,0,normal,False,33.01,1000.53,82.38
2024-07-20 10:50:00,AWS_Chennai_001,33.32,1000.65,82.58,0,normal,False,33.32,1000.65,82.58
2024-07-20 11:00:00,AWS_Chennai_001,33.95,1000.82,83.53,0,normal,False,33.95,1000.82,83.53
2024-07-20 11:10:00,AWS_Chennai_001,34.37,1000.86,81.17,0,normal,False,34.37,1000.86,81.17
2024-07-20 11:20:00,AWS_Chennai_001,35.1,1000.99,79.88,0,normal,False,35.1,1000.99,79.88
2024-07-20 11:30:00,AWS_Chennai_001,34.94,1001.19,77.36,0,normal,False,34.94,1001.19,77.36
2024-07-20 11:40:00,AWS_Chennai_001,34.44,1001.11,80.8,0,normal,False,34.44,1001.11,80.8
2024-07-20 11:50:00,AWS_Chennai_001,34.84,1001.36,80.21,0,normal,False,34.84,1001.36,80.21
2024-07-20 12:00:00,AWS_Chennai_001,35.07,1001.5,79.88,0,normal,False,35.07,1001.5,79.88
2024-07-20 12:10:00,AWS_Chennai_001,35.14,1001.56,79.12,0,normal,False,35.14,1001.56,79.12
2024-07-20 12:20:00,AWS_Chennai_001,35.22,1001.56,78.71,0,normal,False,35.22,1001.56,78.71
2024-07-20 12:30:00,AWS_Chennai_001,35.14,1001.6,79.52,0,normal,False,35.14,1001.6,79.52
2024-07-20 12:40:00,AWS_Chennai_001,35.51,1001.64,80.14,0,normal,False,35.51,1001.64,80.14
2024-07-20 12:50:00,AWS_Chennai_001,35.65,1001.8,80.08,0,normal,False,35.65,1001.8,80.08
2024-07-20 13:00:00,AWS_Chennai_001,35.6,1001.83,79.87,0,normal,False,35.6,1001.83,79.87
2024-07-20 13:10:00,AWS_Chennai_001,35.61,1001.72,78.74,0,normal,False,35.61,1001.72,78.74
2024-07-20 13:20:00,AWS_Chennai_001,35.15,1001.67,78.93,0,normal,False,35.15,1001.67,78.93
2024-07-20 13:30:00,AWS_Chennai_001,35.33,1001.49,80.17,0,normal,False,35.33,1001.49,80.17
2024-07-20 13:40:00,AWS_Chennai_001,35.52,1001.98,82.06,0,normal,False,35.52,1001.98,82.06
2024-07-20 13:50:00,AWS_Chennai_001,35.08,1001.98,85.6,0,normal,False,35.08,1001.98,85.6
2024-07-20 14:00:00,AWS_Chennai_001,34.35,1002.13,87.76,0,normal,False,34.35,1002.13,87.76
2024-07-20 14:10:00,AWS_Chennai_001,34.63,1002.15,88.67,0,normal,False,34.63,1002.15,88.67
2024-07-20 14:20:00,AWS_Chennai_001,34.79,1002.17,89.2,0,normal,False,34.79,1002.17,89.2
2024-07-20 14:30:00,AWS_Chennai_001,34.71,1002.41,89.54,0,normal,False,34.71,1002.41,89.54
2024-07-20 14:40:00,AWS_Chennai_001,34.55,1002.58,86.81,0,normal,False,34.55,1002.58,86.81
2024-07-20 14:50:00,AWS_Chennai_001,34.44,1002.97,86.76,0,normal,False,34.44,1002.97,86.76
2024-07-20 15:00:00,AWS_Chennai_001,34.53,1003.01,86.11,0,normal,False,34.53,1003.01,86.11
2024-07-20 15:10:00,AWS_Chennai_001,34.32,1002.89,87.09,0,normal,False,34.32,1002.89,87.09
2024-07-20 15:20:00,AWS_Chennai_001,34.12,1002.99,89.14,0,normal,False,34.12,1002.99,89.14
2024-07-20 15:30:00,AWS_Chennai_001,34.1,1002.96,88.64,0,normal,False,34.1,1002.96,88.64
2024-07-20 15:40:00,AWS_Chennai_001,33.9,1002.89,89.3,0,normal,False,33.9,1002.89,89.3
2024-07-20 15:50:00,AWS_Chennai_001,33.56,1002.96,87.66,0,normal,False,33.56,1002.96,87.66
2024-07-20 16:00:00,AWS_Chennai_001,33.45,1002.59,88.77,0,normal,False,33.45,1002.59,88.77
2024-07-20 16:10:00,AWS_Chennai_001,33.87,1002.47,88.16,0,normal,False,33.87,1002.47,88.16
2024-07-20 16:20:00,AWS_Chennai_001,33.86,1002.69,89.2,0,normal,False,33.86,1002.69,89.2
2024-07-20 16:30:00,AWS_Chennai_001,33.3,1002.66,90.96,0,normal,False,33.3,1002.66,90.96
2024-07-20 16:40:00,AWS_Chennai_001,33.67,1002.66,90.49,0,normal,False,33.67,1002.66,90.49
2024-07-20 16:50:00,AWS_Chennai_001,33.56,1002.66,90.62,0,normal,False,33.56,1002.66,90.62
2024-07-20 17:00:00,AWS_Chennai_001,33.14,1002.5,92.81,0,normal,False,33.14,1002.5,92.81
2024-07-20 17:10:00,AWS_Chennai_001,32.58,1002.33,94.32,0,normal,False,32.58,1002.33,94.32
2024-07-20 17:20:00,AWS_Chennai_001,32.13,1002.19,94.03,0,normal,False,32.13,1002.19,94.03
2024-07-20 17:30:00,AWS_Chennai_001,31.55,1002.68,91.22,0,normal,False,31.55,1002.68,91.22
2024-07-20 17:40:00,AWS_Chennai_001,31.74,1002.84,90.17,0,normal,False,31.74,1002.84,90.17
2024-07-20 17:50:00,AWS_Chennai_001,31.52,1002.64,88.78,0,normal,False,31.52,1002.64,88.78
2024-07-20 18:00:00,AWS_Chennai_001,31.45,1002.44,86.36,0,normal,False,31.45,1002.44,86.36
2024-07-20 18:10:00,AWS_Chennai_001,31.18,1002.38,87.22,0,normal,False,31.18,1002.38,87.22
2024-07-20 18:20:00,AWS_Chennai_001,30.29,1002.66,88.81,0,normal,False,30.29,1002.66,88.81
2024-07-20 18:30:00,AWS_Chennai_001,29.74,1002.39,88.57,0,normal,False,29.74,1002.39,88.57
2024-07-20 18:40:00,AWS_Chennai_001,29.89,1002.43,87.76,0,normal,False,29.89,1002.43,87.76
2024-07-20 18:50:00,AWS_Chennai_001,29.71,1002.57,88.12,0,normal,False,29.71,1002.57,88.12
2024-07-20 19:00:00,AWS_Chennai_001,29.01,1002.38,86.79,0,normal,False,29.01,1002.38,86.79
2024-07-20 19:10:00,AWS_Chennai_001,28.59,1002.32,88.7,0,normal,False,28.59,1002.32,88.7
2024-07-20 19:20:00,AWS_Chennai_001,28.24,1002.3,90.42,0,normal,False,28.24,1002.3,90.42
2024-07-20 19:30:00,AWS_Chennai_001,28.03,1001.94,88.84,0,normal,False,28.03,1001.94,88.84
2024-07-20 19:40:00,AWS_Chennai_001,27.97,1001.73,86.73,0,normal,False,27.97,1001.73,86.73
2024-07-20 19:50:00,AWS_Chennai_001,27.22,1001.98,84.58,0,normal,False,27.22,1001.98,84.58
2024-07-20 20:00:00,AWS_Chennai_001,27.27,1002.16,86.07,0,normal,False,27.27,1002.16,86.07
2024-07-20 20:10:00,AWS_Chennai_001,27.35,1001.98,84.67,0,normal,False,27.35,1001.98,84.67
2024-07-20 20:20:00,AWS_Chennai_001,27.54,1001.93,85.71,0,normal,False,27.54,1001.93,85.71
2024-07-20 20:30:00,AWS_Chennai_001,27.31,1001.89,88.5,0,normal,False,27.31,1001.89,88.5
2024-07-20 20:40:00,AWS_Chennai_001,26.69,1002.01,88.79,0,normal,False,26.69,1002.01,88.79
2024-07-20 20:50:00,AWS_Chennai_001,27.07,1002.08,88.18,0,normal,False,27.07,1002.08,88.18
2024-07-20 21:00:00,AWS_Chennai_001,27.38,1002.2,88.11,0,normal,False,27.38,1002.2,88.11
2024-07-20 21:10:00,AWS_Chennai_001,26.9,1002.07,88.59,0,normal,False,26.9,1002.07,88.59
2024-07-20 21:20:00,AWS_Chennai_001,26.65,1002.21,88.37,0,normal,False,26.65,1002.21,88.37
2024-07-20 21:30:00,AWS_Chennai_001,27.18,1002.39,90.84,0,normal,False,27.18,1002.39,90.84
2024-07-20 21:40:00,AWS_Chennai_001,27.2,1002.45,92.02,0,normal,False,27.2,1002.45,92.02
2024-07-20 21:50:00,AWS_Chennai_001,26.88,1002.57,93.75,0,normal,False,26.88,1002.57,93.75
2024-07-20 22:00:00,AWS_Chennai_001,27.48,1002.61,94.47,0,normal,False,27.48,1002.61,94.47
2024-07-20 22:10:00,AWS_Chennai_001,27.59,1002.28,95.11,0,normal,False,27.59,1002.28,95.11
2024-07-20 22:20:00,AWS_Chennai_001,27.57,1002.2,94.62,0,normal,False,27.57,1002.2,94.62
2024-07-20 22:30:00,AWS_Chennai_001,26.97,1001.88,94.33,0,normal,False,26.97,1001.88,94.33
2024-07-20 22:40:00,AWS_Chennai_001,27.32,1001.74,95.69,0,normal,False,27.32,1001.74,95.69
2024-07-20 22:50:00,AWS_Chennai_001,27.15,1001.76,96.71,0,normal,False,27.15,1001.76,96.71
2024-07-20 23:00:00,AWS_Chennai_001,26.94,1001.77,95.01,0,normal,False,26.94,1001.77,95.01
2024-07-20 23:10:00,AWS_Chennai_001,27.1,1001.88,97.37,0,normal,False,27.1,1001.88,97.37
2024-07-20 23:20:00,AWS_Chennai_001,26.89,1002.1,96.08,0,normal,False,26.89,1002.1,96.08
2024-07-20 23:30:00,AWS_Chennai_001,27.42,1002.11,95.81,0,normal,False,27.42,1002.11,95.81
2024-07-20 23:40:00,AWS_Chennai_001,27.41,1002.43,97.12,0,normal,False,27.41,1002.43,97.12
2024-07-20 23:50:00,AWS_Chennai_001,27.69,1002.6,98.21,0,normal,False,27.69,1002.6,98.21
2024-07-21 00:00:00,AWS_Chennai_001,27.6,1002.54,100.0,0,normal,False,27.6,1002.54,100.0
2024-07-21 00:10:00,AWS_Chennai_001,27.7,1002.55,98.33,0,normal,False,27.7,1002.55,98.33
2024-07-21 00:20:00,AWS_Chennai_001,27.02,1002.43,96.7,0,normal,False,27.02,1002.43,96.7
2024-07-21 00:30:00,AWS_Chennai_001,26.93,1002.28,95.05,0,normal,False,26.93,1002.28,95.05
2024-07-21 00:40:00,AWS_Chennai_001,26.87,1002.44,91.79,0,normal,False,26.87,1002.44,91.79
2024-07-21 00:50:00,AWS_Chennai_001,26.55,1002.34,91.83,0,normal,False,26.55,1002.34,91.83
2024-07-21 01:00:00,AWS_Chennai_001,26.87,1002.38,90.05,0,normal,False,26.87,1002.38,90.05
2024-07-21 01:10:00,AWS_Chennai_001,26.75,1002.34,92.46,0,normal,False,26.75,1002.34,92.46
2024-07-21 01:20:00,AWS_Chennai_001,26.56,1002.44,90.49,0,normal,False,26.56,1002.44,90.49
2024-07-21 01:30:00,AWS_Chennai_001,26.0,1002.21,90.4,0,normal,False,26.0,1002.21,90.4
2024-07-21 01:40:00,AWS_Chennai_001,25.62,1002.55,89.73,0,normal,False,25.62,1002.55,89.73
2024-07-21 01:50:00,AWS_Chennai_001,25.72,1002.53,90.58,0,normal,False,25.72,1002.53,90.58
2024-07-21 02:00:00,AWS_Chennai_001,25.62,1002.38,89.39,0,normal,False,25.62,1002.38,89.39
2024-07-21 02:10:00,AWS_Chennai_001,25.56,1002.25,88.8,0,normal,False,25.56,1002.25,88.8
2024-07-21 02:20:00,AWS_Chennai_001,25.79,1002.24,89.12,0,normal,False,25.79,1002.24,89.12
2024-07-21 02:30:00,AWS_Chennai_001,25.68,1002.14,87.27,0,normal,False,25.68,1002.14,87.27
2024-07-21 02:40:00,AWS_Chennai_001,25.89,1002.34,85.7,0,normal,False,25.89,1002.34,85.7
2024-07-21 02:50:00,AWS_Chennai_001,26.11,1002.4,86.78,0,normal,False,26.11,1002.4,86.78
2024-07-21 03:00:00,AWS_Chennai_001,26.67,1002.11,86.39,0,normal,False,26.67,1002.11,86.39
2024-07-21 03:10:00,AWS_Chennai_001,26.67,1002.27,85.09,0,normal,False,26.67,1002.27,85.09
2024-07-21 03:20:00,AWS_Chennai_001,26.79,1002.32,87.75,0,normal,False,26.79,1002.32,87.75
2024-07-21 03:30:00,AWS_Chennai_001,26.53,1002.44,87.97,0,normal,False,26.53,1002.44,87.97
2024-07-21 03:40:00,AWS_Chennai_001,26.19,1002.35,87.2,0,normal,False,26.19,1002.35,87.2
2024-07-21 03:50:00,AWS_Chennai_001,26.1,1002.4,86.65,0,normal,False,26.1,1002.4,86.65
2024-07-21 04:00:00,AWS_Chennai_001,26.31,1002.34,88.8,0,normal,False,26.31,1002.34,88.8
2024-07-21 04:10:00,AWS_Chennai_001,26.31,1002.34,88.4,0,normal,False,26.31,1002.34,88.4
2024-07-21 04:20:00,AWS_Chennai_001,26.53,1002.04,89.4,0,normal,False,26.53,1002.04,89.4
2024-07-21 04:30:00,AWS_Chennai_001,26.67,1002.17,89.86,0,normal,False,26.67,1002.17,89.86
2024-07-21 04:40:00,AWS_Chennai_001,27.49,1002.18,87.07,0,normal,False,27.49,1002.18,87.07
2024-07-21 04:50:00,AWS_Chennai_001,27.37,1002.21,86.18,0,normal,False,27.37,1002.21,86.18
2024-07-21 05:00:00,AWS_Chennai_001,27.94,1002.12,84.72,0,normal,False,27.94,1002.12,84.72
2024-07-21 05:10:00,AWS_Chennai_001,28.04,1002.1,85.61,0,normal,False,28.04,1002.1,85.61
2024-07-21 05:20:00,AWS_Chennai_001,27.3,1001.93,86.31,0,normal,False,27.3,1001.93,86.31
2024-07-21 05:30:00,AWS_Chennai_001,27.73,1001.94,85.19,0,normal,False,27.73,1001.94,85.19
2024-07-21 05:40:00,AWS_Chennai_001,27.75,1002.05,86.48,0,normal,False,27.75,1002.05,86.48
2024-07-21 05:50:00,AWS_Chennai_001,28.03,1002.21,88.87,0,normal,False,28.03,1002.21,88.87
2024-07-21 06:00:00,AWS_Chennai_001,27.85,1002.04,90.62,0,normal,False,27.85,1002.04,90.62
2024-07-21 06:10:00,AWS_Chennai_001,27.54,1002.12,88.12,0,normal,False,27.54,1002.12,88.12
2024-07-21 06:20:00,AWS_Chennai_001,28.06,1002.06,88.23,0,normal,False,28.06,1002.06,88.23
2024-07-21 06:30:00,AWS_Chennai_001,28.32,1001.86,90.09,0,normal,False,28.32,1001.86,90.09
2024-07-21 06:40:00,AWS_Chennai_001,28.82,1001.5,92.69,0,normal,False,28.82,1001.5,92.69
2024-07-21 06:50:00,AWS_Chennai_001,28.65,1001.26,90.47,0,normal,False,28.65,1001.26,90.47
2024-07-21 07:00:00,AWS_Chennai_001,29.08,1000.72,89.31,0,normal,False,29.08,1000.72,89.31
2024-07-21 07:10:00,AWS_Chennai_001,29.1,1000.64,86.81,0,normal,False,29.1,1000.64,86.81
2024-07-21 07:20:00,AWS_Chennai_001,29.28,1000.65,85.89,0,normal,False,29.28,1000.65,85.89
2024-07-21 07:30:00,AWS_Chennai_001,29.8,1000.49,85.4,0,normal,False,29.8,1000.49,85.4
2024-07-21 07:40:00,AWS_Chennai_001,30.07,1000.25,82.06,0,normal,False,30.07,1000.25,82.06
2024-07-21 07:50:00,AWS_Chennai_001,30.28,1000.39,84.78,0,normal,False,30.28,1000.39,84.78
2024-07-21 08:00:00,AWS_Chennai_001,30.48,1000.42,83.51,0,normal,False,30.48,1000.42,83.51
2024-07-21 08:10:00,AWS_Chennai_001,30.79,1000.24,84.24,0,normal,False,30.79,1000.24,84.24
2024-07-21 08:20:00,AWS_Chennai_001,30.95,1000.14,84.77,0,normal,False,30.95,1000.14,84.77
2024-07-21 08:30:00,AWS_Chennai_001,31.34,1000.51,84.83,0,normal,False,31.34,1000.51,84.83
2024-07-21 08:40:00,AWS_Chennai_001,31.43,1000.56,85.11,0,normal,False,31.43,1000.56,85.11
2024-07-21 08:50:00,AWS_Chennai_001,31.6,1000.95,86.9,0,normal,False,31.6,1000.95,86.9
2024-07-21 09:00:00,AWS_Chennai_001,32.11,1000.99,86.78,0,normal,False,32.11,1000.99,86.78
2024-07-21 09:10:00,AWS_Chennai_001,32.15,1000.77,86.34,0,normal,False,32.15,1000.77,86.34
2024-07-21 09:20:00,AWS_Chennai_001,32.34,1000.73,87.64,0,normal,False,32.34,1000.73,87.64
2024-07-21 09:30:00,AWS_Chennai_001,32.64,1000.78,87.92,0,normal,False,32.64,1000.78,87.92
2024-07-21 09:40:00,AWS_Chennai_001,32.44,1000.76,85.98,0,normal,False,32.44,1000.76,85.98
2024-07-21 09:50:00,AWS_Chennai_001,32.92,1000.69,83.68,0,normal,False,32.92,1000.69,83.68
2024-07-21 10:00:00,AWS_Chennai_001,33.2,1000.94,81.42,0,normal,False,33.2,1000.94,81.42
2024-07-21 10:10:00,AWS_Chennai_001,33.69,1000.97,80.25,0,normal,False,33.69,1000.97,80.25
2024-07-21 10:20:00,AWS_Chennai_001,34.28,1001.2,78.37,0,normal,False,34.28,1001.2,78.37
2024-07-21 10:30:00,AWS_Chennai_001,34.77,1001.28,78.84,0,normal,False,34.77,1001.28,78.84
2024-07-21 10:40:00,AWS_Chennai_001,34.63,1001.26,81.23,0,normal,False,34.63,1001.26,81.23
2024-07-21 10:50:00,AWS_Chennai_001,34.54,1001.51,85.24,0,normal,False,34.54,1001.51,85.24
2024-07-21 11:00:00,AWS_Chennai_001,34.45,1001.66,86.49,0,normal,False,34.45,1001.66,86.49
2024-07-21 11:10:00,AWS_Chennai_001,34.63,1001.47,86.24,0,normal,False,34.63,1001.47,86.24
2024-07-21 11:20:00,AWS_Chennai_001,34.96,1001.67,84.36,0,normal,False,34.96,1001.67,84.36
2024-07-21 11:30:00,AWS_Chennai_001,35.18,1001.78,86.49,0,normal,False,35.18,1001.78,86.49
2024-07-21 11:40:00,AWS_Chennai_001,35.6,1001.89,88.38,0,normal,False,35.6,1001.89,88.38
2024-07-21 11:50:00,AWS_Chennai_001,35.88,1001.87,88.62,0,normal,False,35.88,1001.87,88.62
2024-07-21 12:00:00,AWS_Chennai_001,35.94,1002.02,91.35,0,normal,False,35.94,1002.02,91.35
2024-07-21 12:10:00,AWS_Chennai_001,35.83,1002.21,93.07,0,normal,False,35.83,1002.21,93.07
2024-07-21 12:20:00,AWS_Chennai_001,36.56,1002.42,91.86,0,normal,False,36.56,1002.42,91.86
2024-07-21 12:30:00,AWS_Chennai_001,36.29,1002.34,87.57,0,normal,False,36.29,1002.34,87.57
2024-07-21 12:40:00,AWS_Chennai_001,36.44,1002.35,87.0,0,normal,False,36.44,1002.35,87.0
2024-07-21 12:50:00,AWS_Chennai_001,36.34,1002.41,85.9,0,normal,False,36.34,1002.41,85.9
2024-07-21 13:00:00,AWS_Chennai_001,36.3,1002.44,86.07,0,normal,False,36.3,1002.44,86.07
2024-07-21 13:10:00,AWS_Chennai_001,36.76,1002.58,86.05,0,normal,False,36.76,1002.58,86.05
2024-07-21 13:20:00,AWS_Chennai_001,36.36,1002.6,87.86,0,normal,False,36.36,1002.6,87.86
2024-07-21 13:30:00,AWS_Chennai_001,36.3,1002.94,89.02,0,normal,False,36.3,1002.94,89.02
2024-07-21 13:40:00,AWS_Chennai_001,35.95,1002.94,89.35,0,normal,False,35.95,1002.94,89.35
2024-07-21 13:50:00,AWS_Chennai_001,36.24,1002.93,88.17,0,normal,False,36.24,1002.93,88.17
2024-07-21 14:00:00,AWS_Chennai_001,36.52,1003.07,90.35,0,normal,False,36.52,1003.07,90.35
2024-07-21 14:10:00,AWS_Chennai_001,36.27,1002.88,91.59,0,normal,False,36.27,1002.88,91.59
2024-07-21 14:20:00,AWS_Chennai_001,36.38,1002.87,89.56,0,normal,False,36.38,1002.87,89.56
2024-07-21 14:30:00,AWS_Chennai_001,36.03,1002.8,86.34,0,normal,False,36.03,1002.8,86.34
2024-07-21 14:40:00,AWS_Chennai_001,36.29,1002.94,85.3,0,normal,False,36.29,1002.94,85.3
2024-07-21 14:50:00,AWS_Chennai_001,35.97,1002.95,89.12,0,normal,False,35.97,1002.95,89.12
2024-07-21 15:00:00,AWS_Chennai_001,35.93,1002.98,87.42,0,normal,False,35.93,1002.98,87.42
2024-07-21 15:10:00,AWS_Chennai_001,35.53,1003.21,86.5,0,normal,False,35.53,1003.21,86.5
2024-07-21 15:20:00,AWS_Chennai_001,35.51,1003.16,85.9,0,normal,False,35.51,1003.16,85.9
2024-07-21 15:30:00,AWS_Chennai_001,35.25,1003.25,83.98,0,normal,False,35.25,1003.25,83.98
2024-07-21 15:40:00,AWS_Chennai_001,35.43,1003.23,81.72,0,normal,False,35.43,1003.23,81.72
2024-07-21 15:50:00,AWS_Chennai_001,35.03,1003.14,80.33,0,normal,False,35.03,1003.14,80.33
2024-07-21 16:00:00,AWS_Chennai_001,34.47,1003.14,83.12,0,normal,False,34.47,1003.14,83.12
2024-07-21 16:10:00,AWS_Chennai_001,34.36,1002.98,82.65,0,normal,False,34.36,1002.98,82.65
2024-07-21 16:20:00,AWS_Chennai_001,34.14,1002.98,85.72,0,normal,False,34.14,1002.98,85.72
2024-07-21 16:30:00,AWS_Chennai_001,34.11,1003.1,86.21,0,normal,False,34.11,1003.1,86.21
2024-07-21 16:40:00,AWS_Chennai_001,34.01,1002.98,85.64,0,normal,False,34.01,1002.98,85.64
2024-07-21 16:50:00,AWS_Chennai_001,34.22,1003.07,87.37,0,normal,False,34.22,1003.07,87.37
2024-07-21 17:00:00,AWS_Chennai_001,34.03,1002.92,89.38,0,normal,False,34.03,1002.92,89.38
2024-07-21 17:10:00,AWS_Chennai_001,33.49,1002.73,89.64,0,normal,False,33.49,1002.73,89.64
2024-07-21 17:20:00,AWS_Chennai_001,33.34,1002.49,89.23,0,normal,False,33.34,1002.49,89.23
2024-07-21 17:30:00,AWS_Chennai_001,32.88,1002.85,89.21,0,normal,False,32.88,1002.85,89.21
2024-07-21 17:40:00,AWS_Chennai_001,33.13,1002.8,89.99,0,normal,False,33.13,1002.8,89.99
2024-07-21 17:50:00,AWS_Chennai_001,32.8,1002.85,92.68,0,normal,False,32.8,1002.85,92.68
2024-07-21 18:00:00,AWS_Chennai_001,32.64,1002.69,91.6,0,normal,False,32.64,1002.69,91.6
2024-07-21 18:10:00,AWS_Chennai_001,32.61,1002.44,90.8,0,normal,False,32.61,1002.44,90.8
2024-07-21 18:20:00,AWS_Chennai_001,32.47,1002.43,89.02,0,normal,False,32.47,1002.43,89.02
2024-07-21 18:30:00,AWS_Chennai_001,32.05,1002.37,90.75,0,normal,False,32.05,1002.37,90.75
2024-07-21 18:40:00,AWS_Chennai_001,31.68,1002.11,93.81,0,normal,False,31.68,1002.11,93.81
2024-07-21 18:50:00,AWS_Chennai_001,31.72,1001.94,94.15,0,normal,False,31.72,1001.94,94.15
2024-07-21 19:00:00,AWS_Chennai_001,31.75,1001.65,94.9,0,normal,False,31.75,1001.65,94.9
2024-07-21 19:10:00,AWS_Chennai_001,31.25,1001.47,94.5,0,normal,False,31.25,1001.47,94.5
2024-07-21 19:20:00,AWS_Chennai_001,30.88,1001.35,92.03,0,normal,False,30.88,1001.35,92.03
2024-07-21 19:30:00,AWS_Chennai_001,30.41,1001.27,90.98,0,normal,False,30.41,1001.27,90.98
2024-07-21 19:40:00,AWS_Chennai_001,30.05,1001.31,92.79,0,normal,False,30.05,1001.31,92.79
2024-07-21 19:50:00,AWS_Chennai_001,29.6,1001.27,92.63,0,normal,False,29.6,1001.27,92.63
2024-07-21 20:00:00,AWS_Chennai_001,29.71,1001.19,93.24,0,normal,False,29.71,1001.19,93.24
2024-07-21 20:10:00,AWS_Chennai_001,29.31,1000.94,93.62,0,normal,False,29.31,1000.94,93.62
2024-07-21 20:20:00,AWS_Chennai_001,28.6,1001.05,93.48,0,normal,False,28.6,1001.05,93.48
2024-07-21 20:30:00,AWS_Chennai_001,28.15,1000.98,91.33,0,normal,False,28.15,1000.98,91.33
2024-07-21 20:40:00,AWS_Chennai_001,27.66,1000.96,94.73,0,normal,False,27.66,1000.96,94.73
2024-07-21 20:50:00,AWS_Chennai_001,27.34,1001.08,92.09,0,normal,False,27.34,1001.08,92.09
2024-07-21 21:00:00,AWS_Chennai_001,27.35,1000.93,93.91,0,normal,False,27.35,1000.93,93.91
2024-07-21 21:10:00,AWS_Chennai_001,26.79,1001.16,94.76,0,normal,False,26.79,1001.16,94.76
2024-07-21 21:20:00,AWS_Chennai_001,25.96,1001.05,93.9,0,normal,False,25.96,1001.05,93.9
2024-07-21 21:30:00,AWS_Chennai_001,25.56,1001.16,96.51,0,normal,False,25.56,1001.16,96.51
2024-07-21 21:40:00,AWS_Chennai_001,25.98,1001.56,93.3,0,normal,False,25.98,1001.56,93.3
2024-07-21 21:50:00,AWS_Chennai_001,25.44,1001.52,94.88,0,normal,False,25.44,1001.52,94.88
2024-07-21 22:00:00,AWS_Chennai_001,25.67,1001.54,95.19,0,normal,False,25.67,1001.54,95.19
2024-07-21 22:10:00,AWS_Chennai_001,25.73,1001.97,97.37,0,normal,False,25.73,1001.97,97.37
2024-07-21 22:20:00,AWS_Chennai_001,25.74,1001.84,93.98,0,normal,False,25.74,1001.84,93.98
2024-07-21 22:30:00,AWS_Chennai_001,25.92,1001.83,95.86,0,normal,False,25.92,1001.83,95.86
2024-07-21 22:40:00,AWS_Chennai_001,26.15,1001.77,97.84,0,normal,False,26.15,1001.77,97.84
2024-07-21 22:50:00,AWS_Chennai_001,26.91,1001.59,97.74,0,normal,False,26.91,1001.59,97.74
2024-07-21 23:00:00,AWS_Chennai_001,26.86,1001.76,100.0,0,normal,False,26.86,1001.76,100.0
2024-07-21 23:10:00,AWS_Chennai_001,26.57,1001.89,95.95,0,normal,False,26.57,1001.89,95.95
2024-07-21 23:20:00,AWS_Chennai_001,26.65,1001.98,96.68,0,normal,False,26.65,1001.98,96.68
2024-07-21 23:30:00,AWS_Chennai_001,26.43,1002.24,96.73,0,normal,False,26.43,1002.24,96.73
2024-07-21 23:40:00,AWS_Chennai_001,25.93,1002.17,97.59,0,normal,False,25.93,1002.17,97.59
2024-07-21 23:50:00,AWS_Chennai_001,26.13,1002.13,97.25,0,normal,False,26.13,1002.13,97.25
2024-07-22 00:00:00,AWS_Chennai_001,25.94,1001.89,97.0,0,normal,False,25.94,1001.89,97.0
2024-07-22 00:10:00,AWS_Chennai_001,25.59,1001.83,96.21,0,normal,False,25.59,1001.83,96.21
2024-07-22 00:20:00,AWS_Chennai_001,25.29,1001.75,97.28,0,normal,False,25.29,1001.75,97.28
2024-07-22 00:30:00,AWS_Chennai_001,24.82,1001.7,95.91,0,normal,False,24.82,1001.7,95.91
2024-07-22 00:40:00,AWS_Chennai_001,25.08,1001.9,98.58,0,normal,False,25.08,1001.9,98.58
2024-07-22 00:50:00,AWS_Chennai_001,24.97,1001.96,97.07,0,normal,False,24.97,1001.96,97.07
2024-07-22 01:00:00,AWS_Chennai_001,24.75,1002.3,95.36,0,normal,False,24.75,1002.3,95.36
2024-07-22 01:10:00,AWS_Chennai_001,24.82,1002.39,95.37,0,normal,False,24.82,1002.39,95.37
2024-07-22 01:20:00,AWS_Chennai_001,24.67,1002.67,96.82,0,normal,False,24.67,1002.67,96.82
2024-07-22 01:30:00,AWS_Chennai_001,24.56,1003.0,98.03,0,normal,False,24.56,1003.0,98.03
2024-07-22 01:40:00,AWS_Chennai_001,24.63,1002.8,98.59,0,normal,False,24.63,1002.8,98.59
2024-07-22 01:50:00,AWS_Chennai_001,24.86,1002.87,98.18,0,normal,False,24.86,1002.87,98.18
2024-07-22 02:00:00,AWS_Chennai_001,24.88,1002.94,98.38,0,normal,False,24.88,1002.94,98.38
2024-07-22 02:10:00,AWS_Chennai_001,25.1,1002.78,98.32,0,normal,False,25.1,1002.78,98.32
2024-07-22 02:20:00,AWS_Chennai_001,24.98,1002.88,95.38,0,normal,False,24.98,1002.88,95.38
2024-07-22 02:30:00,AWS_Chennai_001,25.07,1002.93,96.11,0,normal,False,25.07,1002.93,96.11
2024-07-22 02:40:00,AWS_Chennai_001,25.73,1002.68,96.46,0,normal,False,25.73,1002.68,96.46
2024-07-22 02:50:00,AWS_Chennai_001,25.47,1002.93,96.44,0,normal,False,25.47,1002.93,96.44
2024-07-22 03:00:00,AWS_Chennai_001,25.57,1002.85,94.79,0,normal,False,25.57,1002.85,94.79
2024-07-22 03:10:00,AWS_Chennai_001,25.65,1002.93,92.68,0,normal,False,25.65,1002.93,92.68
2024-07-22 03:20:00,AWS_Chennai_001,25.69,1002.92,92.92,0,normal,False,25.69,1002.92,92.92
2024-07-22 03:30:00,AWS_Chennai_001,25.59,1002.84,91.2,0,normal,False,25.59,1002.84,91.2
2024-07-22 03:40:00,AWS_Chennai_001,25.41,1002.91,94.18,0,normal,False,25.41,1002.91,94.18
2024-07-22 03:50:00,AWS_Chennai_001,25.54,1002.63,95.8,0,normal,False,25.54,1002.63,95.8
2024-07-22 04:00:00,AWS_Chennai_001,25.62,1002.79,98.56,0,normal,False,25.62,1002.79,98.56
2024-07-22 04:10:00,AWS_Chennai_001,25.97,1002.8,98.29,0,normal,False,25.97,1002.8,98.29
2024-07-22 04:20:00,AWS_Chennai_001,26.23,1002.71,97.86,0,normal,False,26.23,1002.71,97.86
2024-07-22 04:30:00,AWS_Chennai_001,26.48,1002.82,96.82,0,normal,False,26.48,1002.82,96.82
2024-07-22 04:40:00,AWS_Chennai_001,26.65,1002.64,95.84,0,normal,False,26.65,1002.64,95.84
2024-07-22 04:50:00,AWS_Chennai_001,26.75,1002.94,97.39,0,normal,False,26.75,1002.94,97.39
2024-07-22 05:00:00,AWS_Chennai_001,26.94,1002.6,96.21,0,normal,False,26.94,1002.6,96.21
2024-07-22 05:10:00,AWS_Chennai_001,27.1,1002.6,95.42,0,normal,False,27.1,1002.6,95.42
2024-07-22 05:20:00,AWS_Chennai_001,26.68,1002.44,94.85,0,normal,False,26.68,1002.44,94.85
2024-07-22 05:30:00,AWS_Chennai_001,26.56,1002.46,93.0,0,normal,False,26.56,1002.46,93.0
2024-07-22 05:40:00,AWS_Chennai_001,26.62,1002.33,89.81,0,normal,False,26.62,1002.33,89.81
2024-07-22 05:50:00,AWS_Chennai_001,26.62,1002.26,91.26,0,normal,False,26.62,1002.26,91.26
2024-07-22 06:00:00,AWS_Chennai_001,27.03,1002.21,90.53,0,normal,False,27.03,1002.21,90.53
2024-07-22 06:10:00,AWS_Chennai_001,27.36,1002.17,87.44,0,normal,False,27.36,1002.17,87.44
2024-07-22 06:20:00,AWS_Chennai_001,27.14,1001.76,88.91,0,normal,False,27.14,1001.76,88.91
2024-07-22 06:30:00,AWS_Chennai_001,26.52,1002.03,89.73,0,normal,False,26.52,1002.03,89.73
2024-07-22 06:40:00,AWS_Chennai_001,26.71,1002.07,88.08,0,normal,False,26.71,1002.07,88.08
2024-07-22 06:50:00,AWS_Chennai_001,26.69,1002.06,87.26,0,normal,False,26.69,1002.06,87.26
2024-07-22 07:00:00,AWS_Chennai_001,26.96,1001.88,86.3,0,normal,False,26.96,1001.88,86.3
2024-07-22 07:10:00,AWS_Chennai_001,27.28,1002.02,86.33,0,normal,False,27.28,1002.02,86.33
2024-07-22 07:20:00,AWS_Chennai_001,27.39,1002.03,85.02,0,normal,False,27.39,1002.03,85.02
2024-07-22 07:30:00,AWS_Chennai_001,27.58,1002.3,83.57,0,normal,False,27.58,1002.3,83.57
2024-07-22 07:40:00,AWS_Chennai_001,27.96,1002.16,82.69,0,normal,False,27.96,1002.16,82.69
2024-07-22 07:50:00,AWS_Chennai_001,28.12,1001.77,81.06,0,normal,False,28.12,1001.77,81.06
2024-07-22 08:00:00,AWS_Chennai_001,28.66,1001.68,79.08,0,normal,False,28.66,1001.68,79.08
2024-07-22 08:10:00,AWS_Chennai_001,28.41,1001.56,78.73,0,normal,False,28.41,1001.56,78.73
2024-07-22 08:20:00,AWS_Chennai_001,28.69,1001.7,77.81,0,normal,False,28.69,1001.7,77.81
2024-07-22 08:30:00,AWS_Chennai_001,28.96,1001.67,75.15,0,normal,False,28.96,1001.67,75.15
2024-07-22 08:40:00,AWS_Chennai_001,29.48,1001.55,75.83,0,normal,False,29.48,1001.55,75.83
2024-07-22 08:50:00,AWS_Chennai_001,29.64,1001.65,76.26,0,normal,False,29.64,1001.65,76.26
2024-07-22 09:00:00,AWS_Chennai_001,30.17,1001.69,75.89,0,normal,False,30.17,1001.69,75.89
2024-07-22 09:10:00,AWS_Chennai_001,30.15,1001.46,72.03,0,normal,False,30.15,1001.46,72.03
2024-07-22 09:20:00,AWS_Chennai_001,30.56,1001.31,74.29,0,normal,False,30.56,1001.31,74.29
2024-07-22 09:30:00,AWS_Chennai_001,30.86,1001.49,75.78,0,normal,False,30.86,1001.49,75.78
2024-07-22 09:40:00,AWS_Chennai_001,31.13,1001.41,76.69,0,normal,False,31.13,1001.41,76.69
2024-07-22 09:50:00,AWS_Chennai_001,31.3,1001.19,75.72,0,normal,False,31.3,1001.19,75.72
2024-07-22 10:00:00,AWS_Chennai_001,31.54,1001.28,74.01,0,normal,False,31.54,1001.28,74.01
2024-07-22 10:10:00,AWS_Chennai_001,31.58,1001.47,72.81,0,normal,False,31.58,1001.47,72.81
2024-07-22 10:20:00,AWS_Chennai_001,31.54,1001.7,73.54,0,normal,False,31.54,1001.7,73.54
2024-07-22 10:30:00,AWS_Chennai_001,31.47,1001.8,73.34,0,normal,False,31.47,1001.8,73.34
2024-07-22 10:40:00,AWS_Chennai_001,31.71,1001.73,73.03,0,normal,False,31.71,1001.73,73.03
2024-07-22 10:50:00,AWS_Chennai_001,32.29,1001.92,77.14,0,normal,False,32.29,1001.92,77.14
2024-07-22 11:00:00,AWS_Chennai_001,32.19,1002.12,77.39,0,normal,False,32.19,1002.12,77.39
2024-07-22 11:10:00,AWS_Chennai_001,32.56,1002.07,78.51,0,normal,False,32.56,1002.07,78.51
2024-07-22 11:20:00,AWS_Chennai_001,32.53,1002.31,76.79,0,normal,False,32.53,1002.31,76.79
2024-07-22 11:30:00,AWS_Chennai_001,32.63,1002.32,74.99,0,normal,False,32.63,1002.32,74.99
2024-07-22 11:40:00,AWS_Chennai_001,33.1,1002.56,75.82,0,normal,False,33.1,1002.56,75.82
2024-07-22 11:50:00,AWS_Chennai_001,33.04,1002.36,79.53,0,normal,False,33.04,1002.36,79.53
2024-07-22 12:00:00,AWS_Chennai_001,34.13,1002.55,81.03,0,normal,False,34.13,1002.55,81.03
2024-07-22 12:10:00,AWS_Chennai_001,34.49,1002.48,81.36,0,normal,False,34.49,1002.48,81.36
2024-07-22 12:20:00,AWS_Chennai_001,34.51,1002.54,84.45,0,normal,False,34.51,1002.54,84.45
2024-07-22 12:30:00,AWS_Chennai_001,34.47,1002.48,82.24,0,normal,False,34.47,1002.48,82.24
2024-07-22 12:40:00,AWS_Chennai_001,34.64,1002.43,79.52,0,normal,False,34.64,1002.43,79.52
2024-07-22 12:50:00,AWS_Chennai_001,34.61,1002.46,79.55,0,normal,False,34.61,1002.46,79.55
2024-07-22 13:00:00,AWS_Chennai_001,34.62,1002.4,79.7,0,normal,False,34.62,1002.4,79.7
2024-07-22 13:10:00,AWS_Chennai_001,34.72,1002.31,79.82,0,normal,False,34.72,1002.31,79.82
2024-07-22 13:20:00,AWS_Chennai_001,35.0,1002.27,78.87,0,normal,False,35.0,1002.27,78.87
2024-07-22 13:30:00,AWS_Chennai_001,34.87,1002.44,76.37,0,normal,False,34.87,1002.44,76.37
2024-07-22 13:40:00,AWS_Chennai_001,34.9,1002.27,77.23,0,normal,False,34.9,1002.27,77.23
2024-07-22 13:50:00,AWS_Chennai_001,34.91,1002.49,76.2,0,normal,False,34.91,1002.49,76.2
2024-07-22 14:00:00,AWS_Chennai_001,35.16,1002.43,75.5,0,normal,False,35.16,1002.43,75.5
2024-07-22 14:10:00,AWS_Chennai_001,34.9,1002.43,75.65,0,normal,False,34.9,1002.43,75.65
2024-07-22 14:20:00,AWS_Chennai_001,34.59,1002.4,77.28,0,normal,False,34.59,1002.4,77.28
2024-07-22 14:30:00,AWS_Chennai_001,34.61,1002.64,78.31,0,normal,False,34.61,1002.64,78.31
2024-07-22 14:40:00,AWS_Chennai_001,34.71,1002.68,79.47,0,normal,False,34.71,1002.68,79.47
2024-07-22 14:50:00,AWS_Chennai_001,34.72,1002.78,80.54,0,normal,False,34.72,1002.78,80.54
2024-07-22 15:00:00,AWS_Chennai_001,34.42,1003.07,81.69,0,normal,False,34.42,1003.07,81.69
2024-07-22 15:10:00,AWS_Chennai_001,33.94,1003.26,80.03,0,normal,False,33.94,1003.26,80.03
2024-07-22 15:20:00,AWS_Chennai_001,34.17,1003.05,78.26,0,normal,False,34.17,1003.05,78.26
2024-07-22 15:30:00,AWS_Chennai_001,34.14,1003.24,78.61,0,normal,False,34.14,1003.24,78.61
2024-07-22 15:40:00,AWS_Chennai_001,33.94,1003.05,80.55,0,normal,False,33.94,1003.05,80.55
2024-07-22 15:50:00,AWS_Chennai_001,34.04,1002.95,80.44,0,normal,False,34.04,1002.95,80.44
2024-07-22 16:00:00,AWS_Chennai_001,34.26,1003.12,81.48,0,normal,False,34.26,1003.12,81.48
2024-07-22 16:10:00,AWS_Chennai_001,34.08,1002.97,80.72,0,normal,False,34.08,1002.97,80.72
2024-07-22 16:20:00,AWS_Chennai_001,34.43,1002.95,81.43,0,normal,False,34.43,1002.95,81.43
2024-07-22 16:30:00,AWS_Chennai_001,34.78,1002.6,84.52,0,normal,False,34.78,1002.6,84.52
2024-07-22 16:40:00,AWS_Chennai_001,34.32,1002.36,82.7,0,normal,False,34.32,1002.36,82.7
2024-07-22 16:50:00,AWS_Chennai_001,33.71,1002.47,83.74,0,normal,False,33.71,1002.47,83.74
2024-07-22 17:00:00,AWS_Chennai_001,33.78,1002.25,84.81,0,normal,False,33.78,1002.25,84.81
2024-07-22 17:10:00,AWS_Chennai_001,33.65,1002.17,86.62,0,normal,False,33.65,1002.17,86.62
2024-07-22 17:20:00,AWS_Chennai_001,33.2,1001.78,88.27,0,normal,False,33.2,1001.78,88.27
2024-07-22 17:30:00,AWS_Chennai_001,33.22,1001.68,88.27,0,normal,False,33.22,1001.68,88.27
2024-07-22 17:40:00,AWS_Chennai_001,32.99,1001.61,88.79,0,normal,False,32.99,1001.61,88.79
2024-07-22 17:50:00,AWS_Chennai_001,32.82,1001.55,88.61,0,normal,False,32.82,1001.55,88.61
2024-07-22 18:00:00,AWS_Chennai_001,31.99,1001.4,87.84,0,normal,False,31.99,1001.4,87.84
2024-07-22 18:10:00,AWS_Chennai_001,31.61,1001.38,89.2,0,normal,False,31.61,1001.38,89.2
2024-07-22 18:20:00,AWS_Chennai_001,31.22,1001.25,90.78,0,normal,False,31.22,1001.25,90.78
2024-07-22 18:30:00,AWS_Chennai_001,31.11,1001.21,89.49,0,normal,False,31.11,1001.21,89.49
2024-07-22 18:40:00,AWS_Chennai_001,31.2,1001.09,90.34,0,normal,False,31.2,1001.09,90.34
2024-07-22 18:50:00,AWS_Chennai_001,30.63,1001.16,89.98,0,normal,False,30.63,1001.16,89.98
2024-07-22 19:00:00,AWS_Chennai_001,30.53,1001.07,92.66,0,normal,False,30.53,1001.07,92.66
2024-07-22 19:10:00,AWS_Chennai_001,30.24,1001.07,93.56,0,normal,False,30.24,1001.07,93.56
2024-07-22 19:20:00,AWS_Chennai_001,30.46,1001.01,92.24,0,normal,False,30.46,1001.01,92.24
2024-07-22 19:30:00,AWS_Chennai_001,30.18,1000.74,90.2,0,normal,False,30.18,1000.74,90.2
2024-07-22 19:40:00,AWS_Chennai_001,30.5,1000.75,90.39,0,normal,False,30.5,1000.75,90.39
2024-07-22 19:50:00,AWS_Chennai_001,30.0,1000.48,92.27,0,normal,False,30.0,1000.48,92.27
2024-07-22 20:00:00,AWS_Chennai_001,29.82,1000.33,91.5,0,normal,False,29.82,1000.33,91.5
2024-07-22 20:10:00,AWS_Chennai_001,29.37,1000.41,93.68,0,normal,False,29.37,1000.41,93.68
2024-07-22 20:20:00,AWS_Chennai_001,28.75,1000.47,92.98,0,normal,False,28.75,1000.47,92.98
2024-07-22 20:30:00,AWS_Chennai_001,28.23,1000.34,95.55,0,normal,False,28.23,1000.34,95.55
2024-07-22 20:40:00,AWS_Chennai_001,27.59,1000.33,95.25,0,normal,False,27.59,1000.33,95.25
2024-07-22 20:50:00,AWS_Chennai_001,27.3,1000.47,96.08,0,normal,False,27.3,1000.47,96.08
2024-07-22 21:00:00,AWS_Chennai_001,27.51,1000.76,97.61,0,normal,False,27.51,1000.76,97.61
2024-07-22 21:10:00,AWS_Chennai_001,27.52,1000.53,96.56,0,normal,False,27.52,1000.53,96.56
2024-07-22 21:20:00,AWS_Chennai_001,27.57,1000.64,94.56,0,normal,False,27.57,1000.64,94.56
2024-07-22 21:30:00,AWS_Chennai_001,27.29,1000.78,94.04,0,normal,False,27.29,1000.78,94.04
2024-07-22 21:40:00,AWS_Chennai_001,27.27,1000.85,93.78,0,normal,False,27.27,1000.85,93.78
2024-07-22 21:50:00,AWS_Chennai_001,27.37,1000.8,93.63,0,normal,False,27.37,1000.8,93.63
2024-07-22 22:00:00,AWS_Chennai_001,27.22,1000.67,90.88,0,normal,False,27.22,1000.67,90.88
2024-07-22 22:10:00,AWS_Chennai_001,26.96,1000.43,93.27,0,normal,False,26.96,1000.43,93.27
2024-07-22 22:20:00,AWS_Chennai_001,27.1,1000.54,93.68,0,normal,False,27.1,1000.54,93.68
2024-07-22 22:30:00,AWS_Chennai_001,26.56,1000.99,95.14,0,normal,False,26.56,1000.99,95.14
2024-07-22 22:40:00,AWS_Chennai_001,26.46,1001.12,93.11,0,normal,False,26.46,1001.12,93.11
2024-07-22 22:50:00,AWS_Chennai_001,26.26,1001.19,91.22,0,normal,False,26.26,1001.19,91.22
2024-07-22 23:00:00,AWS_Chennai_001,25.84,1001.14,90.76,0,normal,False,25.84,1001.14,90.76
2024-07-22 23:10:00,AWS_Chennai_001,26.2,1001.28,91.45,0,normal,False,26.2,1001.28,91.45
2024-07-22 23:20:00,AWS_Chennai_001,25.66,1001.28,89.49,0,normal,False,25.66,1001.28,89.49
2024-07-22 23:30:00,AWS_Chennai_001,25.71,1001.28,91.5,0,normal,False,25.71,1001.28,91.5
2024-07-22 23:40:00,AWS_Chennai_001,25.63,1001.24,93.34,0,normal,False,25.63,1001.24,93.34
2024-07-22 23:50:00,AWS_Chennai_001,25.59,1001.15,90.82,0,normal,False,25.59,1001.15,90.82
2024-07-23 00:00:00,AWS_Chennai_001,25.52,1001.32,91.1,0,normal,False,25.52,1001.32,91.1
2024-07-23 00:10:00,AWS_Chennai_001,25.29,1001.42,89.74,0,normal,False,25.29,1001.42,89.74
2024-07-23 00:20:00,AWS_Chennai_001,25.01,1001.23,89.43,0,normal,False,25.01,1001.23,89.43
2024-07-23 00:30:00,AWS_Chennai_001,25.2,1001.31,89.47,0,normal,False,25.2,1001.31,89.47
2024-07-23 00:40:00,AWS_Chennai_001,25.69,1001.68,88.75,0,normal,False,25.69,1001.68,88.75
2024-07-23 00:50:00,AWS_Chennai_001,25.7,1002.09,87.1,0,normal,False,25.7,1002.09,87.1
2024-07-23 01:00:00,AWS_Chennai_001,25.18,1002.05,86.72,0,normal,False,25.18,1002.05,86.72
2024-07-23 01:10:00,AWS_Chennai_001,25.61,1001.98,85.4,0,normal,False,25.61,1001.98,85.4
2024-07-23 01:20:00,AWS_Chennai_001,26.52,1001.98,86.33,0,normal,False,26.52,1001.98,86.33
2024-07-23 01:30:00,AWS_Chennai_001,26.55,1002.19,86.84,0,normal,False,26.55,1002.19,86.84
2024-07-23 01:40:00,AWS_Chennai_001,26.2,1002.28,87.93,0,normal,False,26.2,1002.28,87.93
2024-07-23 01:50:00,AWS_Chennai_001,26.12,1002.31,89.89,0,normal,False,26.12,1002.31,89.89
2024-07-23 02:00:00,AWS_Chennai_001,25.75,1002.48,90.49,0,normal,False,25.75,1002.48,90.49
2024-07-23 02:10:00,AWS_Chennai_001,25.93,1002.46,91.75,0,normal,False,25.93,1002.46,91.75
2024-07-23 02:20:00,AWS_Chennai_001,26.0,1002.42,89.45,0,normal,False,26.0,1002.42,89.45
2024-07-23 02:30:00,AWS_Chennai_001,25.29,1002.44,88.37,0,normal,False,25.29,1002.44,88.37
2024-07-23 02:40:00,AWS_Chennai_001,25.14,1002.37,88.37,0,normal,False,25.14,1002.37,88.37
2024-07-23 02:50:00,AWS_Chennai_001,25.1,1002.56,87.26,0,normal,False,25.1,1002.56,87.26
2024-07-23 03:00:00,AWS_Chennai_001,25.24,1002.4,83.48,0,normal,False,25.24,1002.4,83.48
2024-07-23 03:10:00,AWS_Chennai_001,25.35,1002.26,85.73,0,normal,False,25.35,1002.26,85.73
2024-07-23 03:20:00,AWS_Chennai_001,25.12,1002.23,83.83,0,normal,False,25.12,1002.23,83.83
2024-07-23 03:30:00,AWS_Chennai_001,25.31,1002.35,84.79,0,normal,False,25.31,1002.35,84.79
2024-07-23 03:40:00,AWS_Chennai_001,25.49,1002.17,85.47,0,normal,False,25.49,1002.17,85.47
2024-07-23 03:50:00,AWS_Chennai_001,25.21,1002.39,85.11,0,normal,False,25.21,1002.39,85.11
2024-07-23 04:00:00,AWS_Chennai_001,25.41,1002.46,83.5,0,normal,False,25.41,1002.46,83.5
2024-07-23 04:10:00,AWS_Chennai_001,25.06,1002.44,85.71,0,normal,False,25.06,1002.44,85.71
2024-07-23 04:20:00,AWS_Chennai_001,25.07,1002.56,85.68,0,normal,False,25.07,1002.56,85.68
2024-07-23 04:30:00,AWS_Chennai_001,24.95,1002.67,87.15,0,normal,False,24.95,1002.67,87.15
2024-07-23 04:40:00,AWS_Chennai_001,24.66,1002.77,88.78,0,normal,False,24.66,1002.77,88.78
2024-07-23 04:50:00,AWS_Chennai_001,24.27,1002.82,88.87,0,normal,False,24.27,1002.82,88.87
2024-07-23 05:00:00,AWS_Chennai_001,24.89,1003.08,90.74,0,normal,False,24.89,1003.08,90.74
2024-07-23 05:10:00,AWS_Chennai_001,24.74,1002.64,89.55,0,normal,False,24.74,1002.64,89.55
2024-07-23 05:20:00,AWS_Chennai_001,25.43,1002.69,88.0,0,normal,False,25.43,1002.69,88.0
2024-07-23 05:30:00,AWS_Chennai_001,25.64,1002.7,87.37,0,normal,False,25.64,1002.7,87.37
2024-07-23 05:40:00,AWS_Chennai_001,25.87,1002.38,84.28,0,normal,False,25.87,1002.38,84.28
2024-07-23 05:50:00,AWS_Chennai_001,25.96,1002.4,83.11,0,normal,False,25.96,1002.4,83.11
2024-07-23 06:00:00,AWS_Chennai_001,26.03,1002.47,81.76,0,normal,False,26.03,1002.47,81.76
2024-07-23 06:10:00,AWS_Chennai_001,26.55,1002.55,81.59,0,normal,False,26.55,1002.55,81.59
2024-07-23 06:20:00,AWS_Chennai_001,26.69,1002.25,82.72,0,normal,False,26.69,1002.25,82.72
2024-07-23 06:30:00,AWS_Chennai_001,26.72,1002.08,80.61,0,normal,False,26.72,1002.08,80.61
2024-07-23 06:40:00,AWS_Chennai_001,27.3,1002.08,80.58,0,normal,False,27.3,1002.08,80.58
2024-07-23 06:50:00,AWS_Chennai_001,27.6,1001.91,82.22,0,normal,False,27.6,1001.91,82.22
2024-07-23 07:00:00,AWS_Chennai_001,27.8,1001.79,81.13,0,normal,False,27.8,1001.79,81.13
2024-07-23 07:10:00,AWS_Chennai_001,28.27,1001.86,79.91,0,normal,False,28.27,1001.86,79.91
2024-07-23 07:20:00,AWS_Chennai_001,28.7,1001.79,77.64,0,normal,False,28.7,1001.79,77.64
2024-07-23 07:30:00,AWS_Chennai_001,29.45,1001.78,76.98,0,normal,False,29.45,1001.78,76.98
2024-07-23 07:40:00,AWS_Chennai_001,29.11,1001.62,77.2,0,normal,False,29.11,1001.62,77.2
2024-07-23 07:50:00,AWS_Chennai_001,29.26,1001.65,77.28,0,normal,False,29.26,1001.65,77.28
2024-07-23 08:00:00,AWS_Chennai_001,29.13,1001.57,77.61,0,normal,False,29.13,1001.57,77.61
2024-07-23 08:10:00,AWS_Chennai_001,29.71,1001.53,76.8,0,normal,False,29.71,1001.53,76.8
2024-07-23 08:20:00,AWS_Chennai_001,29.94,1001.3,76.95,0,normal,False,29.94,1001.3,76.95
2024-07-23 08:30:00,AWS_Chennai_001,30.19,1001.41,79.85,0,normal,False,30.19,1001.41,79.85
2024-07-23 08:40:00,AWS_Chennai_001,30.54,1001.4,80.08,0,normal,False,30.54,1001.4,80.08
2024-07-23 08:50:00,AWS_Chennai_001,30.78,1001.28,80.92,0,normal,False,30.78,1001.28,80.92
2024-07-23 09:00:00,AWS_Chennai_001,31.0,1001.21,81.8,0,normal,False,31.0,1001.21,81.8
2024-07-23 09:10:00,AWS_Chennai_001,31.01,1001.3,80.04,0,normal,False,31.01,1001.3,80.04
2024-07-23 09:20:00,AWS_Chennai_001,30.95,1001.17,78.51,0,normal,False,30.95,1001.17,78.51
2024-07-23 09:30:00,AWS_Chennai_001,31.29,1001.32,77.7,0,normal,False,31.29,1001.32,77.7
2024-07-23 09:40:00,AWS_Chennai_001,31.7,1000.85,75.25,0,normal,False,31.7,1000.85,75.25
2024-07-23 09:50:00,AWS_Chennai_001,31.82,1000.84,78.09,0,normal,False,31.82,1000.84,78.09
2024-07-23 10:00:00,AWS_Chennai_001,32.17,1001.05,78.88,0,normal,False,32.17,1001.05,78.88
2024-07-23 10:10:00,AWS_Chennai_001,32.74,1001.12,78.02,0,normal,False,32.74,1001.12,78.02
2024-07-23 10:20:00,AWS_Chennai_001,32.95,1001.13,77.6,0,normal,False,32.95,1001.13,77.6
2024-07-23 10:30:00,AWS_Chennai_001,33.14,1001.34,80.1,0,normal,False,33.14,1001.34,80.1
2024-07-23 10:40:00,AWS_Chennai_001,33.75,1001.71,80.24,0,normal,False,33.75,1001.71,80.24
2024-07-23 10:50:00,AWS_Chennai_001,33.96,1001.82,78.99,0,normal,False,33.96,1001.82,78.99
2024-07-23 11:00:00,AWS_Chennai_001,33.69,1001.73,76.42,0,normal,False,33.69,1001.73,76.42
2024-07-23 11:10:00,AWS_Chennai_001,33.92,1001.71,77.47,0,normal,False,33.92,1001.71,77.47
2024-07-23 11:20:00,AWS_Chennai_001,34.44,1001.62,78.04,0,normal,False,34.44,1001.62,78.04
2024-07-23 11:30:00,AWS_Chennai_001,34.53,1001.63,76.79,0,normal,False,34.53,1001.63,76.79
2024-07-23 11:40:00,AWS_Chennai_001,34.83,1001.64,77.38,0,normal,False,34.83,1001.64,77.38
2024-07-23 11:50:00,AWS_Chennai_001,34.98,1001.65,79.85,0,normal,False,34.98,1001.65,79.85
2024-07-23 12:00:00,AWS_Chennai_001,35.32,1001.48,80.85,0,normal,False,35.32,1001.48,80.85
2024-07-23 12:10:00,AWS_Chennai_001,35.02,1001.67,81.59,0,normal,False,35.02,1001.67,81.59
2024-07-23 12:20:00,AWS_Chennai_001,34.99,1001.76,83.32,0,normal,False,34.99,1001.76,83.32
2024-07-23 12:30:00,AWS_Chennai_001,35.11,1001.91,85.49,0,normal,False,35.11,1001.91,85.49
2024-07-23 12:40:00,AWS_Chennai_001,34.91,1001.84,86.41,0,normal,False,34.91,1001.84,86.41
2024-07-23 12:50:00,AWS_Chennai_001,34.71,1001.93,86.85,0,normal,False,34.71,1001.93,86.85
2024-07-23 13:00:00,AWS_Chennai_001,35.0,1002.11,84.07,0,normal,False,35.0,1002.11,84.07
2024-07-23 13:10:00,AWS_Chennai_001,35.12,1002.0,81.75,0,normal,False,35.12,1002.0,81.75
2024-07-23 13:20:00,AWS_Chennai_001,35.42,1002.17,84.22,0,normal,False,35.42,1002.17,84.22
2024-07-23 13:30:00,AWS_Chennai_001,35.06,1002.18,83.94,0,normal,False,35.06,1002.18,83.94
2024-07-23 13:40:00,AWS_Chennai_001,34.59,1001.92,82.49,0,normal,False,34.59,1001.92,82.49
2024-07-23 13:50:00,AWS_Chennai_001,35.02,1001.92,82.11,0,normal,False,35.02,1001.92,82.11
2024-07-23 14:00:00,AWS_Chennai_001,34.87,1001.93,81.07,0,normal,False,34.87,1001.93,81.07
2024-07-23 14:10:00,AWS_Chennai_001,34.69,1001.79,80.03,0,normal,False,34.69,1001.79,80.03
2024-07-23 14:20:00,AWS_Chennai_001,35.37,1001.93,81.39,0,normal,False,35.37,1001.93,81.39
2024-07-23 14:30:00,AWS_Chennai_001,35.27,1001.92,81.72,0,normal,False,35.27,1001.92,81.72
2024-07-23 14:40:00,AWS_Chennai_001,34.91,1002.31,80.6,0,normal,False,34.91,1002.31,80.6
2024-07-23 14:50:00,AWS_Chennai_001,35.18,1002.23,81.55,0,normal,False,35.18,1002.23,81.55
2024-07-23 15:00:00,AWS_Chennai_001,35.17,1002.18,82.99,0,normal,False,35.17,1002.18,82.99
2024-07-23 15:10:00,AWS_Chennai_001,34.86,1001.92,84.04,0,normal,False,34.86,1001.92,84.04
2024-07-23 15:20:00,AWS_Chennai_001,34.72,1001.91,84.19,0,normal,False,34.72,1001.91,84.19
2024-07-23 15:30:00,AWS_Chennai_001,34.51,1001.85,83.32,0,normal,False,34.51,1001.85,83.32
2024-07-23 15:40:00,AWS_Chennai_001,34.42,1001.58,83.7,0,normal,False,34.42,1001.58,83.7
2024-07-23 15:50:00,AWS_Chennai_001,34.54,1001.55,85.0,0,normal,False,34.54,1001.55,85.0
2024-07-23 16:00:00,AWS_Chennai_001,34.57,1001.45,87.71,0,normal,False,34.57,1001.45,87.71
2024-07-23 16:10:00,AWS_Chennai_001,34.22,1001.5,84.99,0,normal,False,34.22,1001.5,84.99
2024-07-23 16:20:00,AWS_Chennai_001,33.94,1001.57,85.43,0,normal,False,33.94,1001.57,85.43
2024-07-23 16:30:00,AWS_Chennai_001,33.85,1002.1,87.63,0,normal,False,33.85,1002.1,87.63
2024-07-23 16:40:00,AWS_Chennai_001,33.93,1002.16,86.35,0,normal,False,33.93,1002.16,86.35
2024-07-23 16:50:00,AWS_Chennai_001,33.79,1002.3,86.55,0,normal,False,33.79,1002.3,86.55
2024-07-23 17:00:00,AWS_Chennai_001,33.69,1002.35,89.12,0,normal,False,33.69,1002.35,89.12
2024-07-23 17:10:00,AWS_Chennai_001,33.2,1002.34,90.44,0,normal,False,33.2,1002.34,90.44
2024-07-23 17:20:00,AWS_Chennai_001,32.6,1002.12,89.49,0,normal,False,32.6,1002.12,89.49
2024-07-23 17:30:00,AWS_Chennai_001,32.11,1002.2,90.82,0,normal,False,32.11,1002.2,90.82
2024-07-23 17:40:00,AWS_Chennai_001,31.83,1002.1,92.14,0,normal,False,31.83,1002.1,92.14
2024-07-23 17:50:00,AWS_Chennai_001,32.22,1002.33,92.91,0,normal,False,32.22,1002.33,92.91
2024-07-23 18:00:00,AWS_Chennai_001,32.29,1002.38,93.78,0,normal,False,32.29,1002.38,93.78
2024-07-23 18:10:00,AWS_Chennai_001,32.18,1002.54,95.99,0,normal,False,32.18,1002.54,95.99
2024-07-23 18:20:00,AWS_Chennai_001,32.27,1002.58,92.97,0,normal,False,32.27,1002.58,92.97
2024-07-23 18:30:00,AWS_Chennai_001,31.8,1002.36,90.9,0,normal,False,31.8,1002.36,90.9
2024-07-23 18:40:00,AWS_Chennai_001,31.46,1002.23,89.36,0,normal,False,31.46,1002.23,89.36
2024-07-23 18:50:00,AWS_Chennai_001,31.4,1002.07,89.66,0,normal,False,31.4,1002.07,89.66
2024-07-23 19:00:00,AWS_Chennai_001,31.69,1001.91,87.59,0,normal,False,31.69,1001.91,87.59
2024-07-23 19:10:00,AWS_Chennai_001,31.77,1001.68,88.33,0,normal,False,31.77,1001.68,88.33
2024-07-23 19:20:00,AWS_Chennai_001,31.06,1001.7,86.25,0,normal,False,31.06,1001.7,86.25
2024-07-23 19:30:00,AWS_Chennai_001,31.01,1001.45,88.01,0,normal,False,31.01,1001.45,88.01
2024-07-23 19:40:00,AWS_Chennai_001,30.36,1001.51,88.0,0,normal,False,30.36,1001.51,88.0
2024-07-23 19:50:00,AWS_Chennai_001,29.85,1001.56,87.31,0,normal,False,29.85,1001.56,87.31
2024-07-23 20:00:00,AWS_Chennai_001,29.64,1001.59,84.71,0,normal,False,29.64,1001.59,84.71
2024-07-23 20:10:00,AWS_Chennai_001,29.94,1001.73,82.68,0,normal,False,29.94,1001.73,82.68
2024-07-23 20:20:00,AWS_Chennai_001,29.75,1001.72,85.07,0,normal,False,29.75,1001.72,85.07
2024-07-23 20:30:00,AWS_Chennai_001,29.4,1001.85,89.01,0,normal,False,29.4,1001.85,89.01
2024-07-23 20:40:00,AWS_Chennai_001,29.13,1001.77,89.03,0,normal,False,29.13,1001.77,89.03
2024-07-23 20:50:00,AWS_Chennai_001,28.68,1001.47,89.29,0,normal,False,28.68,1001.47,89.29
2024-07-23 21:00:00,AWS_Chennai_001,28.82,1001.7,91.08,0,normal,False,28.82,1001.7,91.08
2024-07-23 21:10:00,AWS_Chennai_001,28.6,1001.55,93.01,0,normal,False,28.6,1001.55,93.01
2024-07-23 21:20:00,AWS_Chennai_001,28.66,1001.44,93.57,0,normal,False,28.66,1001.44,93.57
2024-07-23 21:30:00,AWS_Chennai_001,28.31,1001.33,92.3,0,normal,False,28.31,1001.33,92.3
2024-07-23 21:40:00,AWS_Chennai_001,28.26,1001.44,91.75,0,normal,False,28.26,1001.44,91.75
2024-07-23 21:50:00,AWS_Chennai_001,28.09,1001.36,90.58,0,normal,False,28.09,1001.36,90.58
2024-07-23 22:00:00,AWS_Chennai_001,27.74,1001.07,89.38,0,normal,False,27.74,1001.07,89.38
2024-07-23 22:10:00,AWS_Chennai_001,27.97,1001.05,92.16,0,normal,False,27.97,1001.05,92.16
2024-07-23 22:20:00,AWS_Chennai_001,27.85,1001.06,92.11,0,normal,False,27.85,1001.06,92.11
2024-07-23 22:30:00,AWS_Chennai_001,27.41,1001.17,88.55,0,normal,False,27.41,1001.17,88.55
2024-07-23 22:40:00,AWS_Chennai_001,27.84,1001.2,87.15,0,normal,False,27.84,1001.2,87.15
2024-07-23 22:50:00,AWS_Chennai_001,27.77,1001.24,87.6,0,normal,False,27.77,1001.24,87.6
2024-07-23 23:00:00,AWS_Chennai_001,27.51,1001.38,88.14,0,normal,False,27.51,1001.38,88.14
2024-07-23 23:10:00,AWS_Chennai_001,27.29,1001.65,86.92,0,normal,False,27.29,1001.65,86.92
2024-07-23 23:20:00,AWS_Chennai_001,27.05,1002.24,89.36,0,normal,False,27.05,1002.24,89.36
2024-07-23 23:30:00,AWS_Chennai_001,26.79,1002.12,89.28,0,normal,False,26.79,1002.12,89.28
2024-07-23 23:40:00,AWS_Chennai_001,26.69,1002.27,88.37,0,normal,False,26.69,1002.27,88.37
2024-07-23 23:50:00,AWS_Chennai_001,26.38,1002.15,86.8,0,normal,False,26.38,1002.15,86.8
2024-07-24 00:00:00,AWS_Chennai_001,26.43,1001.98,86.95,0,normal,False,26.43,1001.98,86.95
2024-07-24 00:10:00,AWS_Chennai_001,25.88,1002.21,83.79,0,normal,False,25.88,1002.21,83.79
2024-07-24 00:20:00,AWS_Chennai_001,25.79,1002.2,82.73,0,normal,False,25.79,1002.2,82.73
2024-07-24 00:30:00,AWS_Chennai_001,26.16,1002.06,83.36,0,normal,False,26.16,1002.06,83.36
2024-07-24 00:40:00,AWS_Chennai_001,25.94,1002.36,83.15,0,normal,False,25.94,1002.36,83.15
2024-07-24 00:50:00,AWS_Chennai_001,26.0,1002.48,85.57,0,normal,False,26.0,1002.48,85.57
2024-07-24 01:00:00,AWS_Chennai_001,25.74,1002.52,86.38,0,normal,False,25.74,1002.52,86.38
2024-07-24 01:10:00,AWS_Chennai_001,25.48,1002.79,86.21,0,normal,False,25.48,1002.79,86.21
2024-07-24 01:20:00,AWS_Chennai_001,25.69,1002.77,84.61,0,normal,False,25.69,1002.77,84.61
2024-07-24 01:30:00,AWS_Chennai_001,25.63,1002.72,85.2,0,normal,False,25.63,1002.72,85.2
2024-07-24 01:40:00,AWS_Chennai_001,25.56,1002.87,84.64,0,normal,False,25.56,1002.87,84.64
2024-07-24 01:50:00,AWS_Chennai_001,25.79,1002.81,85.18,0,normal,False,25.79,1002.81,85.18
2024-07-24 02:00:00,AWS_Chennai_001,25.72,1002.77,86.31,0,normal,False,25.72,1002.77,86.31
2024-07-24 02:10:00,AWS_Chennai_001,25.89,1003.01,84.52,0,normal,False,25.89,1003.01,84.52
2024-07-24 02:20:00,AWS_Chennai_001,26.7,1003.14,85.38,0,normal,False,26.7,1003.14,85.38
2024-07-24 02:30:00,AWS_Chennai_001,26.81,1003.23,87.98,0,normal,False,26.81,1003.23,87.98
2024-07-24 02:40:00,AWS_Chennai_001,26.6,1002.99,86.2,0,normal,False,26.6,1002.99,86.2
2024-07-24 02:50:00,AWS_Chennai_001,26.48,1003.08,85.74,0,normal,False,26.48,1003.08,85.74
2024-07-24 03:00:00,AWS_Chennai_001,26.09,1002.87,87.71,0,normal,False,26.09,1002.87,87.71
2024-07-24 03:10:00,AWS_Chennai_001,26.61,1002.97,87.08,0,normal,False,26.61,1002.97,87.08
2024-07-24 03:20:00,AWS_Chennai_001,26.11,1002.88,88.24,0,normal,False,26.11,1002.88,88.24
2024-07-24 03:30:00,AWS_Chennai_001,26.35,1002.69,88.01,0,normal,False,26.35,1002.69,88.01
2024-07-24 03:40:00,AWS_Chennai_001,26.02,1003.05,89.25,0,normal,False,26.02,1003.05,89.25
2024-07-24 03:50:00,AWS_Chennai_001,26.04,1002.96,87.81,0,normal,False,26.04,1002.96,87.81
2024-07-24 04:00:00,AWS_Chennai_001,25.99,1002.86,88.09,0,normal,False,25.99,1002.86,88.09
2024-07-24 04:10:00,AWS_Chennai_001,26.22,1002.79,85.74,0,normal,False,26.22,1002.79,85.74
2024-07-24 04:20:00,AWS_Chennai_001,26.07,1002.86,83.49,0,normal,False,26.07,1002.86,83.49
2024-07-24 04:30:00,AWS_Chennai_001,25.45,1003.01,84.26,0,normal,False,25.45,1003.01,84.26
2024-07-24 04:40:00,AWS_Chennai_001,25.76,1002.86,82.57,0,normal,False,25.76,1002.86,82.57
2024-07-24 04:50:00,AWS_Chennai_001,25.67,1003.03,81.07,0,normal,False,25.67,1003.03,81.07
2024-07-24 05:00:00,AWS_Chennai_001,25.76,1003.23,80.93,0,normal,False,25.76,1003.23,80.93
2024-07-24 05:10:00,AWS_Chennai_001,25.74,1003.16,82.03,0,normal,False,25.74,1003.16,82.03
2024-07-24 05:20:00,AWS_Chennai_001,26.59,1003.16,83.07,0,normal,False,26.59,1003.16,83.07
2024-07-24 05:30:00,AWS_Chennai_001,26.63,1003.02,83.06,0,normal,False,26.63,1003.02,83.06
2024-07-24 05:40:00,AWS_Chennai_001,27.1,1003.02,81.81,0,normal,False,27.1,1003.02,81.81
2024-07-24 05:50:00,AWS_Chennai_001,27.58,1003.23,84.34,0,normal,False,27.58,1003.23,84.34
2024-07-24 06:00:00,AWS_Chennai_001,27.94,1003.02,86.72,0,normal,False,27.94,1003.02,86.72
2024-07-24 06:10:00,AWS_Chennai_001,27.72,1003.0,86.09,0,normal,False,27.72,1003.0,86.09
2024-07-24 06:20:00,AWS_Chennai_001,27.34,1002.93,88.22,0,normal,False,27.34,1002.93,88.22
2024-07-24 06:30:00,AWS_Chennai_001,27.54,1002.89,86.43,0,normal,False,27.54,1002.89,86.43
2024-07-24 06:40:00,AWS_Chennai_001,27.64,1002.54,86.64,0,normal,False,27.64,1002.54,86.64
2024-07-24 06:50:00,AWS_Chennai_001,27.92,1002.28,86.1,0,normal,False,27.92,1002.28,86.1
2024-07-24 07:00:00,AWS_Chennai_001,28.45,1002.41,84.16,0,normal,False,28.45,1002.41,84.16
2024-07-24 07:10:00,AWS_Chennai_001,29.16,1002.39,86.21,0,normal,False,29.16,1002.39,86.21
2024-07-24 07:20:00,AWS_Chennai_001,29.11,1002.09,87.1,0,normal,False,29.11,1002.09,87.1
2024-07-24 07:30:00,AWS_Chennai_001,29.34,1001.85,88.23,0,normal,False,29.34,1001.85,88.23
2024-07-24 07:40:00,AWS_Chennai_001,29.58,1001.75,85.34,0,normal,False,29.58,1001.75,85.34
2024-07-24 07:50:00,AWS_Chennai_001,29.91,1001.77,84.78,0,normal,False,29.91,1001.77,84.78
2024-07-24 08:00:00,AWS_Chennai_001,29.88,1001.73,87.86,0,normal,False,29.88,1001.73,87.86
2024-07-24 08:10:00,AWS_Chennai_001,30.5,1001.59,88.11,0,normal,False,30.5,1001.59,88.11
2024-07-24 08:20:00,AWS_Chennai_001,30.61,1001.63,89.09,0,normal,False,30.61,1001.63,89.09
2024-07-24 08:30:00,AWS_Chennai_001,31.4,1001.62,85.66,0,normal,False,31.4,1001.62,85.66
2024-07-24 08:40:00,AWS_Chennai_001,31.55,1001.41,85.32,0,normal,False,31.55,1001.41,85.32
2024-07-24 08:50:00,AWS_Chennai_001,31.83,1001.54,87.49,0,normal,False,31.83,1001.54,87.49
2024-07-24 09:00:00,AWS_Chennai_001,32.42,1001.44,85.86,0,normal,False,32.42,1001.44,85.86
2024-07-24 09:10:00,AWS_Chennai_001,32.62,1001.52,87.41,0,normal,False,32.62,1001.52,87.41
2024-07-24 09:20:00,AWS_Chennai_001,32.66,1001.49,86.42,0,normal,False,32.66,1001.49,86.42
2024-07-24 09:30:00,AWS_Chennai_001,32.53,1001.58,86.53,0,normal,False,32.53,1001.58,86.53
2024-07-24 09:40:00,AWS_Chennai_001,32.93,1001.59,86.43,0,normal,False,32.93,1001.59,86.43
2024-07-24 09:50:00,AWS_Chennai_001,33.38,1001.3,84.8,0,normal,False,33.38,1001.3,84.8
2024-07-24 10:00:00,AWS_Chennai_001,33.69,1001.39,83.85,0,normal,False,33.69,1001.39,83.85
2024-07-24 10:10:00,AWS_Chennai_001,33.57,1001.63,82.19,0,normal,False,33.57,1001.63,82.19
2024-07-24 10:20:00,AWS_Chennai_001,33.92,1001.39,81.33,0,normal,False,33.92,1001.39,81.33
2024-07-24 10:30:00,AWS_Chennai_001,34.23,1001.17,81.69,0,normal,False,34.23,1001.17,81.69
2024-07-24 10:40:00,AWS_Chennai_001,34.68,1001.31,80.16,0,normal,False,34.68,1001.31,80.16
2024-07-24 10:50:00,AWS_Chennai_001,34.57,1001.46,80.56,0,normal,False,34.57,1001.46,80.56
2024-07-24 11:00:00,AWS_Chennai_001,35.07,1001.31,78.39,0,normal,False,35.07,1001.31,78.39
2024-07-24 11:10:00,AWS_Chennai_001,34.97,1001.24,77.81,0,normal,False,34.97,1001.24,77.81
2024-07-24 11:20:00,AWS_Chennai_001,35.07,1001.09,77.28,0,normal,False,35.07,1001.09,77.28
2024-07-24 11:30:00,AWS_Chennai_001,35.23,1001.06,77.0,0,normal,False,35.23,1001.06,77.0
2024-07-24 11:40:00,AWS_Chennai_001,35.44,1001.19,78.21,0,normal,False,35.44,1001.19,78.21
2024-07-24 11:50:00,AWS_Chennai_001,35.82,1001.32,77.66,0,normal,False,35.82,1001.32,77.66
2024-07-24 12:00:00,AWS_Chennai_001,35.91,1001.5,79.3,0,normal,False,35.91,1001.5,79.3
2024-07-24 12:10:00,AWS_Chennai_001,36.57,1001.63,79.31,0,normal,False,36.57,1001.63,79.31
2024-07-24 12:20:00,AWS_Chennai_001,36.27,1001.42,82.14,0,normal,False,36.27,1001.42,82.14
2024-07-24 12:30:00,AWS_Chennai_001,36.84,1001.74,82.54,0,normal,False,36.84,1001.74,82.54
2024-07-24 12:40:00,AWS_Chennai_001,37.16,1001.94,82.17,0,normal,False,37.16,1001.94,82.17
2024-07-24 12:50:00,AWS_Chennai_001,36.91,1001.97,82.18,0,normal,False,36.91,1001.97,82.18
2024-07-24 13:00:00,AWS_Chennai_001,36.33,1002.16,82.15,0,normal,False,36.33,1002.16,82.15
2024-07-24 13:10:00,AWS_Chennai_001,35.83,1002.29,82.16,0,normal,False,35.83,1002.29,82.16
2024-07-24 13:20:00,AWS_Chennai_001,36.33,1002.25,77.9,0,normal,False,36.33,1002.25,77.9
2024-07-24 13:30:00,AWS_Chennai_001,36.06,1002.37,78.17,0,normal,False,36.06,1002.37,78.17
2024-07-24 13:40:00,AWS_Chennai_001,35.85,1002.49,77.71,0,normal,False,35.85,1002.49,77.71
2024-07-24 13:50:00,AWS_Chennai_001,35.29,1002.47,80.79,0,normal,False,35.29,1002.47,80.79
2024-07-24 14:00:00,AWS_Chennai_001,35.42,1002.47,79.57,0,normal,False,35.42,1002.47,79.57
2024-07-24 14:10:00,AWS_Chennai_001,35.36,1002.58,80.48,0,normal,False,35.36,1002.58,80.48
2024-07-24 14:20:00,AWS_Chennai_001,35.29,1002.77,78.84,0,normal,False,35.29,1002.77,78.84
2024-07-24 14:30:00,AWS_Chennai_001,35.0,1002.85,76.59,0,normal,False,35.0,1002.85,76.59
2024-07-24 14:40:00,AWS_Chennai_001,34.57,1003.0,77.17,0,normal,False,34.57,1003.0,77.17
2024-07-24 14:50:00,AWS_Chennai_001,34.45,1002.92,75.92,0,normal,False,34.45,1002.92,75.92
2024-07-24 15:00:00,AWS_Chennai_001,34.05,1002.67,75.21,0,normal,False,34.05,1002.67,75.21
2024-07-24 15:10:00,AWS_Chennai_001,34.37,1002.69,74.4,0,normal,False,34.37,1002.69,74.4
2024-07-24 15:20:00,AWS_Chennai_001,34.14,1002.73,74.74,0,normal,False,34.14,1002.73,74.74
2024-07-24 15:30:00,AWS_Chennai_001,34.1,1002.34,76.89,0,normal,False,34.1,1002.34,76.89
2024-07-24 15:40:00,AWS_Chennai_001,34.11,1002.38,79.01,0,normal,False,34.11,1002.38,79.01
2024-07-24 15:50:00,AWS_Chennai_001,33.68,1002.26,81.28,0,normal,False,33.68,1002.26,81.28
2024-07-24 16:00:00,AWS_Chennai_001,33.41,1002.15,80.28,0,normal,False,33.41,1002.15,80.28
2024-07-24 16:10:00,AWS_Chennai_001,33.01,1002.17,82.35,0,normal,False,33.01,1002.17,82.35
2024-07-24 16:20:00,AWS_Chennai_001,32.77,1002.21,82.93,0,normal,False,32.77,1002.21,82.93
2024-07-24 16:30:00,AWS_Chennai_001,32.7,1002.32,84.53,0,normal,False,32.7,1002.32,84.53
2024-07-24 16:40:00,AWS_Chennai_001,33.01,1002.44,87.28,0,normal,False,33.01,1002.44,87.28
2024-07-24 16:50:00,AWS_Chennai_001,32.48,1002.38,86.18,0,normal,False,32.48,1002.38,86.18
2024-07-24 17:00:00,AWS_Chennai_001,32.06,1002.39,86.33,0,normal,False,32.06,1002.39,86.33
2024-07-24 17:10:00,AWS_Chennai_001,32.7,1002.17,83.32,0,normal,False,32.7,1002.17,83.32
2024-07-24 17:20:00,AWS_Chennai_001,32.93,1002.25,82.94,0,normal,False,32.93,1002.25,82.94
2024-07-24 17:30:00,AWS_Chennai_001,32.58,1002.08,84.36,0,normal,False,32.58,1002.08,84.36
2024-07-24 17:40:00,AWS_Chennai_001,33.11,1002.03,82.45,0,normal,False,33.11,1002.03,82.45
2024-07-24 17:50:00,AWS_Chennai_001,32.69,1001.8,82.17,0,normal,False,32.69,1001.8,82.17
2024-07-24 18:00:00,AWS_Chennai_001,31.93,1001.78,84.49,0,normal,False,31.93,1001.78,84.49
2024-07-24 18:10:00,AWS_Chennai_001,31.45,1001.62,85.84,0,normal,False,31.45,1001.62,85.84
2024-07-24 18:20:00,AWS_Chennai_001,30.86,1001.4,85.54,0,normal,False,30.86,1001.4,85.54
2024-07-24 18:30:00,AWS_Chennai_001,30.6,1001.43,87.04,0,normal,False,30.6,1001.43,87.04
2024-07-24 18:40:00,AWS_Chennai_001,30.51,1001.62,89.29,0,normal,False,30.51,1001.62,89.29
2024-07-24 18:50:00,AWS_Chennai_001,30.47,1001.79,85.46,0,normal,False,30.47,1001.79,85.46
2024-07-24 19:00:00,AWS_Chennai_001,30.14,1001.73,85.49,0,normal,False,30.14,1001.73,85.49
2024-07-24 19:10:00,AWS_Chennai_001,29.85,1001.69,87.19,0,normal,False,29.85,1001.69,87.19
2024-07-24 19:20:00,AWS_Chennai_001,29.85,1001.77,89.76,0,normal,False,29.85,1001.77,89.76
2024-07-24 19:30:00,AWS_Chennai_001,29.95,1001.6,89.01,0,normal,False,29.95,1001.6,89.01
2024-07-24 19:40:00,AWS_Chennai_001,29.46,1001.49,90.93,0,normal,False,29.46,1001.49,90.93
2024-07-24 19:50:00,AWS_Chennai_001,29.06,1001.52,89.46,0,normal,False,29.06,1001.52,89.46
2024-07-24 20:00:00,AWS_Chennai_001,28.79,1001.47,92.4,0,normal,False,28.79,1001.47,92.4
2024-07-24 20:10:00,AWS_Chennai_001,27.96,1001.53,94.41,0,normal,False,27.96,1001.53,94.41
2024-07-24 20:20:00,AWS_Chennai_001,27.54,1001.37,92.58,0,normal,False,27.54,1001.37,92.58
2024-07-24 20:30:00,AWS_Chennai_001,27.8,1001.25,94.89,0,normal,False,27.8,1001.25,94.89
2024-07-24 20:40:00,AWS_Chennai_001,28.01,1001.31,94.83,0,normal,False,28.01,1001.31,94.83
2024-07-24 20:50:00,AWS_Chennai_001,27.63,1001.38,94.1,0,normal,False,27.63,1001.38,94.1
2024-07-24 21:00:00,AWS_Chennai_001,27.81,1001.26,92.55,0,normal,False,27.81,1001.26,92.55
2024-07-24 21:10:00,AWS_Chennai_001,27.83,1001.14,90.04,0,normal,False,27.83,1001.14,90.04
2024-07-24 21:20:00,AWS_Chennai_001,27.63,1001.37,91.0,0,normal,False,27.63,1001.37,91.0
2024-07-24 21:30:00,AWS_Chennai_001,27.71,1001.36,89.29,0,normal,False,27.71,1001.36,89.29
2024-07-24 21:40:00,AWS_Chennai_001,28.23,1001.54,88.61,0,normal,False,28.23,1001.54,88.61
2024-07-24 21:50:00,AWS_Chennai_001,28.56,1001.56,89.29,0,normal,False,28.56,1001.56,89.29
2024-07-24 22:00:00,AWS_Chennai_001,28.4,1001.51,89.76,0,normal,False,28.4,1001.51,89.76
2024-07-24 22:10:00,AWS_Chennai_001,28.01,1001.23,90.0,0,normal,False,28.01,1001.23,90.0
2024-07-24 22:20:00,AWS_Chennai_001,27.7,1001.34,89.51,0,normal,False,27.7,1001.34,89.51
2024-07-24 22:30:00,AWS_Chennai_001,27.53,1001.75,90.98,0,normal,False,27.53,1001.75,90.98
2024-07-24 22:40:00,AWS_Chennai_001,27.87,1001.71,91.13,0,normal,False,27.87,1001.71,91.13
2024-07-24 22:50:00,AWS_Chennai_001,27.49,1001.82,90.26,0,normal,False,27.49,1001.82,90.26
2024-07-24 23:00:00,AWS_Chennai_001,27.77,1002.24,89.65,0,normal,False,27.77,1002.24,89.65
2024-07-24 23:10:00,AWS_Chennai_001,27.66,1002.25,91.34,0,normal,False,27.66,1002.25,91.34
2024-07-24 23:20:00,AWS_Chennai_001,27.57,1002.57,91.68,0,normal,False,27.57,1002.57,91.68
2024-07-24 23:30:00,AWS_Chennai_001,27.04,1002.62,90.84,0,normal,False,27.04,1002.62,90.84
2024-07-24 23:40:00,AWS_Chennai_001,26.62,1002.65,91.79,0,normal,False,26.62,1002.65,91.79
2024-07-24 23:50:00,AWS_Chennai_001,26.62,1002.45,90.97,0,normal,False,26.62,1002.45,90.97
2024-07-25 00:00:00,AWS_Chennai_001,26.66,1002.42,93.52,0,normal,False,26.66,1002.42,93.52
2024-07-25 00:10:00,AWS_Chennai_001,26.69,1002.19,93.52,0,normal,False,26.69,1002.19,93.52
2024-07-25 00:20:00,AWS_Chennai_001,26.4,1002.26,94.75,0,normal,False,26.4,1002.26,94.75
2024-07-25 00:30:00,AWS_Chennai_001,25.76,1002.14,94.05,0,normal,False,25.76,1002.14,94.05
2024-07-25 00:40:00,AWS_Chennai_001,25.87,1002.42,95.85,0,normal,False,25.87,1002.42,95.85
2024-07-25 00:50:00,AWS_Chennai_001,25.43,1002.53,96.21,0,normal,False,25.43,1002.53,96.21
2024-07-25 01:00:00,AWS_Chennai_001,25.36,1002.67,94.98,0,normal,False,25.36,1002.67,94.98
2024-07-25 01:10:00,AWS_Chennai_001,25.25,1002.91,95.83,0,normal,False,25.25,1002.91,95.83
2024-07-25 01:20:00,AWS_Chennai_001,24.47,1002.95,94.14,0,normal,False,24.47,1002.95,94.14
2024-07-25 01:30:00,AWS_Chennai_001,25.0,1003.12,93.68,0,normal,False,25.0,1003.12,93.68
2024-07-25 01:40:00,AWS_Chennai_001,25.29,1003.05,95.02,0,normal,False,25.29,1003.05,95.02
2024-07-25 01:50:00,AWS_Chennai_001,25.38,1003.19,92.7,0,normal,False,25.38,1003.19,92.7
2024-07-25 02:00:00,AWS_Chennai_001,25.46,1003.07,92.02,0,normal,False,25.46,1003.07,92.02
2024-07-25 02:10:00,AWS_Chennai_001,25.34,1003.04,91.37,0,normal,False,25.34,1003.04,91.37
2024-07-25 02:20:00,AWS_Chennai_001,25.35,1003.09,90.28,0,normal,False,25.35,1003.09,90.28
2024-07-25 02:30:00,AWS_Chennai_001,25.22,1003.12,92.45,0,normal,False,25.22,1003.12,92.45
2024-07-25 02:40:00,AWS_Chennai_001,25.07,1003.3,90.81,0,normal,False,25.07,1003.3,90.81
2024-07-25 02:50:00,AWS_Chennai_001,24.82,1003.35,91.74,0,normal,False,24.82,1003.35,91.74
2024-07-25 03:00:00,AWS_Chennai_001,24.55,1003.16,94.68,0,normal,False,24.55,1003.16,94.68
2024-07-25 03:10:00,AWS_Chennai_001,24.62,1003.02,95.43,0,normal,False,24.62,1003.02,95.43
2024-07-25 03:20:00,AWS_Chennai_001,25.05,1003.19,93.31,0,normal,False,25.05,1003.19,93.31
2024-07-25 03:30:00,AWS_Chennai_001,24.84,1003.05,93.72,0,normal,False,24.84,1003.05,93.72
2024-07-25 03:40:00,AWS_Chennai_001,24.84,1002.86,92.67,0,normal,False,24.84,1002.86,92.67
2024-07-25 03:50:00,AWS_Chennai_001,24.66,1002.65,94.6,0,normal,False,24.66,1002.65,94.6
2024-07-25 04:00:00,AWS_Chennai_001,24.62,1002.55,96.6,0,normal,False,24.62,1002.55,96.6
2024-07-25 04:10:00,AWS_Chennai_001,24.22,1002.61,98.63,0,normal,False,24.22,1002.61,98.63
2024-07-25 04:20:00,AWS_Chennai_001,24.48,1002.9,97.62,0,normal,False,24.48,1002.9,97.62
2024-07-25 04:30:00,AWS_Chennai_001,24.41,1002.87,97.7,0,normal,False,24.41,1002.87,97.7
2024-07-25 04:40:00,AWS_Chennai_001,24.2,1002.94,96.67,0,normal,False,24.2,1002.94,96.67
2024-07-25 04:50:00,AWS_Chennai_001,24.07,1002.68,98.73,0,normal,False,24.07,1002.68,98.73
2024-07-25 05:00:00,AWS_Chennai_001,24.44,1002.56,96.04,0,normal,False,24.44,1002.56,96.04
2024-07-25 05:10:00,AWS_Chennai_001,25.1,1002.43,95.14,0,normal,False,25.1,1002.43,95.14
2024-07-25 05:20:00,AWS_Chennai_001,25.31,1002.53,96.2,0,normal,False,25.31,1002.53,96.2
2024-07-25 05:30:00,AWS_Chennai_001,25.44,1002.61,96.27,0,normal,False,25.44,1002.61,96.27
2024-07-25 05:40:00,AWS_Chennai_001,25.27,1002.43,95.72,0,normal,False,25.27,1002.43,95.72
2024-07-25 05:50:00,AWS_Chennai_001,25.31,1002.38,95.32,0,normal,False,25.31,1002.38,95.32
2024-07-25 06:00:00,AWS_Chennai_001,26.5,1002.25,96.14,0,normal,False,26.5,1002.25,96.14
2024-07-25 06:10:00,AWS_Chennai_001,26.51,1002.21,94.0,0,normal,False,26.51,1002.21,94.0
2024-07-25 06:20:00,AWS_Chennai_001,26.95,1002.07,92.85,0,normal,False,26.95,1002.07,92.85
2024-07-25 06:30:00,AWS_Chennai_001,27.1,1001.87,95.76,0,normal,False,27.1,1001.87,95.76
2024-07-25 06:40:00,AWS_Chennai_001,27.73,1001.99,97.66,0,normal,False,27.73,1001.99,97.66
2024-07-25 06:50:00,AWS_Chennai_001,27.86,1002.14,96.67,0,normal,False,27.86,1002.14,96.67
2024-07-25 07:00:00,AWS_Chennai_001,27.73,1001.65,100.0,0,normal,False,27.73,1001.65,100.0
2024-07-25 07:10:00,AWS_Chennai_001,27.89,1001.52,97.02,0,normal,False,27.89,1001.52,97.02
2024-07-25 07:20:00,AWS_Chennai_001,28.59,1001.44,97.16,0,normal,False,28.59,1001.44,97.16
2024-07-25 07:30:00,AWS_Chennai_001,28.86,1001.45,97.39,0,normal,False,28.86,1001.45,97.39
2024-07-25 07:40:00,AWS_Chennai_001,29.14,1001.44,96.38,0,normal,False,29.14,1001.44,96.38
2024-07-25 07:50:00,AWS_Chennai_001,29.37,1001.45,95.86,0,normal,False,29.37,1001.45,95.86
2024-07-25 08:00:00,AWS_Chennai_001,29.26,1001.43,96.55,0,normal,False,29.26,1001.43,96.55
2024-07-25 08:10:00,AWS_Chennai_001,29.32,1001.22,97.32,0,normal,False,29.32,1001.22,97.32
2024-07-25 08:20:00,AWS_Chennai_001,29.48,1000.99,95.88,0,normal,False,29.48,1000.99,95.88
2024-07-25 08:30:00,AWS_Chennai_001,29.65,1000.97,93.81,0,normal,False,29.65,1000.97,93.81
2024-07-25 08:40:00,AWS_Chennai_001,30.13,1000.91,92.16,0,normal,False,30.13,1000.91,92.16
2024-07-25 08:50:00,AWS_Chennai_001,30.51,1000.7,93.47,0,normal,False,30.51,1000.7,93.47
2024-07-25 09:00:00,AWS_Chennai_001,30.57,1000.76,94.05,0,normal,False,30.57,1000.76,94.05
2024-07-25 09:10:00,AWS_Chennai_001,31.12,1000.72,94.07,0,normal,False,31.12,1000.72,94.07
2024-07-25 09:20:00,AWS_Chennai_001,31.43,1000.74,94.4,0,normal,False,31.43,1000.74,94.4
2024-07-25 09:30:00,AWS_Chennai_001,32.17,1000.62,92.08,0,normal,False,32.17,1000.62,92.08
2024-07-25 09:40:00,AWS_Chennai_001,32.41,1000.76,93.83,0,normal,False,32.41,1000.76,93.83
2024-07-25 09:50:00,AWS_Chennai_001,33.06,1000.8,93.93,0,normal,False,33.06,1000.8,93.93
2024-07-25 10:00:00,AWS_Chennai_001,33.38,1000.66,96.98,0,normal,False,33.38,1000.66,96.98
2024-07-25 10:10:00,AWS_Chennai_001,33.5,1000.92,98.07,0,normal,False,33.5,1000.92,98.07
2024-07-25 10:20:00,AWS_Chennai_001,33.67,1001.01,94.93,0,normal,False,33.67,1001.01,94.93
2024-07-25 10:30:00,AWS_Chennai_001,34.5,1001.0,96.14,0,normal,False,34.5,1001.0,96.14
2024-07-25 10:40:00,AWS_Chennai_001,34.15,1001.04,95.5,0,normal,False,34.15,1001.04,95.5
2024-07-25 10:50:00,AWS_Chennai_001,33.72,1000.95,91.09,0,normal,False,33.72,1000.95,91.09
2024-07-25 11:00:00,AWS_Chennai_001,33.86,1001.08,89.08,0,normal,False,33.86,1001.08,89.08
2024-07-25 11:10:00,AWS_Chennai_001,33.94,1001.16,89.86,0,normal,False,33.94,1001.16,89.86
2024-07-25 11:20:00,AWS_Chennai_001,34.2,1001.42,89.35,0,normal,False,34.2,1001.42,89.35
2024-07-25 11:30:00,AWS_Chennai_001,34.26,1001.66,90.06,0,normal,False,34.26,1001.66,90.06
2024-07-25 11:40:00,AWS_Chennai_001,33.9,1001.61,87.0,0,normal,False,33.9,1001.61,87.0
2024-07-25 11:50:00,AWS_Chennai_001,34.2,1001.6,89.44,1,drift_pressure,False,34.2,1001.6,89.44
2024-07-25 12:00:00,AWS_Chennai_001,34.41,1001.34,89.73,1,drift_pressure,False,34.41,1001.34,89.73
2024-07-25 12:10:00,AWS_Chennai_001,34.17,1001.04,91.13,1,drift_pressure,False,34.17,1001.04,91.13
2024-07-25 12:20:00,AWS_Chennai_001,34.36,1000.59,91.59,1,drift_pressure,False,34.36,1000.59,91.59
2024-07-25 12:30:00,AWS_Chennai_001,34.19,1000.27,93.02,1,drift_pressure,False,34.19,1000.27,93.02
2024-07-25 12:40:00,AWS_Chennai_001,34.28,999.9,92.49,1,drift_pressure,False,34.28,999.9,92.49
2024-07-25 12:50:00,AWS_Chennai_001,34.29,999.41,91.86,1,drift_pressure,False,34.29,999.41,91.86
2024-07-25 13:00:00,AWS_Chennai_001,34.2,998.72,91.79,1,drift_pressure,False,34.2,998.72,91.79
2024-07-25 13:10:00,AWS_Chennai_001,34.74,998.07,90.79,1,drift_pressure,False,34.74,998.07,90.79
2024-07-25 13:20:00,AWS_Chennai_001,35.18,997.6,91.96,1,drift_pressure,False,35.18,997.6,91.96
2024-07-25 13:30:00,AWS_Chennai_001,35.45,997.18,90.16,1,drift_pressure,False,35.45,997.18,90.16
2024-07-25 13:40:00,AWS_Chennai_001,35.48,996.6,88.73,1,drift_pressure,False,35.48,996.6,88.73
2024-07-25 13:50:00,AWS_Chennai_001,35.57,996.11,86.41,1,drift_pressure,False,35.57,996.11,86.41
2024-07-25 14:00:00,AWS_Chennai_001,36.22,995.6,85.35,1,drift_pressure,True,35.735,995.675,85.93
2024-07-25 14:10:00,AWS_Chennai_001,35.9,995.24,85.45,1,drift_pressure,False,35.9,995.24,85.45
2024-07-25 14:20:00,AWS_Chennai_001,36.45,994.84,82.1,1,drift_pressure,True,35.99,994.71,83.98
2024-07-25 14:30:00,AWS_Chennai_001,36.56,994.06,80.29,1,drift_pressure,True,36.08,994.18,82.51
2024-07-25 14:40:00,AWS_Chennai_001,36.17,993.65,81.04,1,drift_pressure,False,36.17,993.65,81.04
2024-07-25 14:50:00,AWS_Chennai_001,35.67,993.09,83.07,1,drift_pressure,False,35.67,993.09,83.07
2024-07-25 15:00:00,AWS_Chennai_001,35.63,992.43,82.25,1,drift_pressure,False,35.63,992.43,82.25
2024-07-25 15:10:00,AWS_Chennai_001,35.64,991.93,84.2,1,drift_pressure,False,35.64,991.93,84.2
2024-07-25 15:20:00,AWS_Chennai_001,35.57,991.27,85.72,1,drift_pressure,False,35.57,991.27,85.72
2024-07-25 15:30:00,AWS_Chennai_001,35.68,991.03,87.18,1,drift_pressure,False,35.68,991.03,87.18
2024-07-25 15:40:00,AWS_Chennai_001,35.52,990.61,85.62,1,drift_pressure,False,35.52,990.61,85.62
2024-07-25 15:50:00,AWS_Chennai_001,35.33,990.19,85.15,1,drift_pressure,False,35.33,990.19,85.15
2024-07-25 16:00:00,AWS_Chennai_001,35.05,989.51,84.37,1,drift_pressure,False,35.05,989.51,84.37
2024-07-25 16:10:00,AWS_Chennai_001,35.08,988.78,82.79,1,drift_pressure,False,35.08,988.78,82.79
2024-07-25 16:20:00,AWS_Chennai_001,34.59,988.41,82.28,1,drift_pressure,False,34.59,988.41,82.28
2024-07-25 16:30:00,AWS_Chennai_001,34.52,987.96,81.89,1,drift_pressure,False,34.52,987.96,81.89
2024-07-25 16:40:00,AWS_Chennai_001,34.8,987.29,82.67,1,drift_pressure,False,34.8,987.29,82.67
2024-07-25 16:50:00,AWS_Chennai_001,34.96,1003.2,83.91,0,normal,True,34.815,995.15,84.095
2024-07-25 17:00:00,AWS_Chennai_001,34.83,1003.01,85.52,0,normal,False,34.83,1003.01,85.52
2024-07-25 17:10:00,AWS_Chennai_001,34.5,1002.9,84.29,0,normal,False,34.5,1002.9,84.29
2024-07-25 17:20:00,AWS_Chennai_001,34.27,1002.86,84.66,0,normal,False,34.27,1002.86,84.66
2024-07-25 17:30:00,AWS_Chennai_001,33.47,1002.65,85.5,0,normal,False,33.47,1002.65,85.5
2024-07-25 17:40:00,AWS_Chennai_001,32.98,1002.68,82.31,0,normal,False,32.98,1002.68,82.31
2024-07-25 17:50:00,AWS_Chennai_001,33.24,1002.63,84.25,0,normal,False,33.24,1002.63,84.25
2024-07-25 18:00:00,AWS_Chennai_001,33.24,1002.63,80.27,0,normal,False,33.24,1002.63,80.27
2024-07-25 18:10:00,AWS_Chennai_001,33.06,1002.54,81.13,0,normal,False,33.06,1002.54,81.13
2024-07-25 18:20:00,AWS_Chennai_001,32.76,1002.19,80.18,0,normal,False,32.76,1002.19,80.18
2024-07-25 18:30:00,AWS_Chennai_001,31.47,1002.11,83.36,0,normal,False,31.47,1002.11,83.36
2024-07-25 18:40:00,AWS_Chennai_001,30.97,1002.11,85.19,0,normal,False,30.97,1002.11,85.19
2024-07-25 18:50:00,AWS_Chennai_001,30.27,1002.08,86.78,0,normal,False,30.27,1002.08,86.78
2024-07-25 19:00:00,AWS_Chennai_001,30.01,1001.91,87.88,0,normal,False,30.01,1001.91,87.88
2024-07-25 19:10:00,AWS_Chennai_001,29.47,1002.06,88.01,0,normal,False,29.47,1002.06,88.01
2024-07-25 19:20:00,AWS_Chennai_001,29.84,1002.11,87.04,0,normal,False,29.84,1002.11,87.04
2024-07-25 19:30:00,AWS_Chennai_001,29.82,1001.97,86.31,0,normal,False,29.82,1001.97,86.31
2024-07-25 19:40:00,AWS_Chennai_001,29.47,1001.94,83.98,0,normal,False,29.47,1001.94,83.98
2024-07-25 19:50:00,AWS_Chennai_001,29.41,1001.76,86.93,0,normal,False,29.41,1001.76,86.93
2024-07-25 20:00:00,AWS_Chennai_001,29.71,1001.93,89.08,0,normal,False,29.71,1001.93,89.08
2024-07-25 20:10:00,AWS_Chennai_001,28.88,1002.2,89.84,0,normal,False,28.88,1002.2,89.84
2024-07-25 20:20:00,AWS_Chennai_001,29.22,1002.52,90.48,0,normal,False,29.22,1002.52,90.48
2024-07-25 20:30:00,AWS_Chennai_001,28.52,1002.42,91.89,0,normal,False,28.52,1002.42,91.89
2024-07-25 20:40:00,AWS_Chennai_001,28.3,1002.2,94.04,0,normal,False,28.3,1002.2,94.04
2024-07-25 20:50:00,AWS_Chennai_001,28.19,1002.1,94.1,0,normal,False,28.19,1002.1,94.1
2024-07-25 21:00:00,AWS_Chennai_001,28.04,1002.2,95.95,0,normal,False,28.04,1002.2,95.95
2024-07-25 21:10:00,AWS_Chennai_001,28.18,1002.09,97.46,0,normal,False,28.18,1002.09,97.46
2024-07-25 21:20:00,AWS_Chennai_001,27.93,1002.12,97.68,0,normal,False,27.93,1002.12,97.68
2024-07-25 21:30:00,AWS_Chennai_001,27.49,1002.12,97.9,0,normal,False,27.49,1002.12,97.9
2024-07-25 21:40:00,AWS_Chennai_001,27.69,1002.37,100.0,0,normal,False,27.69,1002.37,100.0
2024-07-25 21:50:00,AWS_Chennai_001,27.5,1002.14,100.0,0,normal,False,27.5,1002.14,100.0
2024-07-25 22:00:00,AWS_Chennai_001,27.33,1002.11,99.89,0,normal,False,27.33,1002.11,99.89
2024-07-25 22:10:00,AWS_Chennai_001,27.22,1001.97,98.69,0,normal,False,27.22,1001.97,98.69
2024-07-25 22:20:00,AWS_Chennai_001,27.61,1001.94,98.22,0,normal,False,27.61,1001.94,98.22
2024-07-25 22:30:00,AWS_Chennai_001,28.13,1001.93,98.02,0,normal,False,28.13,1001.93,98.02
2024-07-25 22:40:00,AWS_Chennai_001,27.65,1002.18,100.0,0,normal,False,27.65,1002.18,100.0
2024-07-25 22:50:00,AWS_Chennai_001,27.15,1002.18,100.0,0,normal,False,27.15,1002.18,100.0
2024-07-25 23:00:00,AWS_Chennai_001,26.99,1002.37,99.57,0,normal,False,26.99,1002.37,99.57
2024-07-25 23:10:00,AWS_Chennai_001,27.01,1002.46,99.48,0,normal,False,27.01,1002.46,99.48
2024-07-25 23:20:00,AWS_Chennai_001,26.37,1002.38,97.78,0,normal,False,26.37,1002.38,97.78
2024-07-25 23:30:00,AWS_Chennai_001,26.38,1002.38,97.19,0,normal,False,26.38,1002.38,97.19
2024-07-25 23:40:00,AWS_Chennai_001,26.37,1002.4,95.17,0,normal,False,26.37,1002.4,95.17
2024-07-25 23:50:00,AWS_Chennai_001,25.95,1002.59,95.29,0,normal,False,25.95,1002.59,95.29
2024-07-26 00:00:00,AWS_Chennai_001,25.9,1002.75,95.01,0,normal,False,25.9,1002.75,95.01
2024-07-26 00:10:00,AWS_Chennai_001,25.9,1002.83,96.5,0,normal,False,25.9,1002.83,96.5
2024-07-26 00:20:00,AWS_Chennai_001,26.27,1002.75,98.18,0,normal,False,26.27,1002.75,98.18
2024-07-26 00:30:00,AWS_Chennai_001,26.11,1002.89,97.05,0,normal,False,26.11,1002.89,97.05
2024-07-26 00:40:00,AWS_Chennai_001,25.7,1003.07,99.69,0,normal,False,25.7,1003.07,99.69
2024-07-26 00:50:00,AWS_Chennai_001,25.6,1003.27,98.69,0,normal,False,25.6,1003.27,98.69
2024-07-26 01:00:00,AWS_Chennai_001,25.69,1003.3,98.28,0,normal,False,25.69,1003.3,98.28
2024-07-26 01:10:00,AWS_Chennai_001,25.62,1003.15,99.93,0,normal,False,25.62,1003.15,99.93
2024-07-26 01:20:00,AWS_Chennai_001,25.4,1003.37,98.75,0,normal,False,25.4,1003.37,98.75
2024-07-26 01:30:00,AWS_Chennai_001,25.23,1003.49,100.0,0,normal,False,25.23,1003.49,100.0
2024-07-26 01:40:00,AWS_Chennai_001,25.66,1003.28,98.62,0,normal,False,25.66,1003.28,98.62
2024-07-26 01:50:00,AWS_Chennai_001,26.12,1003.15,98.69,0,normal,False,26.12,1003.15,98.69
2024-07-26 02:00:00,AWS_Chennai_001,25.9,1003.07,94.67,0,normal,False,25.9,1003.07,94.67
2024-07-26 02:10:00,AWS_Chennai_001,26.1,1002.86,94.69,0,normal,False,26.1,1002.86,94.69
2024-07-26 02:20:00,AWS_Chennai_001,25.72,1002.96,94.78,0,normal,False,25.72,1002.96,94.78
2024-07-26 02:30:00,AWS_Chennai_001,25.11,1002.83,93.03,0,normal,False,25.11,1002.83,93.03
2024-07-26 02:40:00,AWS_Chennai_001,25.16,1002.65,93.05,0,normal,False,25.16,1002.65,93.05
2024-07-26 02:50:00,AWS_Chennai_001,25.3,1002.66,94.27,0,normal,False,25.3,1002.66,94.27
2024-07-26 03:00:00,AWS_Chennai_001,24.66,1002.51,95.36,0,normal,False,24.66,1002.51,95.36
2024-07-26 03:10:00,AWS_Chennai_001,25.11,1002.36,98.2,0,normal,False,25.11,1002.36,98.2
2024-07-26 03:20:00,AWS_Chennai_001,25.53,1002.53,99.06,0,normal,False,25.53,1002.53,99.06
2024-07-26 03:30:00,AWS_Chennai_001,25.39,1002.46,100.0,0,normal,False,25.39,1002.46,100.0
2024-07-26 03:40:00,AWS_Chennai_001,25.54,1002.62,100.0,0,normal,False,25.54,1002.62,100.0
2024-07-26 03:50:00,AWS_Chennai_001,25.4,1002.56,99.46,0,normal,False,25.4,1002.56,99.46
2024-07-26 04:00:00,AWS_Chennai_001,25.54,1002.47,98.28,0,normal,False,25.54,1002.47,98.28
2024-07-26 04:10:00,AWS_Chennai_001,25.86,1002.27,97.03,0,normal,False,25.86,1002.27,97.03
2024-07-26 04:20:00,AWS_Chennai_001,25.84,1002.6,97.04,0,normal,False,25.84,1002.6,97.04
2024-07-26 04:30:00,AWS_Chennai_001,25.52,1002.3,94.25,0,normal,False,25.52,1002.3,94.25
2024-07-26 04:40:00,AWS_Chennai_001,25.65,1002.21,92.87,0,normal,False,25.65,1002.21,92.87
2024-07-26 04:50:00,AWS_Chennai_001,25.5,1002.11,90.37,0,normal,False,25.5,1002.11,90.37
2024-07-26 05:00:00,AWS_Chennai_001,25.84,1002.09,92.3,0,normal,False,25.84,1002.09,92.3
2024-07-26 05:10:00,AWS_Chennai_001,26.2,1001.84,90.55,0,normal,False,26.2,1001.84,90.55
2024-07-26 05:20:00,AWS_Chennai_001,26.65,1001.86,90.81,0,normal,False,26.65,1001.86,90.81
2024-07-26 05:30:00,AWS_Chennai_001,26.17,1001.81,92.19,0,normal,False,26.17,1001.81,92.19
2024-07-26 05:40:00,AWS_Chennai_001,25.86,1001.91,92.35,0,normal,False,25.86,1001.91,92.35
2024-07-26 05:50:00,AWS_Chennai_001,25.47,1001.9,90.97,0,normal,False,25.47,1001.9,90.97
2024-07-26 06:00:00,AWS_Chennai_001,25.59,1001.9,89.09,0,normal,False,25.59,1001.9,89.09
2024-07-26 06:10:00,AWS_Chennai_001,25.92,1001.78,87.26,0,normal,False,25.92,1001.78,87.26
2024-07-26 06:20:00,AWS_Chennai_001,25.79,1001.82,87.05,0,normal,False,25.79,1001.82,87.05
2024-07-26 06:30:00,AWS_Chennai_001,26.2,1001.99,87.75,0,normal,False,26.2,1001.99,87.75
2024-07-26 06:40:00,AWS_Chennai_001,26.74,1001.98,85.68,0,normal,False,26.74,1001.98,85.68
2024-07-26 06:50:00,AWS_Chennai_001,26.9,999.15,84.47,1,noise_burst_pressure,True,27.153333333333332,1001.9216666666666,85.59333333333333
2024-07-26 07:00:00,AWS_Chennai_001,27.51,993.45,84.43,1,noise_burst_pressure,True,27.566666666666666,1001.8633333333333,85.50666666666667
2024-07-26 07:10:00,AWS_Chennai_001,28.12,1006.61,83.35,1,noise_burst_pressure,True,27.979999999999997,1001.8050000000001,85.42
2024-07-26 07:20:00,AWS_Chennai_001,28.58,994.7,82.63,1,noise_burst_pressure,True,28.39333333333333,1001.7466666666667,85.33333333333333
2024-07-26 07:30:00,AWS_Chennai_001,28.89,993.97,83.75,1,noise_burst_pressure,True,28.806666666666665,1001.6883333333333,85.24666666666667
2024-07-26 07:40:00,AWS_Chennai_001,29.22,1001.63,85.16,1,noise_burst_pressure,False,29.22,1001.63,85.16
2024-07-26 07:50:00,AWS_Chennai_001,29.37,1008.23,86.38,1,noise_burst_pressure,True,29.537499999999998,1001.6949999999999,85.275
2024-07-26 08:00:00,AWS_Chennai_001,30.04,991.85,83.34,1,noise_burst_pressure,True,29.854999999999997,1001.76,85.39
2024-07-26 08:10:00,AWS_Chennai_001,30.41,993.03,83.51,1,noise_burst_pressure,True,30.1725,1001.825,85.505
2024-07-26 08:20:00,AWS_Chennai_001,30.49,1001.89,85.62,0,normal,False,30.49,1001.89,85.62
2024-07-26 08:30:00,AWS_Chennai_001,30.54,1001.6,83.29,0,normal,False,30.54,1001.6,83.29
2024-07-26 08:40:00,AWS_Chennai_001,31.09,1001.42,84.15,0,normal,False,31.09,1001.42,84.15
2024-07-26 08:50:00,AWS_Chennai_001,31.22,1001.48,84.02,0,normal,False,31.22,1001.48,84.02
2024-07-26 09:00:00,AWS_Chennai_001,31.35,1001.62,85.0,0,normal,False,31.35,1001.62,85.0
2024-07-26 09:10:00,AWS_Chennai_001,31.69,1001.69,84.45,0,normal,False,31.69,1001.69,84.45
2024-07-26 09:20:00,AWS_Chennai_001,31.62,1001.74,84.62,0,normal,False,31.62,1001.74,84.62
2024-07-26 09:30:00,AWS_Chennai_001,31.49,1001.79,85.23,0,normal,False,31.49,1001.79,85.23
2024-07-26 09:40:00,AWS_Chennai_001,31.54,1001.95,85.3,0,normal,False,31.54,1001.95,85.3
2024-07-26 09:50:00,AWS_Chennai_001,31.37,1001.94,86.57,0,normal,False,31.37,1001.94,86.57
2024-07-26 10:00:00,AWS_Chennai_001,31.74,1001.83,86.14,0,normal,False,31.74,1001.83,86.14
2024-07-26 10:10:00,AWS_Chennai_001,32.04,1001.7,81.47,0,normal,False,32.04,1001.7,81.47
2024-07-26 10:20:00,AWS_Chennai_001,33.02,1001.74,81.86,0,normal,False,33.02,1001.74,81.86
2024-07-26 10:30:00,AWS_Chennai_001,33.05,1001.75,83.7,0,normal,False,33.05,1001.75,83.7
2024-07-26 10:40:00,AWS_Chennai_001,33.38,1001.57,86.37,0,normal,False,33.38,1001.57,86.37
2024-07-26 10:50:00,AWS_Chennai_001,33.53,1001.53,85.41,0,normal,False,33.53,1001.53,85.41
2024-07-26 11:00:00,AWS_Chennai_001,33.55,1001.56,86.75,0,normal,False,33.55,1001.56,86.75
2024-07-26 11:10:00,AWS_Chennai_001,33.83,1001.73,87.06,0,normal,False,33.83,1001.73,87.06
2024-07-26 11:20:00,AWS_Chennai_001,34.6,1001.63,87.18,0,normal,False,34.6,1001.63,87.18
2024-07-26 11:30:00,AWS_Chennai_001,35.04,1001.71,85.51,0,normal,False,35.04,1001.71,85.51
2024-07-26 11:40:00,AWS_Chennai_001,34.97,1001.64,85.86,0,normal,False,34.97,1001.64,85.86
2024-07-26 11:50:00,AWS_Chennai_001,34.61,1001.88,86.65,0,normal,False,34.61,1001.88,86.65
2024-07-26 12:00:00,AWS_Chennai_001,34.28,1001.72,89.97,0,normal,False,34.28,1001.72,89.97
2024-07-26 12:10:00,AWS_Chennai_001,34.51,1001.87,92.94,0,normal,False,34.51,1001.87,92.94
2024-07-26 12:20:00,AWS_Chennai_001,34.26,1001.78,91.65,0,normal,False,34.26,1001.78,91.65
2024-07-26 12:30:00,AWS_Chennai_001,34.28,1001.94,92.34,0,normal,False,34.28,1001.94,92.34
2024-07-26 12:40:00,AWS_Chennai_001,35.13,1002.13,91.91,0,normal,False,35.13,1002.13,91.91
2024-07-26 12:50:00,AWS_Chennai_001,34.99,1002.55,92.33,0,normal,False,34.99,1002.55,92.33
2024-07-26 13:00:00,AWS_Chennai_001,34.56,1002.57,93.1,0,normal,False,34.56,1002.57,93.1
2024-07-26 13:10:00,AWS_Chennai_001,34.42,1002.88,91.87,0,normal,False,34.42,1002.88,91.87
2024-07-26 13:20:00,AWS_Chennai_001,34.3,1002.96,89.4,0,normal,False,34.3,1002.96,89.4
2024-07-26 13:30:00,AWS_Chennai_001,34.7,1003.03,90.08,0,normal,False,34.7,1003.03,90.08
2024-07-26 13:40:00,AWS_Chennai_001,34.89,1003.07,91.82,0,normal,False,34.89,1003.07,91.82
2024-07-26 13:50:00,AWS_Chennai_001,34.85,1003.23,91.79,0,normal,False,34.85,1003.23,91.79
2024-07-26 14:00:00,AWS_Chennai_001,34.92,1003.21,89.8,0,normal,False,34.92,1003.21,89.8
2024-07-26 14:10:00,AWS_Chennai_001,35.02,1003.05,86.71,0,normal,False,35.02,1003.05,86.71
2024-07-26 14:20:00,AWS_Chennai_001,35.12,1002.84,88.69,0,normal,False,35.12,1002.84,88.69
2024-07-26 14:30:00,AWS_Chennai_001,34.91,1002.88,87.43,0,normal,False,34.91,1002.88,87.43
2024-07-26 14:40:00,AWS_Chennai_001,34.96,1003.02,88.6,0,normal,False,34.96,1003.02,88.6
2024-07-26 14:50:00,AWS_Chennai_001,34.8,1002.94,84.04,0,normal,False,34.8,1002.94,84.04
2024-07-26 15:00:00,AWS_Chennai_001,35.15,1002.86,84.31,0,normal,False,35.15,1002.86,84.31
2024-07-26 15:10:00,AWS_Chennai_001,35.34,1003.17,82.3,0,normal,False,35.34,1003.17,82.3
2024-07-26 15:20:00,AWS_Chennai_001,35.06,1003.07,79.98,0,normal,False,35.06,1003.07,79.98
2024-07-26 15:30:00,AWS_Chennai_001,34.96,1003.01,79.74,0,normal,False,34.96,1003.01,79.74
2024-07-26 15:40:00,AWS_Chennai_001,34.63,1003.01,80.33,0,normal,False,34.63,1003.01,80.33
2024-07-26 15:50:00,AWS_Chennai_001,34.6,1142.9,81.49,1,out_of_range_pressure,True,34.38428571428572,1002.9628571428572,79.93714285714286
2024-07-26 16:00:00,AWS_Chennai_001,34.56,1002.79,81.28,0,normal,True,34.13857142857143,1002.9157142857142,79.5442857142857
2024-07-26 16:10:00,AWS_Chennai_001,34.27,1002.58,80.97,0,normal,True,33.892857142857146,1002.8685714285714,79.15142857142857
2024-07-26 16:20:00,AWS_Chennai_001,33.82,1002.56,81.21,0,normal,True,33.64714285714285,1002.8214285714286,78.75857142857143
2024-07-26 16:30:00,AWS_Chennai_001,33.36,1002.61,79.86,0,normal,True,33.40142857142857,1002.7742857142857,78.36571428571429
2024-07-26 16:40:00,AWS_Chennai_001,33.19,1002.37,79.31,0,normal,True,33.15571428571428,1002.7271428571428,77.97285714285714
2024-07-26 16:50:00,AWS_Chennai_001,32.91,1002.68,77.58,0,normal,False,32.91,1002.68,77.58
2024-07-26 17:00:00,AWS_Chennai_001,32.68,1002.44,80.08,0,normal,False,32.68,1002.44,80.08
2024-07-26 17:10:00,AWS_Chennai_001,33.08,1002.33,82.97,0,normal,False,33.08,1002.33,82.97
2024-07-26 17:20:00,AWS_Chennai_001,32.97,1002.24,82.68,0,normal,False,32.97,1002.24,82.68
2024-07-26 17:30:00,AWS_Chennai_001,32.36,1002.15,82.44,0,normal,False,32.36,1002.15,82.44
2024-07-26 17:40:00,AWS_Chennai_001,32.2,1002.12,83.94,0,normal,False,32.2,1002.12,83.94
2024-07-26 17:50:00,AWS_Chennai_001,32.42,1002.37,85.09,0,normal,False,32.42,1002.37,85.09
2024-07-26 18:00:00,AWS_Chennai_001,31.8,1002.1,85.19,0,normal,False,31.8,1002.1,85.19
2024-07-26 18:10:00,AWS_Chennai_001,31.6,1001.9,85.06,0,normal,False,31.6,1001.9,85.06
2024-07-26 18:20:00,AWS_Chennai_001,31.28,1001.71,87.16,0,normal,False,31.28,1001.71,87.16
2024-07-26 18:30:00,AWS_Chennai_001,30.34,1001.81,90.97,0,normal,False,30.34,1001.81,90.97
2024-07-26 18:40:00,AWS_Chennai_001,30.13,1001.7,91.13,0,normal,False,30.13,1001.7,91.13
2024-07-26 18:50:00,AWS_Chennai_001,29.84,1001.72,91.54,0,normal,False,29.84,1001.72,91.54
2024-07-26 19:00:00,AWS_Chennai_001,29.37,1001.78,90.22,0,normal,False,29.37,1001.78,90.22
2024-07-26 19:10:00,AWS_Chennai_001,29.14,1001.82,92.2,0,normal,False,29.14,1001.82,92.2
2024-07-26 19:20:00,AWS_Chennai_001,28.93,1001.89,91.98,0,normal,False,28.93,1001.89,91.98
2024-07-26 19:30:00,AWS_Chennai_001,28.97,1001.87,93.09,0,normal,False,28.97,1001.87,93.09
2024-07-26 19:40:00,AWS_Chennai_001,29.01,1001.89,92.07,0,normal,False,29.01,1001.89,92.07
2024-07-26 19:50:00,AWS_Chennai_001,28.59,1001.8,90.88,0,normal,False,28.59,1001.8,90.88
2024-07-26 20:00:00,AWS_Chennai_001,29.01,1001.66,90.59,0,normal,False,29.01,1001.66,90.59
2024-07-26 20:10:00,AWS_Chennai_001,28.9,1001.51,89.12,0,normal,False,28.9,1001.51,89.12
2024-07-26 20:20:00,AWS_Chennai_001,28.83,1001.48,90.36,0,normal,False,28.83,1001.48,90.36
2024-07-26 20:30:00,AWS_Chennai_001,28.78,1001.78,91.23,0,normal,False,28.78,1001.78,91.23
2024-07-26 20:40:00,AWS_Chennai_001,28.13,1001.69,92.41,0,normal,False,28.13,1001.69,92.41
2024-07-26 20:50:00,AWS_Chennai_001,28.07,1001.62,89.53,0,normal,False,28.07,1001.62,89.53
2024-07-26 21:00:00,AWS_Chennai_001,27.91,1001.73,91.26,0,normal,False,27.91,1001.73,91.26
2024-07-26 21:10:00,AWS_Chennai_001,27.59,1001.92,91.48,0,normal,False,27.59,1001.92,91.48
2024-07-26 21:20:00,AWS_Chennai_001,27.54,1001.92,91.47,0,normal,False,27.54,1001.92,91.47
2024-07-26 21:30:00,AWS_Chennai_001,27.05,1001.76,89.93,0,normal,False,27.05,1001.76,89.93
2024-07-26 21:40:00,AWS_Chennai_001,26.81,1001.79,91.42,0,normal,False,26.81,1001.79,91.42
2024-07-26 21:50:00,AWS_Chennai_001,26.19,1001.51,91.9,0,normal,False,26.19,1001.51,91.9
2024-07-26 22:00:00,AWS_Chennai_001,26.36,1001.5,90.19,0,normal,False,26.36,1001.5,90.19
2024-07-26 22:10:00,AWS_Chennai_001,26.0,1001.39,89.31,0,normal,False,26.0,1001.39,89.31
2024-07-26 22:20:00,AWS_Chennai_001,26.46,1001.43,89.9,0,normal,False,26.46,1001.43,89.9
2024-07-26 22:30:00,AWS_Chennai_001,26.04,1001.6,89.67,0,normal,False,26.04,1001.6,89.67
2024-07-26 22:40:00,AWS_Chennai_001,26.05,1001.62,88.73,0,normal,False,26.05,1001.62,88.73
2024-07-26 22:50:00,AWS_Chennai_001,25.98,1001.68,85.93,0,normal,False,25.98,1001.68,85.93
2024-07-26 23:00:00,AWS_Chennai_001,25.77,1001.63,85.23,0,normal,False,25.77,1001.63,85.23
2024-07-26 23:10:00,AWS_Chennai_001,25.81,1001.51,85.25,0,normal,False,25.81,1001.51,85.25
2024-07-26 23:20:00,AWS_Chennai_001,25.67,1001.61,89.42,0,normal,False,25.67,1001.61,89.42
2024-07-26 23:30:00,AWS_Chennai_001,25.68,946.88,92.15,1,spike_pressure,True,25.37666666666667,1001.74,90.29
2024-07-26 23:40:00,AWS_Chennai_001,25.17,1001.9,92.11,0,normal,True,25.083333333333332,1001.87,91.16
2024-07-26 23:50:00,AWS_Chennai_001,24.79,1002.0,92.03,0,normal,False,24.79,1002.0,92.03
2024-07-27 00:00:00,AWS_Chennai_001,24.24,1002.28,92.8,0,normal,True,24.595,1002.2049999999999,91.825
2024-07-27 00:10:00,AWS_Chennai_001,24.4,1002.41,91.62,0,normal,False,24.4,1002.41,91.62
2024-07-27 00:20:00,AWS_Chennai_001,24.83,1002.41,92.87,0,normal,False,24.83,1002.41,92.87
2024-07-27 00:30:00,AWS_Chennai_001,24.47,1002.64,91.79,0,normal,False,24.47,1002.64,91.79
2024-07-27 00:40:00,AWS_Chennai_001,24.51,1002.69,94.6,0,normal,False,24.51,1002.69,94.6
2024-07-27 00:50:00,AWS_Chennai_001,24.29,1002.79,93.61,0,normal,False,24.29,1002.79,93.61
2024-07-27 01:00:00,AWS_Chennai_001,25.01,1002.85,96.18,0,normal,False,25.01,1002.85,96.18
2024-07-27 01:10:00,AWS_Chennai_001,25.64,1002.66,97.55,0,normal,False,25.64,1002.66,97.55
2024-07-27 01:20:00,AWS_Chennai_001,25.64,1002.62,95.79,0,normal,False,25.64,1002.62,95.79
2024-07-27 01:30:00,AWS_Chennai_001,25.03,1002.82,96.98,0,normal,False,25.03,1002.82,96.98
2024-07-27 01:40:00,AWS_Chennai_001,25.15,1002.75,94.91,0,normal,False,25.15,1002.75,94.91
2024-07-27 01:50:00,AWS_Chennai_001,25.0,1002.76,94.67,0,normal,False,25.0,1002.76,94.67
2024-07-27 02:00:00,AWS_Chennai_001,25.11,1003.11,95.11,0,normal,False,25.11,1003.11,95.11
2024-07-27 02:10:00,AWS_Chennai_001,25.07,1003.18,96.37,0,normal,False,25.07,1003.18,96.37
2024-07-27 02:20:00,AWS_Chennai_001,25.44,1003.15,93.75,0,normal,False,25.44,1003.15,93.75
2024-07-27 02:30:00,AWS_Chennai_001,25.37,1002.88,91.52,0,normal,False,25.37,1002.88,91.52
2024-07-27 02:40:00,AWS_Chennai_001,25.18,1002.94,91.64,0,normal,False,25.18,1002.94,91.64
2024-07-27 02:50:00,AWS_Chennai_001,24.96,1002.94,92.33,0,normal,False,24.96,1002.94,92.33
2024-07-27 03:00:00,AWS_Chennai_001,25.11,1002.87,90.42,0,normal,False,25.11,1002.87,90.42
2024-07-27 03:10:00,AWS_Chennai_001,24.77,1002.48,94.48,0,normal,False,24.77,1002.48,94.48
2024-07-27 03:20:00,AWS_Chennai_001,24.3,1002.41,95.64,0,normal,False,24.3,1002.41,95.64
2024-07-27 03:30:00,AWS_Chennai_001,24.03,1002.52,96.64,0,normal,False,24.03,1002.52,96.64
2024-07-27 03:40:00,AWS_Chennai_001,24.59,1002.67,93.83,0,normal,False,24.59,1002.67,93.83
2024-07-27 03:50:00,AWS_Chennai_001,24.67,1002.85,93.41,0,normal,False,24.67,1002.85,93.41
2024-07-27 04:00:00,AWS_Chennai_001,24.94,1002.82,94.36,0,normal,False,24.94,1002.82,94.36
2024-07-27 04:10:00,AWS_Chennai_001,25.51,1002.82,96.03,0,normal,False,25.51,1002.82,96.03
2024-07-27 04:20:00,AWS_Chennai_001,25.62,1002.81,95.18,0,normal,False,25.62,1002.81,95.18
2024-07-27 04:30:00,AWS_Chennai_001,25.15,1003.07,96.95,0,normal,False,25.15,1003.07,96.95
2024-07-27 04:40:00,AWS_Chennai_001,24.88,1002.7,96.58,0,normal,False,24.88,1002.7,96.58
2024-07-27 04:50:00,AWS_Chennai_001,24.83,1002.64,97.72,0,normal,False,24.83,1002.64,97.72
2024-07-27 05:00:00,AWS_Chennai_001,24.93,1002.56,98.54,0,normal,False,24.93,1002.56,98.54
2024-07-27 05:10:00,AWS_Chennai_001,25.24,1002.5,97.86,0,normal,False,25.24,1002.5,97.86
2024-07-27 05:20:00,AWS_Chennai_001,25.31,1002.6,96.29,0,normal,False,25.31,1002.6,96.29
2024-07-27 05:30:00,AWS_Chennai_001,24.99,1002.39,95.21,0,normal,False,24.99,1002.39,95.21
2024-07-27 05:40:00,AWS_Chennai_001,25.39,1002.28,93.08,0,normal,False,25.39,1002.28,93.08
2024-07-27 05:50:00,AWS_Chennai_001,25.3,1002.18,93.14,0,normal,False,25.3,1002.18,93.14
2024-07-27 06:00:00,AWS_Chennai_001,26.61,1002.32,94.07,0,normal,False,26.61,1002.32,94.07
2024-07-27 06:10:00,AWS_Chennai_001,26.76,1002.4,95.7,0,normal,False,26.76,1002.4,95.7
2024-07-27 06:20:00,AWS_Chennai_001,27.1,1002.3,92.7,0,normal,False,27.1,1002.3,92.7
2024-07-27 06:30:00,AWS_Chennai_001,27.16,1002.12,91.87,0,normal,False,27.16,1002.12,91.87
2024-07-27 06:40:00,AWS_Chennai_001,27.57,1002.1,90.07,0,normal,False,27.57,1002.1,90.07
2024-07-27 06:50:00,AWS_Chennai_001,26.69,1002.24,91.23,0,normal,False,26.69,1002.24,91.23
2024-07-27 07:00:00,AWS_Chennai_001,27.15,1002.36,90.27,0,normal,False,27.15,1002.36,90.27
2024-07-27 07:10:00,AWS_Chennai_001,27.54,1002.16,90.86,0,normal,False,27.54,1002.16,90.86
2024-07-27 07:20:00,AWS_Chennai_001,27.64,1002.1,91.37,0,normal,False,27.64,1002.1,91.37
2024-07-27 07:30:00,AWS_Chennai_001,27.82,1001.94,89.43,0,normal,False,27.82,1001.94,89.43
2024-07-27 07:40:00,AWS_Chennai_001,27.87,1002.1,87.71,0,normal,False,27.87,1002.1,87.71
2024-07-27 07:50:00,AWS_Chennai_001,28.02,1002.09,87.83,0,normal,False,28.02,1002.09,87.83
2024-07-27 08:00:00,AWS_Chennai_001,27.97,1001.96,88.21,0,normal,False,27.97,1001.96,88.21
2024-07-27 08:10:00,AWS_Chennai_001,28.0,1002.0,86.47,0,normal,False,28.0,1002.0,86.47
2024-07-27 08:20:00,AWS_Chennai_001,28.95,1001.97,86.84,0,normal,False,28.95,1001.97,86.84
2024-07-27 08:30:00,AWS_Chennai_001,28.91,1001.95,88.95,0,normal,False,28.91,1001.95,88.95
2024-07-27 08:40:00,AWS_Chennai_001,29.4,1001.82,88.54,0,normal,False,29.4,1001.82,88.54
2024-07-27 08:50:00,AWS_Chennai_001,29.61,1001.81,87.61,0,normal,False,29.61,1001.81,87.61
2024-07-27 09:00:00,AWS_Chennai_001,29.44,1001.98,87.7,0,normal,False,29.44,1001.98,87.7
2024-07-27 09:10:00,AWS_Chennai_001,30.35,1002.03,89.67,0,normal,False,30.35,1002.03,89.67
2024-07-27 09:20:00,AWS_Chennai_001,30.68,1001.99,90.08,0,normal,False,30.68,1001.99,90.08
2024-07-27 09:30:00,AWS_Chennai_001,31.18,1002.08,91.32,0,normal,False,31.18,1002.08,91.32
2024-07-27 09:40:00,AWS_Chennai_001,31.76,1001.79,89.41,0,normal,False,31.76,1001.79,89.41
2024-07-27 09:50:00,AWS_Chennai_001,31.93,1001.86,89.97,0,normal,False,31.93,1001.86,89.97
2024-07-27 10:00:00,AWS_Chennai_001,31.83,1002.14,90.51,0,normal,False,31.83,1002.14,90.51
2024-07-27 10:10:00,AWS_Chennai_001,31.91,1001.76,87.63,0,normal,False,31.91,1001.76,87.63
2024-07-27 10:20:00,AWS_Chennai_001,31.94,1001.67,88.9,0,normal,False,31.94,1001.67,88.9
2024-07-27 10:30:00,AWS_Chennai_001,32.57,1001.83,87.81,0,normal,False,32.57,1001.83,87.81
2024-07-27 10:40:00,AWS_Chennai_001,33.25,1001.53,83.89,0,normal,False,33.25,1001.53,83.89
2024-07-27 10:50:00,AWS_Chennai_001,33.01,1001.59,83.41,0,normal,False,33.01,1001.59,83.41
2024-07-27 11:00:00,AWS_Chennai_001,33.26,1001.54,82.3,0,normal,False,33.26,1001.54,82.3
2024-07-27 11:10:00,AWS_Chennai_001,33.51,1001.55,84.1,0,normal,False,33.51,1001.55,84.1
2024-07-27 11:20:00,AWS_Chennai_001,33.81,1001.41,83.1,0,normal,False,33.81,1001.41,83.1
2024-07-27 11:30:00,AWS_Chennai_001,34.02,1001.4,84.42,0,normal,False,34.02,1001.4,84.42
2024-07-27 11:40:00,AWS_Chennai_001,33.88,1001.33,83.65,0,normal,False,33.88,1001.33,83.65
2024-07-27 11:50:00,AWS_Chennai_001,34.21,1001.57,85.54,0,normal,False,34.21,1001.57,85.54
2024-07-27 12:00:00,AWS_Chennai_001,34.3,1001.49,85.31,0,normal,False,34.3,1001.49,85.31
2024-07-27 12:10:00,AWS_Chennai_001,33.99,1001.72,85.75,0,normal,False,33.99,1001.72,85.75
2024-07-27 12:20:00,AWS_Chennai_001,34.16,1001.53,84.11,0,normal,False,34.16,1001.53,84.11
2024-07-27 12:30:00,AWS_Chennai_001,34.48,1001.67,84.91,0,normal,False,34.48,1001.67,84.91
2024-07-27 12:40:00,AWS_Chennai_001,34.26,1001.92,85.08,0,normal,False,34.26,1001.92,85.08
2024-07-27 12:50:00,AWS_Chennai_001,34.36,1001.87,83.89,0,normal,False,34.36,1001.87,83.89
2024-07-27 13:00:00,AWS_Chennai_001,34.78,1002.11,85.04,0,normal,False,34.78,1002.11,85.04
2024-07-27 13:10:00,AWS_Chennai_001,34.4,1002.18,86.19,0,normal,False,34.4,1002.18,86.19
2024-07-27 13:20:00,AWS_Chennai_001,34.43,1002.23,88.79,0,normal,False,34.43,1002.23,88.79
2024-07-27 13:30:00,AWS_Chennai_001,35.05,1002.21,88.75,0,normal,False,35.05,1002.21,88.75
2024-07-27 13:40:00,AWS_Chennai_001,35.01,1002.34,86.31,0,normal,False,35.01,1002.34,86.31
2024-07-27 13:50:00,AWS_Chennai_001,35.84,1002.53,85.27,0,normal,False,35.84,1002.53,85.27
2024-07-27 14:00:00,AWS_Chennai_001,35.79,1002.65,85.08,0,normal,False,35.79,1002.65,85.08
2024-07-27 14:10:00,AWS_Chennai_001,35.95,1002.82,87.45,0,normal,False,35.95,1002.82,87.45
2024-07-27 14:20:00,AWS_Chennai_001,36.25,1002.86,86.5,0,normal,False,36.25,1002.86,86.5
2024-07-27 14:30:00,AWS_Chennai_001,36.33,1002.95,85.75,0,normal,False,36.33,1002.95,85.75
2024-07-27 14:40:00,AWS_Chennai_001,36.67,1002.83,89.47,0,normal,False,36.67,1002.83,89.47
2024-07-27 14:50:00,AWS_Chennai_001,36.37,1002.83,90.89,0,normal,False,36.37,1002.83,90.89
2024-07-27 15:00:00,AWS_Chennai_001,36.2,1002.7,92.4,0,normal,False,36.2,1002.7,92.4
2024-07-27 15:10:00,AWS_Chennai_001,36.06,1002.69,92.37,0,normal,False,36.06,1002.69,92.37
2024-07-27 15:20:00,AWS_Chennai_001,35.9,1002.67,91.5,0,normal,False,35.9,1002.67,91.5
2024-07-27 15:30:00,AWS_Chennai_001,35.92,1002.63,91.01,0,normal,False,35.92,1002.63,91.01
2024-07-27 15:40:00,AWS_Chennai_001,36.01,1002.52,90.39,0,normal,False,36.01,1002.52,90.39
2024-07-27 15:50:00,AWS_Chennai_001,35.95,1002.59,87.85,0,normal,False,35.95,1002.59,87.85
2024-07-27 16:00:00,AWS_Chennai_001,35.73,1002.45,87.22,0,normal,False,35.73,1002.45,87.22
2024-07-27 16:10:00,AWS_Chennai_001,35.38,1002.4,86.05,0,normal,False,35.38,1002.4,86.05
2024-07-27 16:20:00,AWS_Chennai_001,35.17,1002.41,88.24,0,normal,False,35.17,1002.41,88.24
2024-07-27 16:30:00,AWS_Chennai_001,34.58,1002.43,85.87,0,normal,False,34.58,1002.43,85.87
2024-07-27 16:40:00,AWS_Chennai_001,34.19,1002.18,86.65,0,normal,False,34.19,1002.18,86.65
2024-07-27 16:50:00,AWS_Chennai_001,33.89,1002.12,86.16,0,normal,False,33.89,1002.12,86.16
2024-07-27 17:00:00,AWS_Chennai_001,33.29,1002.14,86.64,0,normal,False,33.29,1002.14,86.64
2024-07-27 17:10:00,AWS_Chennai_001,32.85,1002.17,88.18,0,normal,False,32.85,1002.17,88.18
2024-07-27 17:20:00,AWS_Chennai_001,32.7,1002.14,86.6,0,normal,False,32.7,1002.14,86.6
2024-07-27 17:30:00,AWS_Chennai_001,32.73,1002.04,85.01,0,normal,False,32.73,1002.04,85.01
2024-07-27 17:40:00,AWS_Chennai_001,32.48,1001.99,86.76,0,normal,False,32.48,1001.99,86.76
2024-07-27 17:50:00,AWS_Chennai_001,32.45,1001.74,86.78,0,normal,False,32.45,1001.74,86.78
2024-07-27 18:00:00,AWS_Chennai_001,32.61,1001.78,87.42,0,normal,False,32.61,1001.78,87.42
2024-07-27 18:10:00,AWS_Chennai_001,32.31,1001.64,90.37,0,normal,False,32.31,1001.64,90.37
2024-07-27 18:20:00,AWS_Chennai_001,32.09,1001.65,90.68,0,normal,False,32.09,1001.65,90.68
2024-07-27 18:30:00,AWS_Chennai_001,31.9,1001.49,91.27,0,normal,False,31.9,1001.49,91.27
2024-07-27 18:40:00,AWS_Chennai_001,31.47,1001.13,90.82,0,normal,False,31.47,1001.13,90.82
2024-07-27 18:50:00,AWS_Chennai_001,30.86,1001.03,91.74,0,normal,False,30.86,1001.03,91.74
2024-07-27 19:00:00,AWS_Chennai_001,30.38,1001.01,89.89,0,normal,False,30.38,1001.01,89.89
2024-07-27 19:10:00,AWS_Chennai_001,30.41,1001.24,91.38,0,normal,False,30.41,1001.24,91.38
2024-07-27 19:20:00,AWS_Chennai_001,30.6,1001.17,93.35,0,normal,False,30.6,1001.17,93.35
2024-07-27 19:30:00,AWS_Chennai_001,30.8,1001.14,92.63,0,normal,False,30.8,1001.14,92.63
2024-07-27 19:40:00,AWS_Chennai_001,30.28,1001.14,89.0,0,normal,False,30.28,1001.14,89.0
2024-07-27 19:50:00,AWS_Chennai_001,30.55,1001.22,89.9,0,normal,False,30.55,1001.22,89.9
2024-07-27 20:00:00,AWS_Chennai_001,30.79,1001.34,88.37,0,normal,False,30.79,1001.34,88.37
2024-07-27 20:10:00,AWS_Chennai_001,30.34,1001.38,90.11,0,normal,False,30.34,1001.38,90.11
2024-07-27 20:20:00,AWS_Chennai_001,30.17,1001.31,88.32,0,normal,False,30.17,1001.31,88.32
2024-07-27 20:30:00,AWS_Chennai_001,29.51,1001.17,88.09,0,normal,False,29.51,1001.17,88.09
2024-07-27 20:40:00,AWS_Chennai_001,29.26,1000.86,89.26,0,normal,False,29.26,1000.86,89.26
2024-07-27 20:50:00,AWS_Chennai_001,29.66,1001.04,91.04,0,normal,False,29.66,1001.04,91.04
2024-07-27 21:00:00,AWS_Chennai_001,29.45,1001.11,92.81,1,drift_humidity,False,29.45,1001.11,92.81
2024-07-27 21:10:00,AWS_Chennai_001,28.65,1001.24,93.18,1,drift_humidity,False,28.65,1001.24,93.18
2024-07-27 21:20:00,AWS_Chennai_001,28.44,1001.04,92.56,1,drift_humidity,False,28.44,1001.04,92.56
2024-07-27 21:30:00,AWS_Chennai_001,28.39,1001.03,91.99,1,drift_humidity,False,28.39,1001.03,91.99
2024-07-27 21:40:00,AWS_Chennai_001,28.33,1000.98,90.91,1,drift_humidity,False,28.33,1000.98,90.91
2024-07-27 21:50:00,AWS_Chennai_001,28.85,1000.9,93.65,1,drift_humidity,False,28.85,1000.9,93.65
2024-07-27 22:00:00,AWS_Chennai_001,28.29,1001.01,95.05,1,drift_humidity,False,28.29,1001.01,95.05
2024-07-27 22:10:00,AWS_Chennai_001,28.5,1001.02,95.92,1,drift_humidity,False,28.5,1001.02,95.92
2024-07-27 22:20:00,AWS_Chennai_001,28.2,1001.23,94.3,1,drift_humidity,False,28.2,1001.23,94.3
2024-07-27 22:30:00,AWS_Chennai_001,27.98,1001.3,96.9,1,drift_humidity,False,27.98,1001.3,96.9
2024-07-27 22:40:00,AWS_Chennai_001,27.37,1001.19,98.43,1,drift_humidity,False,27.37,1001.19,98.43
2024-07-27 22:50:00,AWS_Chennai_001,27.1,1001.51,98.85,1,drift_humidity,False,27.1,1001.51,98.85
2024-07-27 23:00:00,AWS_Chennai_001,26.54,1001.74,101.2,1,drift_humidity,True,26.595,1001.6,95.8
2024-07-27 23:10:00,AWS_Chennai_001,26.09,1001.69,92.75,0,normal,False,26.09,1001.69,92.75
2024-07-27 23:20:00,AWS_Chennai_001,26.0,1001.77,95.2,0,normal,False,26.0,1001.77,95.2
2024-07-27 23:30:00,AWS_Chennai_001,25.44,1001.82,93.3,0,normal,False,25.44,1001.82,93.3
2024-07-27 23:40:00,AWS_Chennai_001,25.68,1001.8,93.05,0,normal,False,25.68,1001.8,93.05
2024-07-27 23:50:00,AWS_Chennai_001,25.91,1001.74,94.74,0,normal,False,25.91,1001.74,94.74
2024-07-28 00:00:00,AWS_Chennai_001,26.05,1001.87,92.17,0,normal,False,26.05,1001.87,92.17
2024-07-28 00:10:00,AWS_Chennai_001,26.02,1001.69,91.33,0,normal,False,26.02,1001.69,91.33
2024-07-28 00:20:00,AWS_Chennai_001,26.04,1001.58,89.6,0,normal,False,26.04,1001.58,89.6
2024-07-28 00:30:00,AWS_Chennai_001,25.77,1001.74,91.02,0,normal,False,25.77,1001.74,91.02
2024-07-28 00:40:00,AWS_Chennai_001,25.85,1001.96,93.38,0,normal,False,25.85,1001.96,93.38
2024-07-28 00:50:00,AWS_Chennai_001,25.26,1001.99,94.34,0,normal,False,25.26,1001.99,94.34
2024-07-28 01:00:00,AWS_Chennai_001,25.47,1002.15,95.28,0,normal,False,25.47,1002.15,95.28
2024-07-28 01:10:00,AWS_Chennai_001,25.45,1002.15,95.82,0,normal,False,25.45,1002.15,95.82
2024-07-28 01:20:00,AWS_Chennai_001,24.98,1002.38,96.71,0,normal,False,24.98,1002.38,96.71
2024-07-28 01:30:00,AWS_Chennai_001,25.16,1002.59,96.22,0,normal,False,25.16,1002.59,96.22
2024-07-28 01:40:00,AWS_Chennai_001,25.43,1002.59,94.35,0,normal,False,25.43,1002.59,94.35
2024-07-28 01:50:00,AWS_Chennai_001,25.33,1002.61,92.38,0,normal,False,25.33,1002.61,92.38
2024-07-28 02:00:00,AWS_Chennai_001,25.63,1002.46,95.24,0,normal,False,25.63,1002.46,95.24
2024-07-28 02:10:00,AWS_Chennai_001,25.52,1002.46,94.48,0,normal,False,25.52,1002.46,94.48
2024-07-28 02:20:00,AWS_Chennai_001,25.8,1002.66,97.39,0,normal,False,25.8,1002.66,97.39
2024-07-28 02:30:00,AWS_Chennai_001,25.41,1002.71,97.89,0,normal,False,25.41,1002.71,97.89
2024-07-28 02:40:00,AWS_Chennai_001,25.44,1002.59,97.42,0,normal,False,25.44,1002.59,97.42
2024-07-28 02:50:00,AWS_Chennai_001,25.26,1002.63,96.41,0,normal,False,25.26,1002.63,96.41
2024-07-28 03:00:00,AWS_Chennai_001,25.14,1002.79,93.7,0,normal,False,25.14,1002.79,93.7
2024-07-28 03:10:00,AWS_Chennai_001,24.94,1002.92,92.69,0,normal,False,24.94,1002.92,92.69
2024-07-28 03:20:00,AWS_Chennai_001,24.8,1002.97,93.21,0,normal,False,24.8,1002.97,93.21
2024-07-28 03:30:00,AWS_Chennai_001,24.88,1002.98,92.99,0,normal,False,24.88,1002.98,92.99
2024-07-28 03:40:00,AWS_Chennai_001,25.08,1002.87,93.46,0,normal,False,25.08,1002.87,93.46
2024-07-28 03:50:00,AWS_Chennai_001,25.11,1003.09,91.66,0,normal,False,25.11,1003.09,91.66
2024-07-28 04:00:00,AWS_Chennai_001,24.88,1002.85,93.22,0,normal,False,24.88,1002.85,93.22
2024-07-28 04:10:00,AWS_Chennai_001,25.08,1002.63,92.4,0,normal,False,25.08,1002.63,92.4
2024-07-28 04:20:00,AWS_Chennai_001,25.52,1002.82,91.64,0,normal,False,25.52,1002.82,91.64
2024-07-28 04:30:00,AWS_Chennai_001,25.32,1002.96,91.86,0,normal,False,25.32,1002.96,91.86
2024-07-28 04:40:00,AWS_Chennai_001,25.24,1002.91,92.0,0,normal,False,25.24,1002.91,92.0
2024-07-28 04:50:00,AWS_Chennai_001,24.86,1002.68,90.95,0,normal,False,24.86,1002.68,90.95
2024-07-28 05:00:00,AWS_Chennai_001,24.86,1002.56,91.03,0,normal,False,24.86,1002.56,91.03
2024-07-28 05:10:00,AWS_Chennai_001,25.17,1002.72,90.99,0,normal,False,25.17,1002.72,90.99
2024-07-28 05:20:00,AWS_Chennai_001,24.95,1002.62,90.77,0,normal,False,24.95,1002.62,90.77
2024-07-28 05:30:00,AWS_Chennai_001,25.08,1002.55,90.98,0,normal,False,25.08,1002.55,90.98
2024-07-28 05:40:00,AWS_Chennai_001,25.34,1002.49,93.57,0,normal,False,25.34,1002.49,93.57
2024-07-28 05:50:00,AWS_Chennai_001,25.21,1002.39,92.21,0,normal,False,25.21,1002.39,92.21
2024-07-28 06:00:00,AWS_Chennai_001,25.67,1002.09,92.36,0,normal,False,25.67,1002.09,92.36
2024-07-28 06:10:00,AWS_Chennai_001,25.57,1001.96,93.65,0,normal,False,25.57,1001.96,93.65
2024-07-28 06:20:00,AWS_Chennai_001,25.88,1002.02,93.06,0,normal,False,25.88,1002.02,93.06
2024-07-28 06:30:00,AWS_Chennai_001,26.42,1002.28,92.41,0,normal,False,26.42,1002.28,92.41
2024-07-28 06:40:00,AWS_Chennai_001,27.04,1002.1,88.99,0,normal,False,27.04,1002.1,88.99
2024-07-28 06:50:00,AWS_Chennai_001,27.3,1002.07,90.38,0,normal,False,27.3,1002.07,90.38
2024-07-28 07:00:00,AWS_Chennai_001,27.8,1001.94,89.0,0,normal,False,27.8,1001.94,89.0
2024-07-28 07:10:00,AWS_Chennai_001,28.52,1002.06,89.36,0,normal,False,28.52,1002.06,89.36
2024-07-28 07:20:00,AWS_Chennai_001,28.83,1001.91,88.0,0,normal,False,28.83,1001.91,88.0
2024-07-28 07:30:00,AWS_Chennai_001,28.61,1001.76,86.14,0,normal,False,28.61,1001.76,86.14
2024-07-28 07:40:00,AWS_Chennai_001,29.09,1001.75,86.32,0,normal,False,29.09,1001.75,86.32
2024-07-28 07:50:00,AWS_Chennai_001,29.29,1001.8,86.05,0,normal,False,29.29,1001.8,86.05
2024-07-28 08:00:00,AWS_Chennai_001,29.29,1001.67,86.94,0,normal,False,29.29,1001.67,86.94
2024-07-28 08:10:00,AWS_Chennai_001,30.33,1001.67,87.8,0,normal,False,30.33,1001.67,87.8
2024-07-28 08:20:00,AWS_Chennai_001,30.4,1001.43,86.47,0,normal,False,30.4,1001.43,86.47
2024-07-28 08:30:00,AWS_Chennai_001,30.93,1001.52,85.93,0,normal,False,30.93,1001.52,85.93
2024-07-28 08:40:00,AWS_Chennai_001,31.05,1001.29,85.23,0,normal,False,31.05,1001.29,85.23
2024-07-28 08:50:00,AWS_Chennai_001,30.92,1001.13,85.4,0,normal,False,30.92,1001.13,85.4
2024-07-28 09:00:00,AWS_Chennai_001,31.42,1001.16,85.85,0,normal,False,31.42,1001.16,85.85
2024-07-28 09:10:00,AWS_Chennai_001,32.08,1001.25,86.54,0,normal,False,32.08,1001.25,86.54
2024-07-28 09:20:00,AWS_Chennai_001,32.25,1001.05,83.51,0,normal,False,32.25,1001.05,83.51
2024-07-28 09:30:00,AWS_Chennai_001,32.91,1001.22,84.08,0,normal,False,32.91,1001.22,84.08
2024-07-28 09:40:00,AWS_Chennai_001,33.46,1001.29,84.62,0,normal,False,33.46,1001.29,84.62
2024-07-28 09:50:00,AWS_Chennai_001,33.09,1001.11,83.31,0,normal,False,33.09,1001.11,83.31
2024-07-28 10:00:00,AWS_Chennai_001,33.37,1001.07,82.78,0,normal,False,33.37,1001.07,82.78
2024-07-28 10:10:00,AWS_Chennai_001,33.91,1001.19,82.95,0,normal,False,33.91,1001.19,82.95
2024-07-28 10:20:00,AWS_Chennai_001,33.65,1001.47,81.45,0,normal,False,33.65,1001.47,81.45
2024-07-28 10:30:00,AWS_Chennai_001,34.08,1001.71,79.47,0,normal,False,34.08,1001.71,79.47
2024-07-28 10:40:00,AWS_Chennai_001,34.11,1001.76,78.53,0,normal,False,34.11,1001.76,78.53
2024-07-28 10:50:00,AWS_Chennai_001,34.38,1001.61,79.67,0,normal,False,34.38,1001.61,79.67
2024-07-28 11:00:00,AWS_Chennai_001,34.13,1001.52,78.49,0,normal,False,34.13,1001.52,78.49
2024-07-28 11:10:00,AWS_Chennai_001,33.83,1001.44,79.35,0,normal,False,33.83,1001.44,79.35
2024-07-28 11:20:00,AWS_Chennai_001,33.97,1001.54,77.43,0,normal,False,33.97,1001.54,77.43
2024-07-28 11:30:00,AWS_Chennai_001,34.46,1001.85,75.93,0,normal,False,34.46,1001.85,75.93
2024-07-28 11:40:00,AWS_Chennai_001,34.39,1002.0,76.09,0,normal,False,34.39,1002.0,76.09
2024-07-28 11:50:00,AWS_Chennai_001,34.38,1002.15,74.03,0,normal,False,34.38,1002.15,74.03
2024-07-28 12:00:00,AWS_Chennai_001,34.78,1001.95,75.32,0,normal,False,34.78,1001.95,75.32
2024-07-28 12:10:00,AWS_Chennai_001,35.13,1001.93,75.41,0,normal,False,35.13,1001.93,75.41
2024-07-28 12:20:00,AWS_Chennai_001,34.81,1002.34,75.18,0,normal,False,34.81,1002.34,75.18
2024-07-28 12:30:00,AWS_Chennai_001,34.56,1002.31,75.13,0,normal,False,34.56,1002.31,75.13
2024-07-28 12:40:00,AWS_Chennai_001,34.81,1002.42,75.72,0,normal,False,34.81,1002.42,75.72
2024-07-28 12:50:00,AWS_Chennai_001,35.04,1002.48,76.01,0,normal,False,35.04,1002.48,76.01
2024-07-28 13:00:00,AWS_Chennai_001,34.51,1002.67,74.77,0,normal,False,34.51,1002.67,74.77
2024-07-28 13:10:00,AWS_Chennai_001,34.6,1002.81,73.57,0,normal,False,34.6,1002.81,73.57
2024-07-28 13:20:00,AWS_Chennai_001,34.43,1002.63,72.21,0,normal,False,34.43,1002.63,72.21
2024-07-28 13:30:00,AWS_Chennai_001,35.19,1002.92,74.92,0,normal,False,35.19,1002.92,74.92
2024-07-28 13:40:00,AWS_Chennai_001,35.11,1003.06,74.82,0,normal,False,35.11,1003.06,74.82
2024-07-28 13:50:00,AWS_Chennai_001,35.22,1003.07,74.46,0,normal,False,35.22,1003.07,74.46
2024-07-28 14:00:00,AWS_Chennai_001,35.07,1003.36,74.76,0,normal,False,35.07,1003.36,74.76
2024-07-28 14:10:00,AWS_Chennai_001,35.01,1003.33,76.37,0,normal,False,35.01,1003.33,76.37
2024-07-28 14:20:00,AWS_Chennai_001,34.98,1003.07,76.07,0,normal,False,34.98,1003.07,76.07
2024-07-28 14:30:00,AWS_Chennai_001,35.39,1003.18,74.39,0,normal,False,35.39,1003.18,74.39
2024-07-28 14:40:00,AWS_Chennai_001,35.12,1003.47,74.12,0,normal,False,35.12,1003.47,74.12
2024-07-28 14:50:00,AWS_Chennai_001,34.88,1003.47,76.32,0,normal,False,34.88,1003.47,76.32
2024-07-28 15:00:00,AWS_Chennai_001,34.56,1003.49,77.14,0,normal,False,34.56,1003.49,77.14
2024-07-28 15:10:00,AWS_Chennai_001,34.25,1003.51,78.4,0,normal,False,34.25,1003.51,78.4
2024-07-28 15:20:00,AWS_Chennai_001,33.67,1003.44,78.51,0,normal,False,33.67,1003.44,78.51
2024-07-28 15:30:00,AWS_Chennai_001,33.54,1003.4,77.14,0,normal,False,33.54,1003.4,77.14
2024-07-28 15:40:00,AWS_Chennai_001,33.61,1005.17,78.09,1,noise_burst_pressure,True,33.266666666666666,1003.2833333333333,77.01
2024-07-28 15:50:00,AWS_Chennai_001,33.21,988.77,77.89,1,noise_burst_pressure,True,32.99333333333333,1003.1666666666666,76.88
2024-07-28 16:00:00,AWS_Chennai_001,32.72,1003.05,76.75,1,noise_burst_pressure,False,32.72,1003.05,76.75
2024-07-28 16:10:00,AWS_Chennai_001,32.02,996.29,75.69,1,noise_burst_pressure,True,32.64,1001.9833333333333,76.57333333333334
2024-07-28 16:20:00,AWS_Chennai_001,32.56,1004.34,76.52,1,noise_burst_pressure,True,32.559999999999995,1000.9166666666666,76.39666666666666
2024-07-28 16:30:00,AWS_Chennai_001,32.48,999.85,76.22,1,noise_burst_pressure,False,32.48,999.85,76.22
2024-07-28 16:40:00,AWS_Chennai_001,32.66,1014.4,76.5,1,noise_burst_pressure,True,32.501999999999995,1000.464,77.386
2024-07-28 16:50:00,AWS_Chennai_001,32.73,1007.97,76.38,1,noise_burst_pressure,True,32.524,1001.078,78.55199999999999
2024-07-28 17:00:00,AWS_Chennai_001,32.42,1006.13,78.36,1,noise_burst_pressure,True,32.546,1001.692,79.718
2024-07-28 17:10:00,AWS_Chennai_001,32.3,1002.99,83.42,0,normal,True,32.568000000000005,1002.3059999999999,80.884
2024-07-28 17:20:00,AWS_Chennai_001,32.59,1002.92,82.05,0,normal,False,32.59,1002.92,82.05
2024-07-28 17:30:00,AWS_Chennai_001,32.17,1002.88,81.48,0,normal,False,32.17,1002.88,81.48
2024-07-28 17:40:00,AWS_Chennai_001,32.28,1002.82,82.05,0,normal,False,32.28,1002.82,82.05
2024-07-28 17:50:00,AWS_Chennai_001,32.35,1002.48,80.9,0,normal,False,32.35,1002.48,80.9
2024-07-28 18:00:00,AWS_Chennai_001,32.13,1002.33,80.37,0,normal,False,32.13,1002.33,80.37
2024-07-28 18:10:00,AWS_Chennai_001,31.31,1002.32,81.7,0,normal,False,31.31,1002.32,81.7
2024-07-28 18:20:00,AWS_Chennai_001,30.82,1002.11,84.37,0,normal,False,30.82,1002.11,84.37
2024-07-28 18:30:00,AWS_Chennai_001,29.81,1001.98,82.59,0,normal,False,29.81,1001.98,82.59
2024-07-28 18:40:00,AWS_Chennai_001,29.16,1001.83,84.82,0,normal,False,29.16,1001.83,84.82
2024-07-28 18:50:00,AWS_Chennai_001,28.63,1001.7,84.81,0,normal,False,28.63,1001.7,84.81
2024-07-28 19:00:00,AWS_Chennai_001,28.23,1001.56,86.14,0,normal,False,28.23,1001.56,86.14
2024-07-28 19:10:00,AWS_Chennai_001,27.98,1001.49,89.29,0,normal,False,27.98,1001.49,89.29
2024-07-28 19:20:00,AWS_Chennai_001,28.4,1001.29,90.7,0,normal,False,28.4,1001.29,90.7
2024-07-28 19:30:00,AWS_Chennai_001,28.07,1001.57,93.17,0,normal,False,28.07,1001.57,93.17
2024-07-28 19:40:00,AWS_Chennai_001,27.41,1001.68,92.57,0,normal,False,27.41,1001.68,92.57
2024-07-28 19:50:00,AWS_Chennai_001,27.79,1001.74,95.28,0,normal,False,27.79,1001.74,95.28
2024-07-28 20:00:00,AWS_Chennai_001,27.56,1001.69,96.16,0,normal,False,27.56,1001.69,96.16
2024-07-28 20:10:00,AWS_Chennai_001,27.05,1001.7,96.86,0,normal,False,27.05,1001.7,96.86
2024-07-28 20:20:00,AWS_Chennai_001,26.74,1001.24,96.98,0,normal,False,26.74,1001.24,96.98
2024-07-28 20:30:00,AWS_Chennai_001,26.98,1001.26,96.79,0,normal,False,26.98,1001.26,96.79
2024-07-28 20:40:00,AWS_Chennai_001,26.9,1001.33,95.5,0,normal,False,26.9,1001.33,95.5
2024-07-28 20:50:00,AWS_Chennai_001,26.55,1001.31,97.64,0,normal,False,26.55,1001.31,97.64
2024-07-28 21:00:00,AWS_Chennai_001,26.29,1001.19,100.0,0,normal,False,26.29,1001.19,100.0
2024-07-28 21:10:00,AWS_Chennai_001,26.37,1000.95,100.0,0,normal,False,26.37,1000.95,100.0
2024-07-28 21:20:00,AWS_Chennai_001,26.35,1001.1,97.74,0,normal,False,26.35,1001.1,97.74
2024-07-28 21:30:00,AWS_Chennai_001,26.14,1001.37,97.91,0,normal,False,26.14,1001.37,97.91
2024-07-28 21:40:00,AWS_Chennai_001,25.9,1001.59,98.18,0,normal,False,25.9,1001.59,98.18
2024-07-28 21:50:00,AWS_Chennai_001,25.12,1001.63,97.4,0,normal,False,25.12,1001.63,97.4
2024-07-28 22:00:00,AWS_Chennai_001,25.44,1001.82,99.08,0,normal,False,25.44,1001.82,99.08
2024-07-28 22:10:00,AWS_Chennai_001,25.75,1001.94,99.87,0,normal,False,25.75,1001.94,99.87
2024-07-28 22:20:00,AWS_Chennai_001,25.46,1002.0,98.64,0,normal,False,25.46,1002.0,98.64
2024-07-28 22:30:00,AWS_Chennai_001,26.19,1001.94,96.45,0,normal,False,26.19,1001.94,96.45
2024-07-28 22:40:00,AWS_Chennai_001,25.56,1001.78,94.82,0,normal,False,25.56,1001.78,94.82
2024-07-28 22:50:00,AWS_Chennai_001,25.42,1001.73,94.09,0,normal,False,25.42,1001.73,94.09
2024-07-28 23:00:00,AWS_Chennai_001,25.51,1001.74,93.99,0,normal,False,25.51,1001.74,93.99
2024-07-28 23:10:00,AWS_Chennai_001,25.83,1001.7,93.67,0,normal,False,25.83,1001.7,93.67
2024-07-28 23:20:00,AWS_Chennai_001,25.59,1001.95,94.14,0,normal,False,25.59,1001.95,94.14
2024-07-28 23:30:00,AWS_Chennai_001,25.66,1001.82,94.57,0,normal,False,25.66,1001.82,94.57
2024-07-28 23:40:00,AWS_Chennai_001,25.96,1001.71,93.65,0,normal,False,25.96,1001.71,93.65
2024-07-28 23:50:00,AWS_Chennai_001,25.59,1001.58,92.92,0,normal,False,25.59,1001.58,92.92
2024-07-29 00:00:00,AWS_Chennai_001,25.75,1001.59,96.09,0,normal,False,25.75,1001.59,96.09
2024-07-29 00:10:00,AWS_Chennai_001,25.55,1001.73,95.42,0,normal,False,25.55,1001.73,95.42
2024-07-29 00:20:00,AWS_Chennai_001,25.39,1001.56,95.3,0,normal,False,25.39,1001.56,95.3
2024-07-29 00:30:00,AWS_Chennai_001,25.6,1001.74,95.64,0,normal,False,25.6,1001.74,95.64
2024-07-29 00:40:00,AWS_Chennai_001,25.87,1001.79,96.13,0,normal,False,25.87,1001.79,96.13
2024-07-29 00:50:00,AWS_Chennai_001,25.67,1001.94,97.0,0,normal,False,25.67,1001.94,97.0
2024-07-29 01:00:00,AWS_Chennai_001,25.74,1002.22,99.28,0,normal,False,25.74,1002.22,99.28
2024-07-29 01:10:00,AWS_Chennai_001,25.39,1002.41,98.0,0,normal,False,25.39,1002.41,98.0
2024-07-29 01:20:00,AWS_Chennai_001,25.23,1002.26,97.87,0,normal,False,25.23,1002.26,97.87
2024-07-29 01:30:00,AWS_Chennai_001,24.82,1002.57,98.57,0,normal,False,24.82,1002.57,98.57
2024-07-29 01:40:00,AWS_Chennai_001,24.96,1002.53,100.0,0,normal,False,24.96,1002.53,100.0
2024-07-29 01:50:00,AWS_Chennai_001,24.67,1002.49,98.37,0,normal,False,24.67,1002.49,98.37
2024-07-29 02:00:00,AWS_Chennai_001,24.55,1002.4,97.7,0,normal,False,24.55,1002.4,97.7
2024-07-29 02:10:00,AWS_Chennai_001,24.5,1002.56,99.72,0,normal,False,24.5,1002.56,99.72
2024-07-29 02:20:00,AWS_Chennai_001,24.48,1002.84,100.0,0,normal,False,24.48,1002.84,100.0
2024-07-29 02:30:00,AWS_Chennai_001,24.63,1003.0,100.0,0,normal,False,24.63,1003.0,100.0
2024-07-29 02:40:00,AWS_Chennai_001,24.41,1003.22,100.0,0,normal,False,24.41,1003.22,100.0
2024-07-29 02:50:00,AWS_Chennai_001,24.62,1003.3,100.0,0,normal,False,24.62,1003.3,100.0
2024-07-29 03:00:00,AWS_Chennai_001,24.89,1003.39,100.0,0,normal,False,24.89,1003.39,100.0
2024-07-29 03:10:00,AWS_Chennai_001,24.71,1003.18,97.28,0,normal,False,24.71,1003.18,97.28
2024-07-29 03:20:00,AWS_Chennai_001,24.46,1003.18,96.71,0,normal,False,24.46,1003.18,96.71
2024-07-29 03:30:00,AWS_Chennai_001,24.3,1003.31,93.72,0,normal,False,24.3,1003.31,93.72
2024-07-29 03:40:00,AWS_Chennai_001,23.63,1003.35,95.72,0,normal,False,23.63,1003.35,95.72
2024-07-29 03:50:00,AWS_Chennai_001,23.88,1003.31,96.09,0,normal,False,23.88,1003.31,96.09
2024-07-29 04:00:00,AWS_Chennai_001,24.15,1003.26,94.78,0,normal,False,24.15,1003.26,94.78
2024-07-29 04:10:00,AWS_Chennai_001,24.46,1002.94,95.18,0,normal,False,24.46,1002.94,95.18
2024-07-29 04:20:00,AWS_Chennai_001,24.57,1002.83,96.32,0,normal,False,24.57,1002.83,96.32
2024-07-29 04:30:00,AWS_Chennai_001,24.72,1002.66,93.18,0,normal,False,24.72,1002.66,93.18
2024-07-29 04:40:00,AWS_Chennai_001,24.59,1002.65,92.87,0,normal,False,24.59,1002.65,92.87
2024-07-29 04:50:00,AWS_Chennai_001,24.81,1002.77,94.16,0,normal,False,24.81,1002.77,94.16
2024-07-29 05:00:00,AWS_Chennai_001,24.79,1002.63,95.71,0,normal,False,24.79,1002.63,95.71
2024-07-29 05:10:00,AWS_Chennai_001,25.38,1002.66,96.98,0,normal,False,25.38,1002.66,96.98
2024-07-29 05:20:00,AWS_Chennai_001,25.72,1002.87,100.0,0,normal,False,25.72,1002.87,100.0
2024-07-29 05:30:00,AWS_Chennai_001,25.78,1002.91,95.79,0,normal,False,25.78,1002.91,95.79
2024-07-29 05:40:00,AWS_Chennai_001,25.91,1002.92,92.6,0,normal,False,25.91,1002.92,92.6
2024-07-29 05:50:00,AWS_Chennai_001,26.58,1002.81,93.86,0,normal,False,26.58,1002.81,93.86
2024-07-29 06:00:00,AWS_Chennai_001,26.07,1002.54,95.24,0,normal,False,26.07,1002.54,95.24
2024-07-29 06:10:00,AWS_Chennai_001,26.32,1002.54,95.47,0,normal,False,26.32,1002.54,95.47
2024-07-29 06:20:00,AWS_Chennai_001,26.6,1002.8,95.96,0,normal,False,26.6,1002.8,95.96
2024-07-29 06:30:00,AWS_Chennai_001,27.04,1002.52,97.53,0,normal,False,27.04,1002.52,97.53
2024-07-29 06:40:00,AWS_Chennai_001,27.63,1001.98,97.57,0,normal,False,27.63,1001.98,97.57
2024-07-29 06:50:00,AWS_Chennai_001,27.85,1001.82,99.59,0,normal,False,27.85,1001.82,99.59
2024-07-29 07:00:00,AWS_Chennai_001,27.92,1001.83,96.88,0,normal,False,27.92,1001.83,96.88
2024-07-29 07:10:00,AWS_Chennai_001,28.11,1001.63,97.8,0,normal,False,28.11,1001.63,97.8
2024-07-29 07:20:00,AWS_Chennai_001,28.47,1001.36,97.28,0,normal,False,28.47,1001.36,97.28
2024-07-29 07:30:00,AWS_Chennai_001,28.98,1001.17,95.7,0,normal,False,28.98,1001.17,95.7
2024-07-29 07:40:00,AWS_Chennai_001,29.14,1001.19,95.46,0,normal,False,29.14,1001.19,95.46
2024-07-29 07:50:00,AWS_Chennai_001,29.81,1001.06,96.59,0,normal,False,29.81,1001.06,96.59
2024-07-29 08:00:00,AWS_Chennai_001,30.18,1001.26,96.99,0,normal,False,30.18,1001.26,96.99
2024-07-29 08:10:00,AWS_Chennai_001,30.39,1001.19,97.56,0,normal,False,30.39,1001.19,97.56
2024-07-29 08:20:00,AWS_Chennai_001,30.87,1001.33,96.18,0,normal,False,30.87,1001.33,96.18
2024-07-29 08:30:00,AWS_Chennai_001,30.66,1001.31,96.85,0,normal,False,30.66,1001.31,96.85
2024-07-29 08:40:00,AWS_Chennai_001,30.62,1001.27,98.47,0,normal,False,30.62,1001.27,98.47
2024-07-29 08:50:00,AWS_Chennai_001,30.5,1001.28,96.69,0,normal,False,30.5,1001.28,96.69
2024-07-29 09:00:00,AWS_Chennai_001,30.62,1001.27,97.01,0,normal,False,30.62,1001.27,97.01
2024-07-29 09:10:00,AWS_Chennai_001,30.49,1001.29,98.75,0,normal,False,30.49,1001.29,98.75
2024-07-29 09:20:00,AWS_Chennai_001,31.27,1001.36,98.05,0,normal,False,31.27,1001.36,98.05
2024-07-29 09:30:00,AWS_Chennai_001,30.48,1000.94,97.15,0,normal,False,30.48,1000.94,97.15
2024-07-29 09:40:00,AWS_Chennai_001,30.58,1000.53,97.14,0,normal,False,30.58,1000.53,97.14
2024-07-29 09:50:00,AWS_Chennai_001,31.0,1000.59,95.7,0,normal,False,31.0,1000.59,95.7
2024-07-29 10:00:00,AWS_Chennai_001,31.06,1000.85,95.85,0,normal,False,31.06,1000.85,95.85
2024-07-29 10:10:00,AWS_Chennai_001,31.28,1000.78,93.26,0,normal,False,31.28,1000.78,93.26
2024-07-29 10:20:00,AWS_Chennai_001,31.67,1000.96,92.65,0,normal,False,31.67,1000.96,92.65
2024-07-29 10:30:00,AWS_Chennai_001,31.66,1000.85,91.65,0,normal,False,31.66,1000.85,91.65
2024-07-29 10:40:00,AWS_Chennai_001,31.89,1001.03,89.82,0,normal,False,31.89,1001.03,89.82
2024-07-29 10:50:00,AWS_Chennai_001,32.23,1001.44,90.2,0,normal,False,32.23,1001.44,90.2
2024-07-29 11:00:00,AWS_Chennai_001,32.21,1001.39,88.41,0,normal,False,32.21,1001.39,88.41
2024-07-29 11:10:00,AWS_Chennai_001,32.24,1001.51,88.98,0,normal,False,32.24,1001.51,88.98
2024-07-29 11:20:00,AWS_Chennai_001,32.23,1001.82,88.22,0,normal,False,32.23,1001.82,88.22
2024-07-29 11:30:00,AWS_Chennai_001,33.02,1002.2,85.74,0,normal,False,33.02,1002.2,85.74
2024-07-29 11:40:00,AWS_Chennai_001,33.76,1002.09,85.33,0,normal,False,33.76,1002.09,85.33
2024-07-29 11:50:00,AWS_Chennai_001,33.65,1002.24,83.98,0,normal,False,33.65,1002.24,83.98
2024-07-29 12:00:00,AWS_Chennai_001,33.87,1002.26,82.49,0,normal,False,33.87,1002.26,82.49
2024-07-29 12:10:00,AWS_Chennai_001,33.83,1002.61,81.51,0,normal,False,33.83,1002.61,81.51
2024-07-29 12:20:00,AWS_Chennai_001,34.3,1002.47,81.52,0,normal,False,34.3,1002.47,81.52
2024-07-29 12:30:00,AWS_Chennai_001,34.5,1002.59,80.92,0,normal,False,34.5,1002.59,80.92
2024-07-29 12:40:00,AWS_Chennai_001,34.77,1002.76,79.81,0,normal,False,34.77,1002.76,79.81
2024-07-29 12:50:00,AWS_Chennai_001,35.19,1002.69,76.09,0,normal,False,35.19,1002.69,76.09
2024-07-29 13:00:00,AWS_Chennai_001,35.72,1002.51,77.24,0,normal,False,35.72,1002.51,77.24
2024-07-29 13:10:00,AWS_Chennai_001,35.52,1002.5,79.04,0,normal,False,35.52,1002.5,79.04
2024-07-29 13:20:00,AWS_Chennai_001,35.87,1002.62,78.31,0,normal,False,35.87,1002.62,78.31
2024-07-29 13:30:00,AWS_Chennai_001,36.53,1002.91,75.94,0,normal,False,36.53,1002.91,75.94
2024-07-29 13:40:00,AWS_Chennai_001,36.92,1002.6,76.53,0,normal,False,36.92,1002.6,76.53
2024-07-29 13:50:00,AWS_Chennai_001,37.14,1002.43,75.89,0,normal,False,37.14,1002.43,75.89
2024-07-29 14:00:00,AWS_Chennai_001,36.47,1002.44,78.81,0,normal,False,36.47,1002.44,78.81
2024-07-29 14:10:00,AWS_Chennai_001,36.41,1002.43,75.99,0,normal,False,36.41,1002.43,75.99
2024-07-29 14:20:00,AWS_Chennai_001,36.59,1002.54,72.77,0,normal,False,36.59,1002.54,72.77
2024-07-29 14:30:00,AWS_Chennai_001,36.7,1002.64,71.31,0,normal,False,36.7,1002.64,71.31
2024-07-29 14:40:00,AWS_Chennai_001,36.31,1002.42,70.52,0,normal,False,36.31,1002.42,70.52
2024-07-29 14:50:00,AWS_Chennai_001,36.21,1002.6,70.3,0,normal,False,36.21,1002.6,70.3
2024-07-29 15:00:00,AWS_Chennai_001,35.78,1002.79,70.15,0,normal,False,35.78,1002.79,70.15
2024-07-29 15:10:00,AWS_Chennai_001,35.27,1002.89,72.48,0,normal,False,35.27,1002.89,72.48
2024-07-29 15:20:00,AWS_Chennai_001,35.41,1003.03,75.2,0,normal,False,35.41,1003.03,75.2
2024-07-29 15:30:00,AWS_Chennai_001,35.13,1003.09,75.35,0,normal,False,35.13,1003.09,75.35
2024-07-29 15:40:00,AWS_Chennai_001,35.09,1003.25,75.51,0,normal,False,35.09,1003.25,75.51
2024-07-29 15:50:00,AWS_Chennai_001,35.23,1003.36,76.88,0,normal,False,35.23,1003.36,76.88
2024-07-29 16:00:00,AWS_Chennai_001,35.31,1003.38,76.4,0,normal,False,35.31,1003.38,76.4
2024-07-29 16:10:00,AWS_Chennai_001,34.93,1003.31,77.44,0,normal,False,34.93,1003.31,77.44
2024-07-29 16:20:00,AWS_Chennai_001,35.23,1003.19,77.87,0,normal,False,35.23,1003.19,77.87
2024-07-29 16:30:00,AWS_Chennai_001,34.82,1003.08,79.92,0,normal,False,34.82,1003.08,79.92
2024-07-29 16:40:00,AWS_Chennai_001,34.57,1003.03,82.83,0,normal,False,34.57,1003.03,82.83
2024-07-29 16:50:00,AWS_Chennai_001,34.03,1003.11,83.85,0,normal,False,34.03,1003.11,83.85
2024-07-29 17:00:00,AWS_Chennai_001,34.08,1002.95,82.09,0,normal,False,34.08,1002.95,82.09
2024-07-29 17:10:00,AWS_Chennai_001,34.33,1002.57,82.19,0,normal,False,34.33,1002.57,82.19
2024-07-29 17:20:00,AWS_Chennai_001,33.92,1002.58,79.92,0,normal,False,33.92,1002.58,79.92
2024-07-29 17:30:00,AWS_Chennai_001,33.3,1002.33,80.89,0,normal,False,33.3,1002.33,80.89
2024-07-29 17:40:00,AWS_Chennai_001,32.61,1002.02,83.08,0,normal,False,32.61,1002.02,83.08
2024-07-29 17:50:00,AWS_Chennai_001,32.68,1002.05,79.77,0,normal,False,32.68,1002.05,79.77
2024-07-29 18:00:00,AWS_Chennai_001,31.76,1001.81,78.32,0,normal,False,31.76,1001.81,78.32
2024-07-29 18:10:00,AWS_Chennai_001,31.54,1001.7,79.6,0,normal,False,31.54,1001.7,79.6
2024-07-29 18:20:00,AWS_Chennai_001,30.98,1001.31,78.19,0,normal,False,30.98,1001.31,78.19
2024-07-29 18:30:00,AWS_Chennai_001,30.75,1001.49,79.96,0,normal,False,30.75,1001.49,79.96
2024-07-29 18:40:00,AWS_Chennai_001,30.36,1001.5,80.9,0,normal,False,30.36,1001.5,80.9
2024-07-29 18:50:00,AWS_Chennai_001,30.11,1001.35,81.15,0,normal,False,30.11,1001.35,81.15
2024-07-29 19:00:00,AWS_Chennai_001,29.73,1001.27,79.49,0,normal,False,29.73,1001.27,79.49
2024-07-29 19:10:00,AWS_Chennai_001,29.46,1001.08,78.94,1,drift_temperature,False,29.46,1001.08,78.94
2024-07-29 19:20:00,AWS_Chennai_001,30.2,1001.28,82.9,1,drift_temperature,False,30.2,1001.28,82.9
2024-07-29 19:30:00,AWS_Chennai_001,31.37,1001.34,84.3,1,drift_temperature,False,31.37,1001.34,84.3
2024-07-29 19:40:00,AWS_Chennai_001,32.49,1001.3,86.13,1,drift_temperature,False,32.49,1001.3,86.13
2024-07-29 19:50:00,AWS_Chennai_001,33.81,1001.24,87.96,1,drift_temperature,True,33.46555555555556,1001.28,86.40444444444444
2024-07-29 20:00:00,AWS_Chennai_001,35.04,1001.43,90.64,1,drift_temperature,True,34.44111111111111,1001.26,86.67888888888888
2024-07-29 20:10:00,AWS_Chennai_001,36.16,1001.28,90.44,1,drift_temperature,True,35.41666666666667,1001.24,86.95333333333333
2024-07-29 20:20:00,AWS_Chennai_001,37.48,1001.0,90.52,1,drift_temperature,True,36.39222222222222,1001.22,87.22777777777777
2024-07-29 20:30:00,AWS_Chennai_001,38.61,1001.01,88.73,1,drift_temperature,True,37.36777777777778,1001.1999999999999,87.50222222222222
2024-07-29 20:40:00,AWS_Chennai_001,39.3,1001.19,91.1,1,drift_temperature,True,38.343333333333334,1001.18,87.77666666666666
2024-07-29 20:50:00,AWS_Chennai_001,39.68,1001.13,88.98,1,drift_temperature,True,39.57105402163481,1001.2789939149956,91.44917997971724
2024-07-29 21:00:00,AWS_Chennai_001,40.63,1000.98,89.34,1,drift_temperature,True,40.44448895168847,1001.2201736058872,90.31067326357555
2024-07-29 21:10:00,AWS_Chennai_001,41.27,1001.12,88.6,1,drift_temperature,False,41.27,1001.12,88.6
2024-07-29 21:20:00,AWS_Chennai_001,41.98,1000.98,86.76,1,drift_temperature,False,41.98,1000.98,86.76
2024-07-29 21:30:00,AWS_Chennai_001,42.53,1000.84,86.71,1,drift_temperature,False,42.53,1000.84,86.71
2024-07-29 21:40:00,AWS_Chennai_001,43.14,1000.74,88.59,1,drift_temperature,False,43.14,1000.74,88.59
2024-07-29 21:50:00,AWS_Chennai_001,44.52,1000.53,90.87,1,drift_temperature,True,40.306666666666665,1000.755,89.11500000000001
2024-07-29 22:00:00,AWS_Chennai_001,45.56,1000.7,93.89,1,drift_temperature,True,37.473333333333336,1000.77,89.64
2024-07-29 22:10:00,AWS_Chennai_001,46.69,1000.39,93.55,1,drift_temperature,True,34.64,1000.7850000000001,90.16499999999999
2024-07-29 22:20:00,AWS_Chennai_001,26.99,1000.5,93.37,0,normal,True,31.806666666666665,1000.8000000000001,90.69
2024-07-29 22:30:00,AWS_Chennai_001,26.4,1000.8,91.96,0,normal,True,28.973333333333333,1000.815,91.215
2024-07-29 22:40:00,AWS_Chennai_001,26.14,1000.83,91.74,0,normal,False,26.14,1000.83,91.74
2024-07-29 22:50:00,AWS_Chennai_001,26.09,1000.68,90.96,0,normal,False,26.09,1000.68,90.96
2024-07-29 23:00:00,AWS_Chennai_001,25.89,1000.71,91.57,0,normal,False,25.89,1000.71,91.57
2024-07-29 23:10:00,AWS_Chennai_001,25.84,1000.93,92.84,0,normal,False,25.84,1000.93,92.84
2024-07-29 23:20:00,AWS_Chennai_001,25.61,1001.01,91.09,0,normal,False,25.61,1001.01,91.09
2024-07-29 23:30:00,AWS_Chennai_001,25.65,1000.98,92.09,0,normal,False,25.65,1000.98,92.09
2024-07-29 23:40:00,AWS_Chennai_001,25.1,1000.83,92.0,0,normal,False,25.1,1000.83,92.0
2024-07-29 23:50:00,AWS_Chennai_001,25.28,1001.12,91.48,0,normal,False,25.28,1001.12,91.48
2024-07-30 00:00:00,AWS_Chennai_001,25.01,1001.21,90.95,0,normal,False,25.01,1001.21,90.95
2024-07-30 00:10:00,AWS_Chennai_001,24.72,1001.27,91.08,0,normal,False,24.72,1001.27,91.08
2024-07-30 00:20:00,AWS_Chennai_001,24.21,1001.6,90.98,0,normal,False,24.21,1001.6,90.98
2024-07-30 00:30:00,AWS_Chennai_001,24.24,1001.59,90.74,0,normal,False,24.24,1001.59,90.74
2024-07-30 00:40:00,AWS_Chennai_001,23.91,947.79,91.62,1,spike_pressure,True,23.98,1001.6833333333334,91.64666666666666
2024-07-30 00:50:00,AWS_Chennai_001,23.79,1001.74,90.96,0,normal,True,23.72,1001.7766666666666,92.55333333333333
2024-07-30 01:00:00,AWS_Chennai_001,23.46,1001.87,93.46,0,normal,False,23.46,1001.87,93.46
2024-07-30 01:10:00,AWS_Chennai_001,23.43,1002.03,93.02,0,normal,False,23.43,1002.03,93.02
2024-07-30 01:20:00,AWS_Chennai_001,23.76,1002.01,93.35,0,normal,False,23.76,1002.01,93.35
2024-07-30 01:30:00,AWS_Chennai_001,24.27,1002.14,91.68,0,normal,False,24.27,1002.14,91.68
2024-07-30 01:40:00,AWS_Chennai_001,24.37,1002.16,91.82,0,normal,False,24.37,1002.16,91.82
2024-07-30 01:50:00,AWS_Chennai_001,24.59,1002.28,92.01,0,normal,False,24.59,1002.28,92.01
2024-07-30 02:00:00,AWS_Chennai_001,24.45,1002.46,92.06,0,normal,False,24.45,1002.46,92.06
2024-07-30 02:10:00,AWS_Chennai_001,24.52,1002.47,92.16,0,normal,False,24.52,1002.47,92.16
2024-07-30 02:20:00,AWS_Chennai_001,24.4,1002.18,92.95,0,normal,False,24.4,1002.18,92.95
2024-07-30 02:30:00,AWS_Chennai_001,24.83,1002.37,93.18,0,normal,False,24.83,1002.37,93.18
2024-07-30 02:40:00,AWS_Chennai_001,24.97,1002.48,95.08,0,normal,False,24.97,1002.48,95.08
2024-07-30 02:50:00,AWS_Chennai_001,24.68,1002.66,96.3,0,normal,False,24.68,1002.66,96.3
2024-07-30 03:00:00,AWS_Chennai_001,24.49,1002.62,92.05,0,normal,False,24.49,1002.62,92.05
2024-07-30 03:10:00,AWS_Chennai_001,24.06,1002.54,91.29,0,normal,False,24.06,1002.54,91.29
2024-07-30 03:20:00,AWS_Chennai_001,24.0,1002.66,92.04,0,normal,False,24.0,1002.66,92.04
2024-07-30 03:30:00,AWS_Chennai_001,23.62,1002.69,91.38,0,normal,False,23.62,1002.69,91.38
2024-07-30 03:40:00,AWS_Chennai_001,23.73,1002.73,92.21,0,normal,False,23.73,1002.73,92.21
2024-07-30 03:50:00,AWS_Chennai_001,23.97,1002.8,93.68,0,normal,False,23.97,1002.8,93.68
2024-07-30 04:00:00,AWS_Chennai_001,24.21,1002.67,95.34,0,normal,False,24.21,1002.67,95.34
2024-07-30 04:10:00,AWS_Chennai_001,24.3,1002.78,95.73,0,normal,False,24.3,1002.78,95.73
2024-07-30 04:20:00,AWS_Chennai_001,24.47,1002.8,93.88,0,normal,False,24.47,1002.8,93.88
2024-07-30 04:30:00,AWS_Chennai_001,24.34,1002.69,95.89,0,normal,False,24.34,1002.69,95.89
2024-07-30 04:40:00,AWS_Chennai_001,25.23,1002.47,96.13,0,normal,False,25.23,1002.47,96.13
2024-07-30 04:50:00,AWS_Chennai_001,24.86,1002.08,97.02,0,normal,False,24.86,1002.08,97.02
2024-07-30 05:00:00,AWS_Chennai_001,24.59,1002.13,95.24,0,normal,False,24.59,1002.13,95.24
2024-07-30 05:10:00,AWS_Chennai_001,24.69,1002.02,96.9,0,normal,False,24.69,1002.02,96.9
2024-07-30 05:20:00,AWS_Chennai_001,24.68,1001.75,96.07,0,normal,False,24.68,1001.75,96.07
2024-07-30 05:30:00,AWS_Chennai_001,24.75,1001.72,95.64,0,normal,False,24.75,1001.72,95.64
2024-07-30 05:40:00,AWS_Chennai_001,25.94,1001.53,93.91,0,normal,False,25.94,1001.53,93.91
2024-07-30 05:50:00,AWS_Chennai_001,26.04,1001.77,97.72,0,normal,False,26.04,1001.77,97.72
2024-07-30 06:00:00,AWS_Chennai_001,26.27,1001.97,94.72,0,normal,False,26.27,1001.97,94.72
2024-07-30 06:10:00,AWS_Chennai_001,26.46,1001.73,96.44,0,normal,False,26.46,1001.73,96.44
2024-07-30 06:20:00,AWS_Chennai_001,26.81,1001.89,92.76,0,normal,False,26.81,1001.89,92.76
2024-07-30 06:30:00,AWS_Chennai_001,27.48,1002.01,93.12,0,normal,False,27.48,1002.01,93.12
2024-07-30 06:40:00,AWS_Chennai_001,27.51,1001.87,94.46,0,normal,False,27.51,1001.87,94.46
2024-07-30 06:50:00,AWS_Chennai_001,27.31,1001.93,94.42,0,normal,False,27.31,1001.93,94.42
2024-07-30 07:00:00,AWS_Chennai_001,27.49,1001.84,96.96,0,normal,False,27.49,1001.84,96.96
2024-07-30 07:10:00,AWS_Chennai_001,27.44,1001.86,94.93,0,normal,False,27.44,1001.86,94.93
2024-07-30 07:20:00,AWS_Chennai_001,27.8,1001.8,93.12,0,normal,False,27.8,1001.8,93.12
2024-07-30 07:30:00,AWS_Chennai_001,27.93,1001.78,92.96,0,normal,False,27.93,1001.78,92.96
2024-07-30 07:40:00,AWS_Chennai_001,28.02,1001.6,91.42,0,normal,False,28.02,1001.6,91.42
2024-07-30 07:50:00,AWS_Chennai_001,28.35,1001.45,91.37,0,normal,False,28.35,1001.45,91.37
2024-07-30 08:00:00,AWS_Chennai_001,28.56,1001.68,91.51,0,normal,False,28.56,1001.68,91.51
2024-07-30 08:10:00,AWS_Chennai_001,28.99,1001.78,90.95,0,normal,False,28.99,1001.78,90.95
2024-07-30 08:20:00,AWS_Chennai_001,29.3,1001.72,89.1,0,normal,False,29.3,1001.72,89.1
2024-07-30 08:30:00,AWS_Chennai_001,29.65,1001.65,89.85,0,normal,False,29.65,1001.65,89.85
2024-07-30 08:40:00,AWS_Chennai_001,30.2,1001.84,89.37,0,normal,False,30.2,1001.84,89.37
2024-07-30 08:50:00,AWS_Chennai_001,30.84,1001.66,89.93,0,normal,False,30.84,1001.66,89.93
2024-07-30 09:00:00,AWS_Chennai_001,31.18,1001.39,93.74,0,normal,False,31.18,1001.39,93.74
2024-07-30 09:10:00,AWS_Chennai_001,31.53,1001.37,92.88,0,normal,False,31.53,1001.37,92.88
2024-07-30 09:20:00,AWS_Chennai_001,31.89,1001.66,92.75,0,normal,False,31.89,1001.66,92.75
2024-07-30 09:30:00,AWS_Chennai_001,32.46,1001.63,95.46,0,normal,False,32.46,1001.63,95.46
2024-07-30 09:40:00,AWS_Chennai_001,32.24,1002.06,95.0,0,normal,False,32.24,1002.06,95.0
2024-07-30 09:50:00,AWS_Chennai_001,32.26,1001.98,94.89,0,normal,False,32.26,1001.98,94.89
2024-07-30 10:00:00,AWS_Chennai_001,32.8,1001.97,93.98,1,drift_humidity,False,32.8,1001.97,93.98
2024-07-30 10:10:00,AWS_Chennai_001,33.37,1001.94,96.2,1,drift_humidity,False,33.37,1001.94,96.2
2024-07-30 10:20:00,AWS_Chennai_001,33.36,1002.1,96.34,1,drift_humidity,False,33.36,1002.1,96.34
2024-07-30 10:30:00,AWS_Chennai_001,33.74,1002.53,94.22,1,drift_humidity,False,33.74,1002.53,94.22
2024-07-30 10:40:00,AWS_Chennai_001,33.87,1002.41,95.09,1,drift_humidity,False,33.87,1002.41,95.09
2024-07-30 10:50:00,AWS_Chennai_001,34.16,1002.25,93.12,1,drift_humidity,False,34.16,1002.25,93.12
2024-07-30 11:00:00,AWS_Chennai_001,34.49,1002.35,90.43,1,drift_humidity,False,34.49,1002.35,90.43
2024-07-30 11:10:00,AWS_Chennai_001,34.84,1002.44,90.68,1,drift_humidity,False,34.84,1002.44,90.68
2024-07-30 11:20:00,AWS_Chennai_001,34.93,1002.41,89.37,1,drift_humidity,False,34.93,1002.41,89.37
2024-07-30 11:30:00,AWS_Chennai_001,35.11,1002.5,85.62,1,drift_humidity,False,35.11,1002.5,85.62
2024-07-30 11:40:00,AWS_Chennai_001,34.99,1002.65,87.24,1,drift_humidity,False,34.99,1002.65,87.24
2024-07-30 11:50:00,AWS_Chennai_001,34.84,1002.56,86.67,1,drift_humidity,False,34.84,1002.56,86.67
2024-07-30 12:00:00,AWS_Chennai_001,35.1,1002.5,86.3,1,drift_humidity,False,35.1,1002.5,86.3
2024-07-30 12:10:00,AWS_Chennai_001,51.87,1076.55,98.91,1,drift_humidity,True,35.17285714285715,1002.4885714285714,85.41428571428571
2024-07-30 12:20:00,AWS_Chennai_001,35.5,1002.69,84.91,1,drift_humidity,True,35.245714285714286,1002.4771428571429,84.52857142857142
2024-07-30 12:30:00,AWS_Chennai_001,35.48,1002.89,77.57,0,normal,True,35.31857142857143,1002.4657142857143,83.64285714285714
2024-07-30 12:40:00,AWS_Chennai_001,35.64,1002.85,76.67,0,normal,True,35.39142857142857,1002.4542857142857,82.75714285714285
2024-07-30 12:50:00,AWS_Chennai_001,35.36,1002.65,77.32,0,normal,True,35.464285714285715,1002.4428571428571,81.87142857142857
2024-07-30 13:00:00,AWS_Chennai_001,35.65,1002.29,80.29,0,normal,True,35.537142857142854,1002.4314285714286,80.98571428571428
2024-07-30 13:10:00,AWS_Chennai_001,35.61,1002.42,80.1,0,normal,False,35.61,1002.42,80.1
2024-07-30 13:20:00,AWS_Chennai_001,35.79,1002.28,79.2,0,normal,False,35.79,1002.28,79.2
2024-07-30 13:30:00,AWS_Chennai_001,35.58,1002.22,79.09,0,normal,False,35.58,1002.22,79.09
2024-07-30 13:40:00,AWS_Chennai_001,35.97,1002.47,79.18,0,normal,False,35.97,1002.47,79.18
2024-07-30 13:50:00,AWS_Chennai_001,35.74,1002.56,79.26,0,normal,False,35.74,1002.56,79.26
2024-07-30 14:00:00,AWS_Chennai_001,35.48,1002.56,79.47,0,normal,False,35.48,1002.56,79.47
2024-07-30 14:10:00,AWS_Chennai_001,35.58,1002.38,78.76,0,normal,False,35.58,1002.38,78.76
2024-07-30 14:20:00,AWS_Chennai_001,36.37,1002.39,78.97,0,normal,False,36.37,1002.39,78.97
2024-07-30 14:30:00,AWS_Chennai_001,36.26,1002.59,77.85,0,normal,False,36.26,1002.59,77.85
2024-07-30 14:40:00,AWS_Chennai_001,35.85,1002.71,78.06,0,normal,False,35.85,1002.71,78.06
2024-07-30 14:50:00,AWS_Chennai_001,35.9,1002.62,80.26,0,normal,False,35.9,1002.62,80.26
2024-07-30 15:00:00,AWS_Chennai_001,35.92,1002.67,81.98,0,normal,False,35.92,1002.67,81.98
2024-07-30 15:10:00,AWS_Chennai_001,36.4,1003.0,80.59,0,normal,False,36.4,1003.0,80.59
2024-07-30 15:20:00,AWS_Chennai_001,36.21,1003.0,80.97,0,normal,False,36.21,1003.0,80.97
2024-07-30 15:30:00,AWS_Chennai_001,36.15,1003.16,80.2,0,normal,False,36.15,1003.16,80.2
2024-07-30 15:40:00,AWS_Chennai_001,36.1,1003.25,80.21,0,normal,False,36.1,1003.25,80.21
2024-07-30 15:50:00,AWS_Chennai_001,35.65,1003.18,84.41,0,normal,False,35.65,1003.18,84.41
2024-07-30 16:00:00,AWS_Chennai_001,36.14,1002.95,84.55,0,normal,False,36.14,1002.95,84.55
2024-07-30 16:10:00,AWS_Chennai_001,35.86,1003.19,84.11,0,normal,False,35.86,1003.19,84.11
2024-07-30 16:20:00,AWS_Chennai_001,35.74,1003.01,84.71,0,normal,False,35.74,1003.01,84.71
2024-07-30 16:30:00,AWS_Chennai_001,35.53,1003.15,84.18,0,normal,False,35.53,1003.15,84.18
2024-07-30 16:40:00,AWS_Chennai_001,35.57,1002.92,83.19,0,normal,False,35.57,1002.92,83.19
2024-07-30 16:50:00,AWS_Chennai_001,35.55,1003.07,84.41,0,normal,False,35.55,1003.07,84.41
2024-07-30 17:00:00,AWS_Chennai_001,35.13,1003.18,85.83,0,normal,False,35.13,1003.18,85.83
2024-07-30 17:10:00,AWS_Chennai_001,34.9,1003.48,84.93,0,normal,False,34.9,1003.48,84.93
2024-07-30 17:20:00,AWS_Chennai_001,35.04,1003.15,82.15,0,normal,False,35.04,1003.15,82.15
2024-07-30 17:30:00,AWS_Chennai_001,34.78,1002.98,85.64,0,normal,False,34.78,1002.98,85.64
2024-07-30 17:40:00,AWS_Chennai_001,34.52,1002.74,84.46,0,normal,False,34.52,1002.74,84.46
2024-07-30 17:50:00,AWS_Chennai_001,34.64,1002.99,85.91,0,normal,False,34.64,1002.99,85.91
2024-07-30 18:00:00,AWS_Chennai_001,33.99,1003.08,84.62,0,normal,False,33.99,1003.08,84.62
2024-07-30 18:10:00,AWS_Chennai_001,33.07,1002.96,84.2,0,normal,False,33.07,1002.96,84.2
2024-07-30 18:20:00,AWS_Chennai_001,32.72,1002.67,83.42,0,normal,False,32.72,1002.67,83.42
2024-07-30 18:30:00,AWS_Chennai_001,32.46,1002.55,81.25,0,normal,False,32.46,1002.55,81.25
2024-07-30 18:40:00,AWS_Chennai_001,32.3,1002.63,82.67,0,normal,False,32.3,1002.63,82.67
2024-07-30 18:50:00,AWS_Chennai_001,32.63,1002.9,83.99,0,normal,False,32.63,1002.9,83.99
2024-07-30 19:00:00,AWS_Chennai_001,32.4,1002.65,85.05,0,normal,False,32.4,1002.65,85.05
2024-07-30 19:10:00,AWS_Chennai_001,32.02,1002.34,83.07,0,normal,False,32.02,1002.34,83.07
2024-07-30 19:20:00,AWS_Chennai_001,31.8,1002.12,82.83,0,normal,False,31.8,1002.12,82.83
2024-07-30 19:30:00,AWS_Chennai_001,30.81,1001.91,84.87,0,normal,False,30.81,1001.91,84.87
2024-07-30 19:40:00,AWS_Chennai_001,30.36,1001.98,84.91,0,normal,False,30.36,1001.98,84.91
2024-07-30 19:50:00,AWS_Chennai_001,29.54,1001.94,87.47,0,normal,False,29.54,1001.94,87.47
2024-07-30 20:00:00,AWS_Chennai_001,29.61,1002.05,87.2,0,normal,False,29.61,1002.05,87.2
2024-07-30 20:10:00,AWS_Chennai_001,28.71,1002.1,84.93,0,normal,False,28.71,1002.1,84.93
2024-07-30 20:20:00,AWS_Chennai_001,28.29,1001.95,84.54,0,normal,False,28.29,1001.95,84.54
2024-07-30 20:30:00,AWS_Chennai_001,28.57,1002.05,82.82,0,normal,False,28.57,1002.05,82.82
2024-07-30 20:40:00,AWS_Chennai_001,28.8,1001.73,85.22,0,normal,False,28.8,1001.73,85.22
2024-07-30 20:50:00,AWS_Chennai_001,28.51,1001.81,87.24,0,normal,False,28.51,1001.81,87.24
2024-07-30 21:00:00,AWS_Chennai_001,28.61,1001.88,89.13,0,normal,False,28.61,1001.88,89.13
2024-07-30 21:10:00,AWS_Chennai_001,28.6,1001.59,91.25,0,normal,False,28.6,1001.59,91.25
2024-07-30 21:20:00,AWS_Chennai_001,28.93,1001.62,89.94,0,normal,False,28.93,1001.62,89.94
2024-07-30 21:30:00,AWS_Chennai_001,29.02,1001.66,88.35,0,normal,False,29.02,1001.66,88.35
2024-07-30 21:40:00,AWS_Chennai_001,29.12,1001.48,86.55,0,normal,False,29.12,1001.48,86.55
2024-07-30 21:50:00,AWS_Chennai_001,28.86,1001.64,88.15,0,normal,False,28.86,1001.64,88.15
2024-07-30 22:00:00,AWS_Chennai_001,28.8,1001.7,89.6,0,normal,False,28.8,1001.7,89.6
2024-07-30 22:10:00,AWS_Chennai_001,29.06,1001.68,90.79,0,normal,False,29.06,1001.68,90.79
2024-07-30 22:20:00,AWS_Chennai_001,28.89,1001.58,90.59,0,normal,False,28.89,1001.58,90.59
2024-07-30 22:30:00,AWS_Chennai_001,29.0,1001.57,90.64,0,normal,False,29.0,1001.57,90.64
2024-07-30 22:40:00,AWS_Chennai_001,28.91,1001.72,91.0,0,normal,False,28.91,1001.72,91.0
2024-07-30 22:50:00,AWS_Chennai_001,28.45,1001.44,92.21,0,normal,False,28.45,1001.44,92.21
2024-07-30 23:00:00,AWS_Chennai_001,28.27,1001.41,91.62,0,normal,False,28.27,1001.41,91.62
2024-07-30 23:10:00,AWS_Chennai_001,28.41,1001.44,91.8,0,normal,False,28.41,1001.44,91.8
2024-07-30 23:20:00,AWS_Chennai_001,28.19,1001.56,87.24,0,normal,False,28.19,1001.56,87.24
2024-07-30 23:30:00,AWS_Chennai_001,28.46,1001.52,88.11,0,normal,False,28.46,1001.52,88.11
2024-07-30 23:40:00,AWS_Chennai_001,28.35,1001.37,87.67,0,normal,False,28.35,1001.37,87.67
2024-07-30 23:50:00,AWS_Chennai_001,28.6,1001.5,89.62,0,normal,False,28.6,1001.5,89.62
