timestamp,station_id,temperature,pressure,humidity,anomaly_flag,confidence_score,severity,root_cause,rule_triggers,if_score,stat_score,rf_score,anomaly_label,anomaly_type
2024-07-01 00:00:00,AWS_Chennai_001,25.62,1007.91,52.57,0,0.0865,NORMAL,None,[],0.1613,0.0,0.1908,0,normal
2024-07-01 00:10:00,AWS_Chennai_001,25.14,1007.6,57.07,0,0.1165,NORMAL,None,[],0.2061,0.1571,0.1557,0,normal
2024-07-01 00:20:00,AWS_Chennai_001,24.41,1007.32,60.77,0,0.1378,NORMAL,None,[],0.2367,0.223,0.1666,0,normal
2024-07-01 00:30:00,AWS_Chennai_001,24.18,1007.01,62.24,0,0.1703,NORMAL,None,[],0.3161,0.2301,0.2046,0,normal
2024-07-01 00:40:00,AWS_Chennai_001,24.66,1006.73,63.11,0,0.1607,NORMAL,None,[],0.3016,0.1784,0.2175,0,normal
2024-07-01 00:50:00,AWS_Chennai_001,24.55,1006.89,67.88,0,0.2008,NORMAL,None,[],0.3517,0.1896,0.3342,0,normal
2024-07-01 01:00:00,AWS_Chennai_001,24.87,1006.78,70.25,0,0.1743,NORMAL,None,[],0.3073,0.1815,0.2746,0,normal
2024-07-01 01:10:00,AWS_Chennai_001,25.33,1006.48,73.15,0,0.2028,NORMAL,None,[],0.3329,0.2728,0.3102,0,normal
2024-07-01 01:20:00,AWS_Chennai_001,24.94,1006.23,75.5,0,0.1963,NORMAL,None,[],0.3386,0.225,0.3048,0,normal
2024-07-01 01:30:00,AWS_Chennai_001,24.51,1006.07,75.08,0,0.1839,NORMAL,None,[],0.2959,0.2453,0.2915,0,normal
2024-07-01 01:40:00,AWS_Chennai_001,24.46,1005.53,73.32,0,0.2191,NORMAL,None,[],0.282,0.2548,0.4813,0,normal
2024-07-01 01:50:00,AWS_Chennai_001,24.28,1005.56,74.05,0,0.1745,NORMAL,None,[],0.246,0.2555,0.312,0,normal
2024-07-01 02:00:00,AWS_Chennai_001,24.31,1005.55,73.67,0,0.144,NORMAL,None,[],0.2395,0.2255,0.1918,0,normal
2024-07-01 02:10:00,AWS_Chennai_001,24.43,1005.32,72.05,0,0.1584,NORMAL,None,[],0.2289,0.1927,0.304,0,normal
2024-07-01 02:20:00,AWS_Chennai_001,24.34,1005.31,73.6,0,0.1555,NORMAL,None,[],0.2179,0.208,0.2949,0,normal
2024-07-01 02:30:00,AWS_Chennai_001,24.37,1005.56,75.19,0,0.1464,NORMAL,None,[],0.2029,0.1861,0.288,0,normal
2024-07-01 02:40:00,AWS_Chennai_001,24.7,1005.79,74.14,0,0.1296,NORMAL,None,[],0.1949,0.1096,0.2735,0,normal
2024-07-01 02:50:00,AWS_Chennai_001,24.4,1005.92,73.89,0,0.1297,NORMAL,None,[],0.1849,0.1283,0.2751,0,normal
2024-07-01 03:00:00,AWS_Chennai_001,24.44,1005.93,76.18,0,0.1127,NORMAL,None,[],0.1813,0.1301,0.1939,0,normal
2024-07-01 03:10:00,AWS_Chennai_001,24.99,1005.99,78.62,0,0.1464,NORMAL,None,[],0.2389,0.2197,0.2087,0,normal
2024-07-01 03:20:00,AWS_Chennai_001,24.76,1005.95,79.82,0,0.1286,NORMAL,None,[],0.212,0.1674,0.1994,0,normal
2024-07-01 03:30:00,AWS_Chennai_001,24.38,1006.0,81.69,0,0.1553,NORMAL,None,[],0.257,0.1958,0.2444,0,normal
2024-07-01 03:40:00,AWS_Chennai_001,24.42,1005.8,80.45,0,0.1212,NORMAL,None,[],0.1834,0.1797,0.1961,0,normal
2024-07-01 03:50:00,AWS_Chennai_001,24.51,1005.72,79.83,0,0.0912,NORMAL,None,[],0.121,0.1436,0.1669,0,normal
2024-07-01 04:00:00,AWS_Chennai_001,24.88,1005.37,77.31,0,0.1078,NORMAL,None,[],0.144,0.2054,0.1689,0,normal
2024-07-01 04:10:00,AWS_Chennai_001,25.2,1005.14,77.9,0,0.1399,NORMAL,None,[],0.1685,0.3521,0.1829,0,normal
2024-07-01 04:20:00,AWS_Chennai_001,24.94,1004.74,80.54,0,0.1781,NORMAL,None,[],0.2179,0.3839,0.2757,0,normal
2024-07-01 04:30:00,AWS_Chennai_001,24.74,1004.86,82.37,0,0.1455,NORMAL,None,[],0.2147,0.3005,0.1801,0,normal
2024-07-01 04:40:00,AWS_Chennai_001,24.65,1004.55,81.81,0,0.154,NORMAL,None,[],0.2314,0.2698,0.2204,0,normal
2024-07-01 04:50:00,AWS_Chennai_001,24.31,1004.74,82.61,0,0.1286,NORMAL,None,[],0.1686,0.2909,0.172,0,normal
2024-07-01 05:00:00,AWS_Chennai_001,24.89,1004.37,83.15,0,0.1543,NORMAL,None,[],0.2402,0.3112,0.1777,0,normal
2024-07-01 05:10:00,AWS_Chennai_001,25.45,1004.16,84.94,0,0.1812,NORMAL,None,[],0.2566,0.4391,0.1917,0,normal
2024-07-01 05:20:00,AWS_Chennai_001,25.3,1003.81,85.67,0,0.1772,NORMAL,None,[],0.2373,0.3947,0.234,0,normal
2024-07-01 05:30:00,AWS_Chennai_001,25.37,1003.78,82.82,0,0.1521,NORMAL,None,[],0.2163,0.3043,0.2077,0,normal
2024-07-01 05:40:00,AWS_Chennai_001,25.77,1004.05,83.04,0,0.156,NORMAL,None,[],0.2161,0.3073,0.2251,0,normal
2024-07-01 05:50:00,AWS_Chennai_001,25.94,1003.93,80.49,0,0.1437,NORMAL,None,[],0.2172,0.2622,0.1962,0,normal
2024-07-01 06:00:00,AWS_Chennai_001,26.32,1003.53,80.1,0,0.1572,NORMAL,None,[],0.202,0.3189,0.2435,0,normal
2024-07-01 06:10:00,AWS_Chennai_001,26.93,1003.28,81.11,0,0.1632,NORMAL,None,[],0.2227,0.313,0.2474,0,normal
2024-07-01 06:20:00,AWS_Chennai_001,27.44,1003.19,79.27,0,0.1789,NORMAL,None,[],0.2588,0.363,0.2341,0,normal
2024-07-01 06:30:00,AWS_Chennai_001,27.52,1003.36,76.54,0,0.1755,NORMAL,None,[],0.2454,0.3793,0.2247,0,normal
2024-07-01 06:40:00,AWS_Chennai_001,27.62,1003.14,77.17,0,0.1682,NORMAL,None,[],0.2512,0.342,0.2075,0,normal
2024-07-01 06:50:00,AWS_Chennai_001,28.02,1003.26,77.17,0,0.1869,NORMAL,None,[],0.2525,0.318,0.3172,0,normal
2024-07-01 07:00:00,AWS_Chennai_001,28.51,1003.2,78.18,0,0.1798,NORMAL,None,[],0.2365,0.2964,0.3219,0,normal
2024-07-01 07:10:00,AWS_Chennai_001,28.56,1002.92,76.77,0,0.1845,NORMAL,None,[],0.2457,0.3344,0.303,0,normal
2024-07-01 07:20:00,AWS_Chennai_001,28.56,1002.84,78.22,0,0.2052,NORMAL,None,[],0.2907,0.2735,0.3849,0,normal
2024-07-01 07:30:00,AWS_Chennai_001,28.88,1002.64,81.17,0,0.2156,NORMAL,None,[],0.3639,0.2408,0.3516,0,normal
2024-07-01 07:40:00,AWS_Chennai_001,29.54,1002.48,80.03,0,0.2141,NORMAL,None,[],0.3779,0.2557,0.312,0,normal
2024-07-01 07:50:00,AWS_Chennai_001,29.75,1002.57,80.67,0,0.1754,NORMAL,None,[],0.2888,0.2322,0.2696,0,normal
2024-07-01 08:00:00,AWS_Chennai_001,30.16,1002.45,81.37,0,0.1782,NORMAL,None,[],0.2822,0.2637,0.2699,0,normal
2024-07-01 08:10:00,AWS_Chennai_001,30.85,1002.33,81.56,0,0.1833,NORMAL,None,[],0.2891,0.2929,0.2632,0,normal
2024-07-01 08:20:00,AWS_Chennai_001,31.12,1002.29,79.41,0,0.1476,NORMAL,None,[],0.2174,0.2458,0.2277,0,normal
2024-07-01 08:30:00,AWS_Chennai_001,30.73,1002.05,79.74,0,0.1514,NORMAL,None,[],0.2133,0.2299,0.2649,0,normal
2024-07-01 08:40:00,AWS_Chennai_001,31.1,1001.91,81.87,0,0.1641,NORMAL,None,[],0.2002,0.3346,0.2694,0,normal
2024-07-01 08:50:00,AWS_Chennai_001,31.23,1001.85,81.53,0,0.144,NORMAL,None,[],0.1526,0.3092,0.2591,0,normal
2024-07-01 09:00:00,AWS_Chennai_001,31.51,969.15,82.42,1,0.6981,HIGH,Spike / Transient Fault - Pressure,['spike_pressure'],0.5309,0.5078,0.5631,1,spike_pressure
2024-07-01 09:10:00,AWS_Chennai_001,31.46,1002.12,80.62,1,0.584,MEDIUM,Spike / Transient Fault - Pressure,['spike_pressure'],0.4099,0.1447,0.4464,0,normal
2024-07-01 09:20:00,AWS_Chennai_001,31.7,1002.04,78.98,0,0.2044,NORMAL,None,[],0.3824,0.134,0.3478,0,normal
2024-07-01 09:30:00,AWS_Chennai_001,31.89,1001.89,79.11,0,0.2158,NORMAL,None,[],0.3874,0.1363,0.3958,0,normal
2024-07-01 09:40:00,AWS_Chennai_001,32.22,1002.07,79.58,0,0.1926,NORMAL,None,[],0.3594,0.1334,0.3238,0,normal
2024-07-01 09:50:00,AWS_Chennai_001,32.22,1001.97,79.78,0,0.1966,NORMAL,None,[],0.3911,0.1233,0.3037,0,normal
2024-07-01 10:00:00,AWS_Chennai_001,32.47,1002.19,81.8,0,0.1598,NORMAL,None,[],0.3255,0.1946,0.165,0,normal
2024-07-01 10:10:00,AWS_Chennai_001,32.58,1002.1,77.79,0,0.177,NORMAL,None,[],0.3571,0.2543,0.1588,0,normal
2024-07-01 10:20:00,AWS_Chennai_001,32.62,1001.95,77.29,0,0.1607,NORMAL,None,[],0.319,0.2639,0.1271,0,normal
2024-07-01 10:30:00,AWS_Chennai_001,32.94,1001.98,77.3,0,0.1618,NORMAL,None,[],0.3187,0.2568,0.1383,0,normal
2024-07-01 10:40:00,AWS_Chennai_001,33.19,1001.96,77.64,0,0.1472,NORMAL,None,[],0.2839,0.2367,0.1324,0,normal
2024-07-01 10:50:00,AWS_Chennai_001,32.4,1001.92,77.51,0,0.1288,NORMAL,None,[],0.2579,0.1635,0.1344,0,normal
2024-07-01 11:00:00,AWS_Chennai_001,32.53,1001.93,78.59,0,0.1288,NORMAL,None,[],0.2738,0.1188,0.1442,0,normal
2024-07-01 11:10:00,AWS_Chennai_001,32.57,1002.3,79.59,0,0.1212,NORMAL,None,[],0.267,0.0821,0.1438,0,normal
2024-07-01 11:20:00,AWS_Chennai_001,32.79,1002.29,79.39,0,0.1143,NORMAL,None,[],0.2436,0.0956,0.1342,0,normal
2024-07-01 11:30:00,AWS_Chennai_001,32.73,1002.3,79.73,0,0.1142,NORMAL,None,[],0.2467,0.092,0.1323,0,normal
2024-07-01 11:40:00,AWS_Chennai_001,33.11,1002.41,79.24,0,0.1156,NORMAL,None,[],0.2375,0.1238,0.1287,0,normal
2024-07-01 11:50:00,AWS_Chennai_001,32.88,1002.33,81.59,0,0.138,NORMAL,None,[],0.2778,0.1922,0.1291,0,normal
2024-07-01 12:00:00,AWS_Chennai_001,33.34,1002.43,80.29,0,0.1334,NORMAL,None,[],0.199,0.3034,0.141,0,normal
2024-07-01 12:10:00,AWS_Chennai_001,33.51,1002.29,79.36,0,0.1106,NORMAL,None,[],0.1675,0.2098,0.1446,0,normal
2024-07-01 12:20:00,AWS_Chennai_001,33.6,1002.28,80.75,0,0.122,NORMAL,None,[],0.1795,0.2704,0.1377,0,normal
2024-07-01 12:30:00,AWS_Chennai_001,33.33,1002.21,78.56,0,0.104,NORMAL,None,[],0.1863,0.1407,0.1352,0,normal
2024-07-01 12:40:00,AWS_Chennai_001,33.13,1002.28,76.15,0,0.1289,NORMAL,None,[],0.2193,0.2263,0.1458,0,normal
2024-07-01 12:50:00,AWS_Chennai_001,33.54,1002.29,76.36,0,0.1302,NORMAL,None,[],0.2114,0.2616,0.1377,0,normal
2024-07-01 13:00:00,AWS_Chennai_001,33.75,1002.29,78.06,0,0.1701,NORMAL,None,[],0.2242,0.1955,0.3676,0,normal
2024-07-01 13:10:00,AWS_Chennai_001,33.8,1002.44,77.83,0,0.1342,NORMAL,None,[],0.2316,0.2502,0.136,0,normal
2024-07-01 13:20:00,AWS_Chennai_001,34.0,1002.53,78.28,0,0.1295,NORMAL,None,[],0.2079,0.2654,0.1366,0,normal
2024-07-01 13:30:00,AWS_Chennai_001,33.8,1002.65,77.85,0,0.1374,NORMAL,None,[],0.2278,0.273,0.1407,0,normal
2024-07-01 13:40:00,AWS_Chennai_001,34.1,1002.37,75.73,0,0.1443,NORMAL,None,[],0.2357,0.2769,0.1605,0,normal
2024-07-01 13:50:00,AWS_Chennai_001,34.3,1002.7,77.16,0,0.1594,NORMAL,None,[],0.2588,0.3461,0.1489,0,normal
2024-07-01 14:00:00,AWS_Chennai_001,34.11,1002.48,78.46,0,0.1097,NORMAL,None,[],0.1978,0.1515,0.1382,0,normal
2024-07-01 14:10:00,AWS_Chennai_001,34.11,1002.61,78.76,0,0.1264,NORMAL,None,[],0.2279,0.2045,0.1367,0,normal
2024-07-01 14:20:00,AWS_Chennai_001,34.15,1003.09,78.86,0,0.1526,NORMAL,None,[],0.2558,0.3234,0.1368,0,normal
2024-07-01 14:30:00,AWS_Chennai_001,34.13,1003.08,78.09,0,0.1447,NORMAL,None,[],0.2631,0.2602,0.1337,0,normal
2024-07-01 14:40:00,AWS_Chennai_001,34.45,1003.04,79.18,0,0.1411,NORMAL,None,[],0.2386,0.2862,0.1327,0,normal
2024-07-01 14:50:00,AWS_Chennai_001,34.55,1003.23,79.9,0,0.1672,NORMAL,None,[],0.2853,0.3589,0.1387,0,normal
2024-07-01 15:00:00,AWS_Chennai_001,34.11,1003.01,82.17,0,0.1765,NORMAL,None,[],0.3283,0.3012,0.1645,0,normal
2024-07-01 15:10:00,AWS_Chennai_001,33.87,1002.8,81.21,0,0.1133,NORMAL,None,[],0.2066,0.167,0.1314,0,normal
2024-07-01 15:20:00,AWS_Chennai_001,34.2,1002.58,80.0,0,0.1092,NORMAL,None,[],0.2099,0.1307,0.1329,0,normal
2024-07-01 15:30:00,AWS_Chennai_001,33.94,1002.4,78.37,0,0.1107,NORMAL,None,[],0.2405,0.08,0.1328,0,normal
2024-07-01 15:40:00,AWS_Chennai_001,33.44,1002.35,78.07,0,0.1285,NORMAL,None,[],0.2158,0.2491,0.1317,0,normal
2024-07-01 15:50:00,AWS_Chennai_001,33.21,1002.12,80.2,0,0.1479,NORMAL,None,[],0.2233,0.372,0.1255,0,normal
2024-07-01 16:00:00,AWS_Chennai_001,32.71,1002.16,78.84,0,0.125,NORMAL,None,[],0.173,0.3146,0.1296,0,normal
2024-07-01 16:10:00,AWS_Chennai_001,32.83,1002.29,77.86,0,0.1094,NORMAL,None,[],0.1316,0.2767,0.1419,0,normal
2024-07-01 16:20:00,AWS_Chennai_001,32.16,1002.38,81.05,0,0.1344,NORMAL,None,[],0.1912,0.3353,0.1336,0,normal
2024-07-01 16:30:00,AWS_Chennai_001,32.23,1002.39,82.5,0,0.1234,NORMAL,None,[],0.1611,0.3314,0.1266,0,normal
2024-07-01 16:40:00,AWS_Chennai_001,32.4,1002.25,81.65,0,0.1112,NORMAL,None,[],0.1447,0.283,0.1266,0,normal
2024-07-01 16:50:00,AWS_Chennai_001,32.52,1002.21,83.82,0,0.1275,NORMAL,None,[],0.1751,0.3274,0.1295,0,normal
2024-07-01 17:00:00,AWS_Chennai_001,32.13,1002.28,84.54,0,0.1263,NORMAL,None,[],0.1723,0.322,0.1316,0,normal
2024-07-01 17:10:00,AWS_Chennai_001,31.94,1002.4,85.73,0,0.1244,NORMAL,None,[],0.1775,0.2992,0.1313,0,normal
2024-07-01 17:20:00,AWS_Chennai_001,31.49,1002.44,87.91,0,0.1379,NORMAL,None,[],0.1988,0.3165,0.1539,0,normal
2024-07-01 17:30:00,AWS_Chennai_001,31.33,1002.34,86.91,0,0.1181,NORMAL,None,[],0.1499,0.2783,0.1569,1,drift_temperature
2024-07-01 17:40:00,AWS_Chennai_001,30.54,1002.39,85.74,0,0.1202,NORMAL,None,[],0.1748,0.2502,0.1509,1,drift_temperature
2024-07-01 17:50:00,AWS_Chennai_001,29.36,1002.28,83.78,0,0.1535,NORMAL,None,[],0.2611,0.2554,0.1846,1,drift_temperature
2024-07-01 18:00:00,AWS_Chennai_001,28.56,1002.13,81.61,0,0.1857,NORMAL,None,[],0.2563,0.2885,0.3275,1,drift_temperature
2024-07-01 18:10:00,AWS_Chennai_001,27.52,1002.03,82.85,0,0.2148,NORMAL,None,[],0.2734,0.3385,0.4102,1,drift_temperature
2024-07-01 18:20:00,AWS_Chennai_001,26.55,1002.25,82.58,0,0.2039,NORMAL,None,[],0.2809,0.1963,0.4512,1,drift_temperature
2024-07-01 18:30:00,AWS_Chennai_001,25.63,1002.16,82.68,0,0.1991,NORMAL,None,[],0.2425,0.235,0.4557,1,drift_temperature
2024-07-01 18:40:00,AWS_Chennai_001,24.77,1002.16,85.2,0,0.2262,NORMAL,None,[],0.3133,0.2772,0.4529,1,drift_temperature
2024-07-01 18:50:00,AWS_Chennai_001,23.42,1002.01,84.92,0,0.2488,NORMAL,None,[],0.3415,0.3432,0.4745,1,drift_temperature
2024-07-01 19:00:00,AWS_Chennai_001,22.84,1001.88,82.48,0,0.2431,NORMAL,None,[],0.3185,0.3479,0.4767,1,drift_temperature
2024-07-01 19:10:00,AWS_Chennai_001,22.01,1001.81,83.28,0,0.2432,NORMAL,None,[],0.3382,0.3199,0.4689,1,drift_temperature
2024-07-01 19:20:00,AWS_Chennai_001,20.85,1002.0,83.28,1,0.2621,LOW,None,[],0.4505,0.2389,0.4559,1,drift_temperature
2024-07-01 19:30:00,AWS_Chennai_001,19.97,1001.79,82.37,1,0.2752,LOW,None,[],0.4611,0.3304,0.4366,1,drift_temperature
2024-07-01 19:40:00,AWS_Chennai_001,18.79,1001.67,81.46,1,0.2846,LOW,None,[],0.4567,0.3775,0.4547,1,drift_temperature
2024-07-01 19:50:00,AWS_Chennai_001,18.63,1001.33,80.35,1,0.274,LOW,None,[],0.4668,0.4293,0.3477,1,drift_temperature
2024-07-01 20:00:00,AWS_Chennai_001,17.69,1001.4,80.36,1,0.284,LOW,None,[],0.4886,0.3651,0.4133,1,drift_temperature
2024-07-01 20:10:00,AWS_Chennai_001,17.1,1001.21,81.08,1,0.2703,LOW,None,[],0.4599,0.3374,0.4087,1,drift_temperature
2024-07-01 20:20:00,AWS_Chennai_001,16.81,1001.04,82.31,0,0.2421,NORMAL,None,[],0.4267,0.2836,0.3576,1,drift_temperature
2024-07-01 20:30:00,AWS_Chennai_001,16.06,1000.69,81.96,0,0.233,NORMAL,None,[],0.4634,0.3106,0.2368,1,drift_temperature
2024-07-01 20:40:00,AWS_Chennai_001,15.58,1000.71,80.69,1,0.2572,LOW,None,[],0.4451,0.3358,0.3666,1,drift_temperature
2024-07-01 20:50:00,AWS_Chennai_001,14.96,1000.64,81.85,0,0.2242,NORMAL,None,[],0.4399,0.2573,0.2683,1,drift_temperature
2024-07-01 21:00:00,AWS_Chennai_001,14.24,1000.5,83.59,0,0.2302,NORMAL,None,[],0.4258,0.2966,0.2897,1,drift_temperature
2024-07-01 21:10:00,AWS_Chennai_001,13.12,1000.34,82.74,0,0.2495,NORMAL,None,[],0.4175,0.2581,0.4278,1,drift_temperature
2024-07-01 21:20:00,AWS_Chennai_001,27.51,1000.4,82.09,1,0.611,MEDIUM,Spike / Transient Fault - Temperature,['spike_temp'],0.4011,0.2636,0.5059,0,normal
2024-07-01 21:30:00,AWS_Chennai_001,27.61,1000.48,81.59,0,0.2481,NORMAL,None,[],0.4267,0.2617,0.4043,0,normal
2024-07-01 21:40:00,AWS_Chennai_001,27.74,1000.7,82.02,0,0.2245,NORMAL,None,[],0.3874,0.19,0.399,0,normal
2024-07-01 21:50:00,AWS_Chennai_001,27.54,1000.46,81.95,0,0.2144,NORMAL,None,[],0.384,0.1919,0.3519,0,normal
2024-07-01 22:00:00,AWS_Chennai_001,27.33,1000.57,82.25,0,0.203,NORMAL,None,[],0.3383,0.1805,0.3721,0,normal
2024-07-01 22:10:00,AWS_Chennai_001,27.28,1000.87,82.0,0,0.138,NORMAL,None,[],0.2676,0.1112,0.205,0,normal
2024-07-01 22:20:00,AWS_Chennai_001,27.02,1000.73,82.53,0,0.1375,NORMAL,None,[],0.2697,0.1646,0.1597,0,normal
2024-07-01 22:30:00,AWS_Chennai_001,27.21,1000.53,82.06,0,0.1215,NORMAL,None,[],0.2292,0.1477,0.1532,0,normal
2024-07-01 22:40:00,AWS_Chennai_001,27.11,1000.73,83.18,0,0.1284,NORMAL,None,[],0.2394,0.1764,0.1508,0,normal
2024-07-01 22:50:00,AWS_Chennai_001,27.11,1000.76,84.39,0,0.1545,NORMAL,None,[],0.2906,0.2472,0.1514,0,normal
2024-07-01 23:00:00,AWS_Chennai_001,27.31,1000.61,85.92,0,0.1653,NORMAL,None,[],0.3107,0.2866,0.1456,0,normal
2024-07-01 23:10:00,AWS_Chennai_001,27.16,1000.63,82.61,0,0.1242,NORMAL,None,[],0.2888,0.0541,0.1473,0,normal
2024-07-01 23:20:00,AWS_Chennai_001,26.64,1001.0,82.09,0,0.1595,NORMAL,None,[],0.3152,0.2294,0.1524,0,normal
2024-07-01 23:30:00,AWS_Chennai_001,26.23,1001.01,81.52,0,0.1543,NORMAL,None,[],0.3013,0.2292,0.1477,0,normal
2024-07-01 23:40:00,AWS_Chennai_001,26.21,1001.33,81.21,0,0.1643,NORMAL,None,[],0.2973,0.2979,0.1523,0,normal
2024-07-01 23:50:00,AWS_Chennai_001,26.19,1001.23,84.08,0,0.1481,NORMAL,None,[],0.2799,0.2361,0.1437,0,normal
2024-07-02 00:00:00,AWS_Chennai_001,26.19,1001.17,85.89,0,0.161,NORMAL,None,[],0.3085,0.2718,0.1382,0,normal
2024-07-02 00:10:00,AWS_Chennai_001,26.49,1001.3,83.78,0,0.1261,NORMAL,None,[],0.2019,0.2414,0.1463,0,normal
2024-07-02 00:20:00,AWS_Chennai_001,26.95,1001.45,86.0,0,0.1418,NORMAL,None,[],0.2425,0.2757,0.1385,0,normal
2024-07-02 00:30:00,AWS_Chennai_001,26.69,1001.48,86.51,0,0.1419,NORMAL,None,[],0.2323,0.2934,0.1409,0,normal
2024-07-02 00:40:00,AWS_Chennai_001,26.94,1001.59,84.95,0,0.11,NORMAL,None,[],0.1761,0.2004,0.1354,0,normal
2024-07-02 00:50:00,AWS_Chennai_001,26.92,1001.92,85.45,0,0.1298,NORMAL,None,[],0.2165,0.2495,0.1371,0,normal
2024-07-02 01:00:00,AWS_Chennai_001,26.86,1001.81,83.73,0,0.1039,NORMAL,None,[],0.1834,0.133,0.1445,0,normal
2024-07-02 01:10:00,AWS_Chennai_001,26.58,1001.85,84.35,0,0.096,NORMAL,None,[],0.1405,0.1676,0.1435,0,normal
2024-07-02 01:20:00,AWS_Chennai_001,26.55,1002.17,84.87,0,0.1101,NORMAL,None,[],0.1709,0.213,0.1346,0,normal
2024-07-02 01:30:00,AWS_Chennai_001,26.79,1002.23,87.45,0,0.1328,NORMAL,None,[],0.2116,0.2755,0.1398,0,normal
2024-07-02 01:40:00,AWS_Chennai_001,26.14,1002.2,89.2,0,0.1506,NORMAL,None,[],0.2165,0.3776,0.1454,0,normal
2024-07-02 01:50:00,AWS_Chennai_001,26.03,1002.41,89.97,0,0.1372,NORMAL,None,[],0.1623,0.3872,0.1521,0,normal
2024-07-02 02:00:00,AWS_Chennai_001,26.26,1002.54,91.13,0,0.1427,NORMAL,None,[],0.2024,0.3409,0.1543,0,normal
2024-07-02 02:10:00,AWS_Chennai_001,26.65,1002.73,92.71,0,0.1544,NORMAL,None,[],0.2276,0.325,0.187,0,normal
2024-07-02 02:20:00,AWS_Chennai_001,26.57,1002.67,91.74,0,0.122,NORMAL,None,[],0.1832,0.2445,0.1521,0,normal
2024-07-02 02:30:00,AWS_Chennai_001,26.72,1002.34,89.84,0,0.0955,NORMAL,None,[],0.1277,0.1741,0.1553,0,normal
2024-07-02 02:40:00,AWS_Chennai_001,26.34,1002.35,86.05,0,0.1012,NORMAL,None,[],0.1689,0.1342,0.1518,0,normal
2024-07-02 02:50:00,AWS_Chennai_001,26.65,1002.49,89.38,0,0.1277,NORMAL,None,[],0.2045,0.1404,0.2264,0,normal
2024-07-02 03:00:00,AWS_Chennai_001,26.89,1002.65,92.93,0,0.1331,NORMAL,None,[],0.1922,0.2835,0.1646,0,normal
2024-07-02 03:10:00,AWS_Chennai_001,26.62,1002.43,92.59,0,0.1196,NORMAL,None,[],0.2131,0.1465,0.1684,0,normal
2024-07-02 03:20:00,AWS_Chennai_001,26.3,1002.41,91.03,0,0.0864,NORMAL,None,[],0.0965,0.1706,0.1594,0,normal
2024-07-02 03:30:00,AWS_Chennai_001,26.4,1002.5,91.09,0,0.0912,NORMAL,None,[],0.1259,0.1467,0.1571,0,normal
2024-07-02 03:40:00,AWS_Chennai_001,26.42,1002.5,92.31,0,0.1088,NORMAL,None,[],0.183,0.1503,0.1567,0,normal
2024-07-02 03:50:00,AWS_Chennai_001,26.37,1002.47,93.74,0,0.1099,NORMAL,None,[],0.1784,0.1664,0.1573,0,normal
2024-07-02 04:00:00,AWS_Chennai_001,26.68,1002.65,92.22,0,0.1297,NORMAL,None,[],0.2339,0.1923,0.1534,0,normal
2024-07-02 04:10:00,AWS_Chennai_001,26.44,1002.36,91.9,0,0.1061,NORMAL,None,[],0.207,0.098,0.1463,0,normal
2024-07-02 04:20:00,AWS_Chennai_001,26.49,1002.32,94.85,0,0.1218,NORMAL,None,[],0.2065,0.1959,0.1523,0,normal
2024-07-02 04:30:00,AWS_Chennai_001,26.3,1002.14,95.61,0,0.1497,NORMAL,None,[],0.2257,0.334,0.1595,0,normal
2024-07-02 04:40:00,AWS_Chennai_001,26.28,1002.22,95.94,0,0.1326,NORMAL,None,[],0.1848,0.3015,0.1597,0,normal
2024-07-02 04:50:00,AWS_Chennai_001,26.29,1001.89,94.7,0,0.1454,NORMAL,None,[],0.1968,0.346,0.172,0,normal
2024-07-02 05:00:00,AWS_Chennai_001,26.24,1001.8,93.69,0,0.1219,NORMAL,None,[],0.1424,0.3092,0.1641,0,normal
2024-07-02 05:10:00,AWS_Chennai_001,26.51,1001.87,91.71,0,0.1064,NORMAL,None,[],0.1643,0.1647,0.1622,0,normal
2024-07-02 05:20:00,AWS_Chennai_001,26.84,1001.92,92.23,0,0.101,NORMAL,None,[],0.1095,0.2371,0.1629,0,normal
2024-07-02 05:30:00,AWS_Chennai_001,26.52,1001.95,92.14,0,0.0877,NORMAL,None,[],0.1298,0.1127,0.1593,0,normal
2024-07-02 05:40:00,AWS_Chennai_001,26.93,1002.19,94.31,0,0.1133,NORMAL,None,[],0.1658,0.2238,0.1498,0,normal
2024-07-02 05:50:00,AWS_Chennai_001,27.07,1002.14,94.95,0,0.1134,NORMAL,None,[],0.1439,0.2693,0.1493,0,normal
2024-07-02 06:00:00,AWS_Chennai_001,26.93,1001.85,93.76,0,0.1043,NORMAL,None,[],0.1337,0.2347,0.1449,0,normal
2024-07-02 06:10:00,AWS_Chennai_001,27.51,1001.74,95.6,0,0.1422,NORMAL,None,[],0.1682,0.4084,0.1522,0,normal
2024-07-02 06:20:00,AWS_Chennai_001,26.85,1001.45,94.9,0,0.1264,NORMAL,None,[],0.1972,0.2628,0.1389,0,normal
2024-07-02 06:30:00,AWS_Chennai_001,27.33,1001.41,94.28,0,0.1319,NORMAL,None,[],0.195,0.2916,0.1484,0,normal
2024-07-02 06:40:00,AWS_Chennai_001,27.48,1001.11,95.58,0,0.1555,NORMAL,None,[],0.2317,0.3799,0.1452,0,normal
2024-07-02 06:50:00,AWS_Chennai_001,27.45,1001.25,94.96,0,0.1257,NORMAL,None,[],0.1853,0.2776,0.1424,0,normal
2024-07-02 07:00:00,AWS_Chennai_001,28.05,1001.26,94.21,0,0.1255,NORMAL,None,[],0.1683,0.2765,0.1676,0,normal
2024-07-02 07:10:00,AWS_Chennai_001,28.37,1001.0,93.65,0,0.1334,NORMAL,None,[],0.1685,0.34,0.1594,0,normal
2024-07-02 07:20:00,AWS_Chennai_001,29.11,1001.17,91.64,0,0.1581,NORMAL,None,[],0.2087,0.4144,0.1665,0,normal
2024-07-02 07:30:00,AWS_Chennai_001,29.46,1001.18,92.44,0,0.1327,NORMAL,None,[],0.1674,0.335,0.1613,0,normal
2024-07-02 07:40:00,AWS_Chennai_001,29.66,1001.11,93.96,0,0.1134,NORMAL,None,[],0.1479,0.2487,0.1587,0,normal
2024-07-02 07:50:00,AWS_Chennai_001,29.9,1001.27,94.87,0,0.117,NORMAL,None,[],0.1567,0.2533,0.1599,0,normal
2024-07-02 08:00:00,AWS_Chennai_001,30.04,1001.21,97.07,0,0.1394,NORMAL,None,[],0.1901,0.3374,0.1588,0,normal
2024-07-02 08:10:00,AWS_Chennai_001,30.32,1001.07,94.47,0,0.114,NORMAL,None,[],0.1669,0.2165,0.1573,0,normal
2024-07-02 08:20:00,AWS_Chennai_001,30.83,1001.08,92.6,0,0.1201,NORMAL,None,[],0.1506,0.2831,0.1624,0,normal
2024-07-02 08:30:00,AWS_Chennai_001,31.23,1001.08,89.53,0,0.165,NORMAL,None,[],0.2356,0.3875,0.1811,0,normal
2024-07-02 08:40:00,AWS_Chennai_001,31.57,1001.27,92.94,0,0.14,NORMAL,None,[],0.2561,0.1832,0.1784,0,normal
2024-07-02 08:50:00,AWS_Chennai_001,31.74,1001.27,94.75,0,0.1435,NORMAL,None,[],0.279,0.1543,0.183,0,normal
2024-07-02 09:00:00,AWS_Chennai_001,32.0,1001.31,93.03,0,0.1502,NORMAL,None,[],0.294,0.1846,0.1717,0,normal
2024-07-02 09:10:00,AWS_Chennai_001,31.78,1001.45,90.43,0,0.1574,NORMAL,None,[],0.2345,0.3508,0.1723,0,normal
2024-07-02 09:20:00,AWS_Chennai_001,32.33,1001.32,90.28,0,0.1467,NORMAL,None,[],0.2289,0.2875,0.1744,0,normal
2024-07-02 09:30:00,AWS_Chennai_001,32.4,1001.49,90.18,0,0.1564,NORMAL,None,[],0.2278,0.3581,0.1718,0,normal
2024-07-02 09:40:00,AWS_Chennai_001,33.16,1001.32,90.26,0,0.1552,NORMAL,None,[],0.2757,0.2627,0.1653,0,normal
2024-07-02 09:50:00,AWS_Chennai_001,33.31,1001.36,92.11,0,0.1246,NORMAL,None,[],0.2023,0.2067,0.1644,0,normal
2024-07-02 10:00:00,AWS_Chennai_001,33.66,1001.22,92.22,0,0.1171,NORMAL,None,[],0.2131,0.1405,0.1607,0,normal
2024-07-02 10:10:00,AWS_Chennai_001,33.69,1001.18,93.1,0,0.122,NORMAL,None,[],0.2156,0.1702,0.1589,0,normal
2024-07-02 10:20:00,AWS_Chennai_001,33.66,1001.17,92.41,0,0.1056,NORMAL,None,[],0.1733,0.1509,0.1548,0,normal
2024-07-02 10:30:00,AWS_Chennai_001,34.1,1001.3,91.35,0,0.1282,NORMAL,None,[],0.2254,0.1852,0.164,0,normal
2024-07-02 10:40:00,AWS_Chennai_001,34.15,1001.16,89.56,0,0.1232,NORMAL,None,[],0.1785,0.2565,0.1555,0,normal
2024-07-02 10:50:00,AWS_Chennai_001,34.08,1001.18,91.98,0,0.1172,NORMAL,None,[],0.2131,0.1372,0.1633,0,normal
2024-07-02 11:00:00,AWS_Chennai_001,34.02,1001.21,88.2,0,0.1392,NORMAL,None,[],0.227,0.2465,0.1705,0,normal
2024-07-02 11:10:00,AWS_Chennai_001,34.35,1001.05,86.33,0,0.1548,NORMAL,None,[],0.1942,0.39,0.1903,0,normal
2024-07-02 11:20:00,AWS_Chennai_001,34.8,1000.82,86.06,0,0.1704,NORMAL,None,[],0.2155,0.4621,0.1824,0,normal
2024-07-02 11:30:00,AWS_Chennai_001,35.15,1001.15,84.28,0,0.1606,NORMAL,None,[],0.2295,0.33,0.2114,0,normal
2024-07-02 11:40:00,AWS_Chennai_001,35.05,1001.5,83.93,0,0.1512,NORMAL,None,[],0.1727,0.364,0.2239,0,normal
2024-07-02 11:50:00,AWS_Chennai_001,34.93,1001.45,82.17,0,0.1402,NORMAL,None,[],0.1704,0.3282,0.1991,0,normal
2024-07-02 12:00:00,AWS_Chennai_001,34.89,1001.71,83.31,0,0.1417,NORMAL,None,[],0.1631,0.3516,0.2001,0,normal
2024-07-02 12:10:00,AWS_Chennai_001,34.63,1001.82,82.46,0,0.135,NORMAL,None,[],0.1477,0.3319,0.2045,0,normal
2024-07-02 12:20:00,AWS_Chennai_001,34.97,1001.87,82.81,0,0.1287,NORMAL,None,[],0.1329,0.3211,0.2033,0,normal
2024-07-02 12:30:00,AWS_Chennai_001,35.01,1001.61,82.66,0,0.1111,NORMAL,None,[],0.1247,0.2407,0.1878,0,normal
2024-07-02 12:40:00,AWS_Chennai_001,34.71,1001.81,81.42,0,0.1208,NORMAL,None,[],0.1561,0.2471,0.1842,0,normal
2024-07-02 12:50:00,AWS_Chennai_001,34.63,1001.88,82.13,0,0.1095,NORMAL,None,[],0.138,0.2105,0.1824,0,normal
2024-07-02 13:00:00,AWS_Chennai_001,34.64,1002.21,84.47,0,0.1157,NORMAL,None,[],0.1645,0.1989,0.1828,0,normal
2024-07-02 13:10:00,AWS_Chennai_001,35.22,1002.24,81.99,0,0.1257,NORMAL,None,[],0.1472,0.3016,0.1817,0,normal
2024-07-02 13:20:00,AWS_Chennai_001,35.62,1002.24,81.91,0,0.1427,NORMAL,None,[],0.1916,0.3299,0.1785,0,normal
2024-07-02 13:30:00,AWS_Chennai_001,35.83,1002.06,84.23,0,0.132,NORMAL,None,[],0.1939,0.235,0.193,0,normal
2024-07-02 13:40:00,AWS_Chennai_001,36.1,1002.19,85.32,0,0.1502,NORMAL,None,[],0.2303,0.278,0.1973,0,normal
2024-07-02 13:50:00,AWS_Chennai_001,36.25,1002.27,84.56,0,0.151,NORMAL,None,[],0.231,0.2729,0.2037,0,normal
2024-07-02 14:00:00,AWS_Chennai_001,35.95,1002.36,84.92,0,0.1416,NORMAL,None,[],0.2122,0.2626,0.1931,0,normal
2024-07-02 14:10:00,AWS_Chennai_001,36.21,1002.44,83.44,0,0.1337,NORMAL,None,[],0.2035,0.2194,0.199,0,normal
2024-07-02 14:20:00,AWS_Chennai_001,35.66,1002.47,83.27,0,0.1156,NORMAL,None,[],0.1908,0.1483,0.1805,0,normal
2024-07-02 14:30:00,AWS_Chennai_001,35.58,1002.28,84.77,0,0.1159,NORMAL,None,[],0.1729,0.1815,0.1839,0,normal
2024-07-02 14:40:00,AWS_Chennai_001,35.86,1002.2,85.79,0,0.1193,NORMAL,None,[],0.1619,0.2288,0.182,0,normal
2024-07-02 14:50:00,AWS_Chennai_001,36.08,1002.27,84.12,0,0.115,NORMAL,None,[],0.1763,0.1604,0.1905,0,normal
2024-07-02 15:00:00,AWS_Chennai_001,36.41,1002.35,83.69,0,0.1215,NORMAL,None,[],0.1906,0.1769,0.1889,0,normal
2024-07-02 15:10:00,AWS_Chennai_001,36.47,1002.61,82.91,0,0.1417,NORMAL,None,[],0.213,0.2642,0.191,0,normal
2024-07-02 15:20:00,AWS_Chennai_001,36.51,1002.91,81.24,0,0.1588,NORMAL,None,[],0.2167,0.3838,0.1813,0,normal
2024-07-02 15:30:00,AWS_Chennai_001,36.17,1002.81,81.09,0,0.1497,NORMAL,None,[],0.243,0.2977,0.1606,0,normal
2024-07-02 15:40:00,AWS_Chennai_001,35.95,1002.85,79.95,0,0.1344,NORMAL,None,[],0.1922,0.2979,0.1602,0,normal
2024-07-02 15:50:00,AWS_Chennai_001,35.61,1002.89,80.34,0,0.1299,NORMAL,None,[],0.1791,0.2938,0.1607,0,normal
2024-07-02 16:00:00,AWS_Chennai_001,35.65,1002.91,81.75,0,0.1143,NORMAL,None,[],0.1687,0.2334,0.1432,0,normal
2024-07-02 16:10:00,AWS_Chennai_001,35.08,1002.81,84.7,0,0.1459,NORMAL,None,[],0.224,0.3129,0.159,0,normal
2024-07-02 16:20:00,AWS_Chennai_001,34.99,1002.88,85.15,0,0.1274,NORMAL,None,[],0.1737,0.3166,0.139,0,normal
2024-07-02 16:30:00,AWS_Chennai_001,34.93,1002.8,90.52,0,0.2044,NORMAL,None,[],0.3035,0.4048,0.2631,0,normal
2024-07-02 16:40:00,AWS_Chennai_001,34.61,1002.75,86.63,0,0.165,NORMAL,None,[],0.2236,0.2758,0.2828,0,normal
2024-07-02 16:50:00,AWS_Chennai_001,34.77,1002.63,86.47,0,0.1097,NORMAL,None,[],0.1642,0.1886,0.161,0,normal
2024-07-02 17:00:00,AWS_Chennai_001,34.32,1002.54,86.12,0,0.1074,NORMAL,None,[],0.1444,0.2283,0.1492,0,normal
2024-07-02 17:10:00,AWS_Chennai_001,34.04,1002.47,85.99,0,0.1,NORMAL,None,[],0.1115,0.2435,0.1503,0,normal
2024-07-02 17:20:00,AWS_Chennai_001,33.74,1002.61,87.41,0,0.1031,NORMAL,None,[],0.1242,0.2332,0.1543,0,normal
2024-07-02 17:30:00,AWS_Chennai_001,33.77,1002.43,89.32,0,0.1205,NORMAL,None,[],0.1439,0.3064,0.1567,0,normal
2024-07-02 17:40:00,AWS_Chennai_001,33.87,1002.29,91.54,0,0.1332,NORMAL,None,[],0.1588,0.3641,0.1545,0,normal
2024-07-02 17:50:00,AWS_Chennai_001,33.42,1001.96,93.02,0,0.1682,NORMAL,None,[],0.2268,0.4516,0.1622,0,normal
2024-07-02 18:00:00,AWS_Chennai_001,32.96,1002.04,91.89,0,0.1411,NORMAL,None,[],0.1687,0.3842,0.1641,0,normal
2024-07-02 18:10:00,AWS_Chennai_001,32.19,1002.16,89.83,0,0.1199,NORMAL,None,[],0.1419,0.3206,0.1462,0,normal
2024-07-02 18:20:00,AWS_Chennai_001,31.36,1001.8,85.8,0,0.1527,NORMAL,None,[],0.2216,0.338,0.1776,0,normal
2024-07-02 18:30:00,AWS_Chennai_001,30.73,1001.42,86.11,0,0.1996,NORMAL,None,[],0.2312,0.3592,0.3819,0,normal
2024-07-02 18:40:00,AWS_Chennai_001,29.77,1001.22,89.95,0,0.2425,NORMAL,None,[],0.2795,0.3953,0.4968,0,normal
2024-07-02 18:50:00,AWS_Chennai_001,29.64,1001.2,87.67,0,0.1927,NORMAL,None,[],0.2198,0.2924,0.4144,0,normal
2024-07-02 19:00:00,AWS_Chennai_001,29.33,1001.17,85.53,0,0.1569,NORMAL,None,[],0.1797,0.3327,0.2656,0,normal
2024-07-02 19:10:00,AWS_Chennai_001,29.15,1001.32,85.38,0,0.1084,NORMAL,None,[],0.1246,0.2956,0.1333,0,normal
2024-07-02 19:20:00,AWS_Chennai_001,28.89,1000.97,83.66,0,0.1301,NORMAL,None,[],0.1486,0.3557,0.1607,0,normal
2024-07-02 19:30:00,AWS_Chennai_001,29.01,1000.85,82.73,0,0.1109,NORMAL,None,[],0.0928,0.3422,0.1584,0,normal
2024-07-02 19:40:00,AWS_Chennai_001,28.6,1000.82,81.51,0,0.1136,NORMAL,None,[],0.0968,0.3421,0.1662,0,normal
2024-07-02 19:50:00,AWS_Chennai_001,28.46,1000.6,83.25,0,0.1138,NORMAL,None,[],0.1266,0.2968,0.1565,0,normal
2024-07-02 20:00:00,AWS_Chennai_001,27.97,1000.8,83.72,0,0.097,NORMAL,None,[],0.0959,0.2545,0.1505,0,normal
2024-07-02 20:10:00,AWS_Chennai_001,27.57,1000.94,82.12,0,0.0991,NORMAL,None,[],0.0822,0.2587,0.1783,0,normal
2024-07-02 20:20:00,AWS_Chennai_001,27.27,1000.92,82.48,0,0.0941,NORMAL,None,[],0.0716,0.238,0.1846,0,normal
2024-07-02 20:30:00,AWS_Chennai_001,26.56,1000.77,83.26,0,0.1064,NORMAL,None,[],0.1058,0.2408,0.1929,0,normal
2024-07-02 20:40:00,AWS_Chennai_001,26.08,1000.96,84.49,0,0.1117,NORMAL,None,[],0.1384,0.1837,0.2132,0,normal
2024-07-02 20:50:00,AWS_Chennai_001,25.88,1000.92,87.71,0,0.108,NORMAL,None,[],0.1323,0.2135,0.1812,0,normal
2024-07-02 21:00:00,AWS_Chennai_001,26.11,1000.99,85.85,0,0.0749,NORMAL,None,[],0.0799,0.146,0.1453,0,normal
2024-07-02 21:10:00,AWS_Chennai_001,26.55,1001.16,85.98,0,0.0597,NORMAL,None,[],0.0371,0.1459,0.1334,0,normal
2024-07-02 21:20:00,AWS_Chennai_001,26.3,1001.14,84.53,0,0.0546,NORMAL,None,[],0.0221,0.1373,0.1371,0,normal
2024-07-02 21:30:00,AWS_Chennai_001,26.1,1001.26,82.24,0,0.0836,NORMAL,None,[],0.0465,0.2601,0.1533,0,normal
2024-07-02 21:40:00,AWS_Chennai_001,25.95,1001.27,82.94,0,0.0742,NORMAL,None,[],0.0346,0.2335,0.1437,0,normal
2024-07-02 21:50:00,AWS_Chennai_001,25.55,1001.09,85.07,0,0.0668,NORMAL,None,[],0.043,0.1796,0.1351,0,normal
2024-07-02 22:00:00,AWS_Chennai_001,25.15,1001.29,84.75,0,0.0821,NORMAL,None,[],0.0637,0.2469,0.1296,0,normal
2024-07-02 22:10:00,AWS_Chennai_001,25.47,1001.26,83.41,0,0.0658,NORMAL,None,[],0.0311,0.2002,0.1324,0,normal
2024-07-02 22:20:00,AWS_Chennai_001,25.7,1001.3,86.06,0,0.0786,NORMAL,None,[],0.0503,0.2522,0.1284,0,normal
2024-07-02 22:30:00,AWS_Chennai_001,25.93,1001.3,85.73,0,0.0892,NORMAL,None,[],0.1121,0.1982,0.1289,0,normal
2024-07-02 22:40:00,AWS_Chennai_001,25.9,1001.36,84.78,0,0.0792,NORMAL,None,[],0.0979,0.1545,0.1335,0,normal
2024-07-02 22:50:00,AWS_Chennai_001,26.1,1001.33,84.55,0,0.0853,NORMAL,None,[],0.0758,0.1016,0.2367,0,normal
2024-07-02 23:00:00,AWS_Chennai_001,25.89,1001.44,83.94,0,0.0806,NORMAL,None,[],0.0948,0.1647,0.1373,0,normal
2024-07-02 23:10:00,AWS_Chennai_001,25.88,1001.92,84.31,0,0.1097,NORMAL,None,[],0.157,0.2421,0.1315,0,normal
2024-07-02 23:20:00,AWS_Chennai_001,25.71,1001.71,84.82,0,0.0941,NORMAL,None,[],0.1361,0.1802,0.1311,0,normal
2024-07-02 23:30:00,AWS_Chennai_001,25.34,1001.71,85.46,0,0.0942,NORMAL,None,[],0.0933,0.2666,0.131,0,normal
2024-07-02 23:40:00,AWS_Chennai_001,24.8,1001.78,86.29,0,0.1128,NORMAL,None,[],0.1114,0.3717,0.1182,0,normal
2024-07-02 23:50:00,AWS_Chennai_001,24.42,1001.77,83.88,0,0.1167,NORMAL,None,[],0.1376,0.3392,0.1228,0,normal
2024-07-03 00:00:00,AWS_Chennai_001,24.93,1001.9,84.07,0,0.108,NORMAL,None,[],0.1476,0.2561,0.1266,0,normal
2024-07-03 00:10:00,AWS_Chennai_001,24.88,1002.14,84.37,0,0.1074,NORMAL,None,[],0.1452,0.2584,0.1251,0,normal
2024-07-03 00:20:00,AWS_Chennai_001,24.99,1002.42,84.28,0,0.1111,NORMAL,None,[],0.1601,0.26,0.1205,0,normal
2024-07-03 00:30:00,AWS_Chennai_001,24.66,1002.34,86.86,0,0.1226,NORMAL,None,[],0.137,0.3911,0.114,0,normal
2024-07-03 00:40:00,AWS_Chennai_001,24.7,1002.32,88.63,0,0.1202,NORMAL,None,[],0.1203,0.408,0.1145,0,normal
2024-07-03 00:50:00,AWS_Chennai_001,25.02,1002.29,87.39,0,0.085,NORMAL,None,[],0.0761,0.2529,0.121,0,normal
2024-07-03 01:00:00,AWS_Chennai_001,24.55,1002.09,87.27,0,0.0855,NORMAL,None,[],0.0818,0.2471,0.1193,0,normal
2024-07-03 01:10:00,AWS_Chennai_001,24.3,1002.43,87.65,0,0.1038,NORMAL,None,[],0.1065,0.3196,0.1194,0,normal
2024-07-03 01:20:00,AWS_Chennai_001,23.75,1002.7,88.16,0,0.1269,NORMAL,None,[],0.1452,0.3946,0.1205,0,normal
2024-07-03 01:30:00,AWS_Chennai_001,24.03,1002.84,88.84,0,0.1101,NORMAL,None,[],0.1076,0.3651,0.1153,0,normal
2024-07-03 01:40:00,AWS_Chennai_001,24.23,1002.91,87.39,0,0.0995,NORMAL,None,[],0.1203,0.2613,0.1211,0,normal
2024-07-03 01:50:00,AWS_Chennai_001,24.38,1003.09,87.36,0,0.102,NORMAL,None,[],0.1359,0.2415,0.1253,0,normal
2024-07-03 02:00:00,AWS_Chennai_001,24.58,1003.17,90.36,0,0.1218,NORMAL,None,[],0.1823,0.3023,0.1087,0,normal
2024-07-03 02:10:00,AWS_Chennai_001,24.52,1003.13,90.32,0,0.1008,NORMAL,None,[],0.1351,0.2588,0.107,0,normal
2024-07-03 02:20:00,AWS_Chennai_001,24.52,1002.8,89.49,0,0.101,NORMAL,None,[],0.185,0.1546,0.1115,0,normal
2024-07-03 02:30:00,AWS_Chennai_001,24.63,1002.82,88.47,0,0.0893,NORMAL,None,[],0.1731,0.1136,0.1018,0,normal
2024-07-03 02:40:00,AWS_Chennai_001,24.45,1002.79,87.49,0,0.0786,NORMAL,None,[],0.162,0.0647,0.1014,0,normal
2024-07-03 02:50:00,AWS_Chennai_001,24.32,1002.74,89.11,0,0.0824,NORMAL,None,[],0.1411,0.1302,0.1028,0,normal
2024-07-03 03:00:00,AWS_Chennai_001,24.66,1002.88,89.94,0,0.0936,NORMAL,None,[],0.1608,0.1685,0.1003,0,normal
2024-07-03 03:10:00,AWS_Chennai_001,24.47,1003.02,89.63,0,0.0899,NORMAL,None,[],0.1586,0.1434,0.1041,0,normal
2024-07-03 03:20:00,AWS_Chennai_001,24.5,1003.2,89.92,0,0.0924,NORMAL,None,[],0.1409,0.1957,0.1037,0,normal
2024-07-03 03:30:00,AWS_Chennai_001,24.6,1002.97,90.8,0,0.0977,NORMAL,None,[],0.1533,0.2049,0.1048,0,normal
2024-07-03 03:40:00,AWS_Chennai_001,24.32,1003.11,90.64,0,0.0986,NORMAL,None,[],0.1538,0.2,0.1123,0,normal
2024-07-03 03:50:00,AWS_Chennai_001,23.69,1003.04,90.41,0,0.1185,NORMAL,None,[],0.1679,0.2995,0.1159,0,normal
2024-07-03 04:00:00,AWS_Chennai_001,23.9,1003.09,90.05,0,0.105,NORMAL,None,[],0.1639,0.2166,0.1166,0,normal
2024-07-03 04:10:00,AWS_Chennai_001,24.26,1002.56,89.13,0,0.1025,NORMAL,None,[],0.1642,0.1808,0.1304,0,normal
2024-07-03 04:20:00,AWS_Chennai_001,23.96,1002.34,90.76,0,0.1382,NORMAL,None,[],0.197,0.3753,0.1139,0,normal
2024-07-03 04:30:00,AWS_Chennai_001,24.26,1002.21,92.64,0,0.1441,NORMAL,None,[],0.2267,0.3649,0.107,0,normal
2024-07-03 04:40:00,AWS_Chennai_001,24.33,1002.13,91.62,0,0.1209,NORMAL,None,[],0.2036,0.2629,0.1017,0,normal
2024-07-03 04:50:00,AWS_Chennai_001,24.13,1002.2,92.66,0,0.1105,NORMAL,None,[],0.1389,0.3205,0.1035,0,normal
2024-07-03 05:00:00,AWS_Chennai_001,24.44,1001.84,92.87,0,0.1282,NORMAL,None,[],0.1948,0.32,0.109,0,normal
2024-07-03 05:10:00,AWS_Chennai_001,24.84,1001.71,92.7,0,0.1279,NORMAL,None,[],0.16,0.3834,0.112,0,normal
2024-07-03 05:20:00,AWS_Chennai_001,24.49,1001.51,91.97,0,0.1082,NORMAL,None,[],0.1541,0.2503,0.1222,0,normal
2024-07-03 05:30:00,AWS_Chennai_001,24.62,1001.55,90.0,0,0.0903,NORMAL,None,[],0.1137,0.227,0.1107,0,normal
2024-07-03 05:40:00,AWS_Chennai_001,24.74,1001.46,90.69,0,0.0907,NORMAL,None,[],0.1198,0.2185,0.1098,0,normal
2024-07-03 05:50:00,AWS_Chennai_001,25.38,1001.7,88.2,0,0.1404,NORMAL,None,[],0.1717,0.4064,0.1394,0,normal
2024-07-03 06:00:00,AWS_Chennai_001,25.65,1001.49,87.96,0,0.1416,NORMAL,None,[],0.173,0.4081,0.1426,0,normal
2024-07-03 06:10:00,AWS_Chennai_001,26.05,1001.46,87.76,0,0.126,NORMAL,None,[],0.1228,0.3948,0.15,0,normal
2024-07-03 06:20:00,AWS_Chennai_001,26.74,1001.53,87.24,0,0.1293,NORMAL,None,[],0.132,0.3922,0.1546,0,normal
2024-07-03 06:30:00,AWS_Chennai_001,26.97,1001.62,88.06,0,0.1127,NORMAL,None,[],0.1213,0.3058,0.1519,0,normal
2024-07-03 06:40:00,AWS_Chennai_001,27.04,1001.31,86.15,0,0.1326,NORMAL,None,[],0.1593,0.3622,0.1523,0,normal
2024-07-03 06:50:00,AWS_Chennai_001,27.29,1001.01,85.88,0,0.1185,NORMAL,None,[],0.1083,0.3768,0.1475,0,normal
2024-07-03 07:00:00,AWS_Chennai_001,27.44,1001.13,83.76,0,0.1266,NORMAL,None,[],0.1207,0.3799,0.1672,0,normal
2024-07-03 07:10:00,AWS_Chennai_001,27.14,1001.04,84.68,0,0.1071,NORMAL,None,[],0.0854,0.3172,0.1695,0,normal
2024-07-03 07:20:00,AWS_Chennai_001,27.75,1000.88,85.3,0,0.1174,NORMAL,None,[],0.1195,0.3273,0.1623,0,normal
2024-07-03 07:30:00,AWS_Chennai_001,27.68,1000.74,86.04,0,0.1118,NORMAL,None,[],0.117,0.2948,0.1626,0,normal
2024-07-03 07:40:00,AWS_Chennai_001,28.16,1000.58,86.6,0,0.1117,NORMAL,None,[],0.1193,0.2956,0.1581,0,normal
2024-07-03 07:50:00,AWS_Chennai_001,27.84,1000.55,84.71,0,0.1113,NORMAL,None,[],0.1116,0.3019,0.1629,0,normal
2024-07-03 08:00:00,AWS_Chennai_001,27.94,1000.36,85.36,0,0.1183,NORMAL,None,[],0.153,0.2852,0.1478,0,normal
2024-07-03 08:10:00,AWS_Chennai_001,28.44,1000.28,85.7,0,0.1134,NORMAL,None,[],0.1411,0.2776,0.147,0,normal
2024-07-03 08:20:00,AWS_Chennai_001,28.83,1000.28,88.7,0,0.1377,NORMAL,None,[],0.2184,0.3015,0.1347,0,normal
2024-07-03 08:30:00,AWS_Chennai_001,28.87,1000.3,87.73,0,0.127,NORMAL,None,[],0.2048,0.2503,0.1398,0,normal
2024-07-03 08:40:00,AWS_Chennai_001,29.05,1000.35,86.95,0,0.1111,NORMAL,None,[],0.1719,0.2186,0.1338,0,normal
2024-07-03 08:50:00,AWS_Chennai_001,29.07,1000.38,88.43,0,0.1254,NORMAL,None,[],0.1782,0.2765,0.1525,0,normal
2024-07-03 09:00:00,AWS_Chennai_001,29.7,1000.46,86.87,0,0.1264,NORMAL,None,[],0.2204,0.2151,0.1399,0,normal
2024-07-03 09:10:00,AWS_Chennai_001,30.06,1000.66,88.28,0,0.1348,NORMAL,None,[],0.2243,0.2569,0.1446,0,normal
2024-07-03 09:20:00,AWS_Chennai_001,30.47,1000.63,87.53,0,0.1045,NORMAL,None,[],0.1378,0.2171,0.1532,0,normal
2024-07-03 09:30:00,AWS_Chennai_001,30.97,1000.77,84.48,0,0.1184,NORMAL,None,[],0.1581,0.2732,0.1498,0,normal
2024-07-03 09:40:00,AWS_Chennai_001,31.42,1000.9,82.89,0,0.136,NORMAL,None,[],0.1671,0.3664,0.1546,0,normal
2024-07-03 09:50:00,AWS_Chennai_001,31.41,1000.8,81.7,0,0.1373,NORMAL,None,[],0.1807,0.3379,0.1619,0,normal
2024-07-03 10:00:00,AWS_Chennai_001,31.25,1000.91,80.35,0,0.1406,NORMAL,None,[],0.1508,0.3692,0.1997,0,normal
2024-07-03 10:10:00,AWS_Chennai_001,31.51,1000.89,80.63,0,0.12,NORMAL,None,[],0.1171,0.3389,0.1701,0,normal
2024-07-03 10:20:00,AWS_Chennai_001,31.46,1000.98,81.1,0,0.1163,NORMAL,None,[],0.1168,0.3194,0.1668,0,normal
2024-07-03 10:30:00,AWS_Chennai_001,31.97,1001.33,77.83,0,0.1578,NORMAL,None,[],0.1878,0.4388,0.1782,0,normal
2024-07-03 10:40:00,AWS_Chennai_001,32.31,1001.25,74.96,0,0.1445,NORMAL,None,[],0.1567,0.4119,0.1786,0,normal
2024-07-03 10:50:00,AWS_Chennai_001,32.78,1001.49,74.54,0,0.1598,NORMAL,None,[],0.2014,0.4162,0.1848,0,normal
2024-07-03 11:00:00,AWS_Chennai_001,33.06,1001.55,75.37,0,0.1365,NORMAL,None,[],0.1492,0.3717,0.1799,0,normal
2024-07-03 11:10:00,AWS_Chennai_001,33.52,1001.66,76.02,0,0.1404,NORMAL,None,[],0.1715,0.3537,0.1796,0,normal
2024-07-03 11:20:00,AWS_Chennai_001,34.07,1001.69,77.5,0,0.1335,NORMAL,None,[],0.1725,0.3198,0.1688,0,normal
2024-07-03 11:30:00,AWS_Chennai_001,33.97,1001.98,78.63,0,0.1355,NORMAL,None,[],0.1842,0.3007,0.1755,0,normal
2024-07-03 11:40:00,AWS_Chennai_001,34.0,1001.7,78.6,0,0.1154,NORMAL,None,[],0.1503,0.2334,0.1765,0,normal
2024-07-03 11:50:00,AWS_Chennai_001,33.8,1001.8,80.75,0,0.1052,NORMAL,None,[],0.1347,0.1913,0.1803,0,normal
2024-07-03 12:00:00,AWS_Chennai_001,33.99,1001.85,81.14,0,0.0964,NORMAL,None,[],0.1009,0.2053,0.1768,0,normal
2024-07-03 12:10:00,AWS_Chennai_001,34.21,1001.57,81.36,0,0.0874,NORMAL,None,[],0.0951,0.1731,0.1646,0,normal
2024-07-03 12:20:00,AWS_Chennai_001,34.52,1001.61,82.68,0,0.0939,NORMAL,None,[],0.0825,0.2275,0.175,0,normal
2024-07-03 12:30:00,AWS_Chennai_001,34.6,1001.81,85.87,0,0.134,NORMAL,None,[],0.1641,0.3217,0.1826,0,normal
2024-07-03 12:40:00,AWS_Chennai_001,34.67,1001.6,84.99,0,0.1181,NORMAL,None,[],0.1615,0.2385,0.1691,0,normal
2024-07-03 12:50:00,AWS_Chennai_001,34.26,1001.77,86.62,0,0.1219,NORMAL,None,[],0.1617,0.2515,0.1783,0,normal
2024-07-03 13:00:00,AWS_Chennai_001,34.55,1001.91,85.29,0,0.1109,NORMAL,None,[],0.1288,0.2511,0.173,0,normal
2024-07-03 13:10:00,AWS_Chennai_001,35.09,1002.1,85.42,0,0.1287,NORMAL,None,[],0.1498,0.3161,0.1815,0,normal
2024-07-03 13:20:00,AWS_Chennai_001,35.2,1002.19,85.79,0,0.1412,NORMAL,None,[],0.1755,0.3389,0.1885,0,normal
2024-07-03 13:30:00,AWS_Chennai_001,35.05,1002.48,85.7,0,0.1462,NORMAL,None,[],0.1833,0.3505,0.193,0,normal
2024-07-03 13:40:00,AWS_Chennai_001,35.27,1002.47,85.94,0,0.139,NORMAL,None,[],0.1654,0.3376,0.1938,0,normal
2024-07-03 13:50:00,AWS_Chennai_001,34.62,1002.35,85.57,0,0.1131,NORMAL,None,[],0.145,0.2048,0.1942,0,normal
2024-07-03 14:00:00,AWS_Chennai_001,34.23,1002.76,82.83,0,0.1141,NORMAL,None,[],0.1751,0.1959,0.1611,0,normal
2024-07-03 14:10:00,AWS_Chennai_001,34.35,1003.04,83.46,0,0.1113,NORMAL,None,[],0.1669,0.1993,0.1565,0,normal
2024-07-03 14:20:00,AWS_Chennai_001,34.27,1002.97,84.34,0,0.0965,NORMAL,None,[],0.1371,0.1919,0.1332,0,normal
2024-07-03 14:30:00,AWS_Chennai_001,34.05,1002.97,85.21,0,0.1069,NORMAL,None,[],0.1523,0.2308,0.133,0,normal
2024-07-03 14:40:00,AWS_Chennai_001,33.99,1003.0,84.54,0,0.0997,NORMAL,None,[],0.1434,0.1991,0.1341,0,normal
2024-07-03 14:50:00,AWS_Chennai_001,33.73,1003.19,86.45,0,0.1308,NORMAL,None,[],0.1866,0.3211,0.1332,0,normal
2024-07-03 15:00:00,AWS_Chennai_001,33.6,1003.13,86.01,0,0.1154,NORMAL,None,[],0.1521,0.2847,0.1355,0,normal
2024-07-03 15:10:00,AWS_Chennai_001,33.73,1002.97,85.73,0,0.1133,NORMAL,None,[],0.1832,0.2079,0.1358,0,normal
2024-07-03 15:20:00,AWS_Chennai_001,33.77,1003.06,81.42,0,0.1623,NORMAL,None,[],0.2594,0.3612,0.1516,0,normal
2024-07-03 15:30:00,AWS_Chennai_001,33.86,1003.1,83.01,0,0.1115,NORMAL,None,[],0.1569,0.2369,0.1444,0,normal
2024-07-03 15:40:00,AWS_Chennai_001,33.66,1003.0,84.81,0,0.0952,NORMAL,None,[],0.1511,0.1384,0.1457,0,normal
2024-07-03 15:50:00,AWS_Chennai_001,33.15,1003.23,88.56,0,0.171,NORMAL,None,[],0.2798,0.376,0.1531,0,normal
2024-07-03 16:00:00,AWS_Chennai_001,33.19,1003.29,86.16,0,0.1156,NORMAL,None,[],0.1635,0.2476,0.1473,0,normal
2024-07-03 16:10:00,AWS_Chennai_001,32.88,1003.39,86.67,0,0.1192,NORMAL,None,[],0.149,0.297,0.1494,0,normal
2024-07-03 16:20:00,AWS_Chennai_001,32.73,1003.35,87.37,0,0.1111,NORMAL,None,[],0.126,0.309,0.1346,0,normal
2024-07-03 16:30:00,AWS_Chennai_001,32.56,1003.28,87.21,0,0.0965,NORMAL,None,[],0.0969,0.2747,0.131,0,normal
2024-07-03 16:40:00,AWS_Chennai_001,32.17,1003.27,89.83,0,0.1271,NORMAL,None,[],0.149,0.3678,0.1361,0,normal
2024-07-03 16:50:00,AWS_Chennai_001,32.64,1002.98,90.46,0,0.1192,NORMAL,None,[],0.1513,0.2966,0.1468,0,normal
2024-07-03 17:00:00,AWS_Chennai_001,32.66,1002.83,88.9,0,0.1051,NORMAL,None,[],0.1023,0.3012,0.1463,0,normal
2024-07-03 17:10:00,AWS_Chennai_001,32.08,1002.69,89.38,0,0.1239,NORMAL,None,[],0.1229,0.3797,0.1502,0,normal
2024-07-03 17:20:00,AWS_Chennai_001,31.88,1002.52,87.43,0,0.1095,NORMAL,None,[],0.0984,0.3344,0.1493,0,normal
2024-07-03 17:30:00,AWS_Chennai_001,31.84,1002.62,86.07,0,0.0927,NORMAL,None,[],0.0766,0.2645,0.1505,0,normal
2024-07-03 17:40:00,AWS_Chennai_001,31.83,1002.27,85.18,0,0.1198,NORMAL,None,[],0.1345,0.3314,0.1486,0,normal
2024-07-03 17:50:00,AWS_Chennai_001,31.91,1002.05,84.42,0,0.1097,NORMAL,None,[],0.101,0.3304,0.1491,0,normal
2024-07-03 18:00:00,AWS_Chennai_001,31.99,1001.87,83.56,0,0.1074,NORMAL,None,[],0.0985,0.3229,0.1469,0,normal
2024-07-03 18:10:00,AWS_Chennai_001,31.81,1002.11,83.68,0,0.0929,NORMAL,None,[],0.0793,0.2682,0.1443,0,normal
2024-07-03 18:20:00,AWS_Chennai_001,31.7,1002.24,84.63,0,0.0796,NORMAL,None,[],0.0591,0.2269,0.1393,0,normal
2024-07-03 18:30:00,AWS_Chennai_001,31.29,1002.03,82.91,0,0.0947,NORMAL,None,[],0.0584,0.3366,0.1334,0,normal
2024-07-03 18:40:00,AWS_Chennai_001,31.31,1001.99,85.41,0,0.0759,NORMAL,None,[],0.0432,0.2426,0.1325,0,normal
2024-07-03 18:50:00,AWS_Chennai_001,31.29,1001.83,84.01,0,0.0821,NORMAL,None,[],0.0456,0.2797,0.1322,0,normal
2024-07-03 19:00:00,AWS_Chennai_001,31.1,1001.67,85.03,0,0.0787,NORMAL,None,[],0.0457,0.2661,0.1253,0,normal
2024-07-03 19:10:00,AWS_Chennai_001,30.57,1001.49,85.22,0,0.0872,NORMAL,None,[],0.0522,0.3078,0.1267,0,normal
2024-07-03 19:20:00,AWS_Chennai_001,30.57,1001.48,87.37,0,0.1103,NORMAL,None,[],0.1404,0.2853,0.1268,0,normal
2024-07-03 19:30:00,AWS_Chennai_001,29.92,1001.27,87.52,0,0.1334,NORMAL,None,[],0.19,0.3373,0.1288,0,normal
2024-07-03 19:40:00,AWS_Chennai_001,30.33,1001.34,86.19,0,0.0995,NORMAL,None,[],0.1354,0.226,0.1247,0,normal
2024-07-03 19:50:00,AWS_Chennai_001,30.04,1001.33,85.68,0,0.0963,NORMAL,None,[],0.1267,0.2239,0.1235,0,normal
2024-07-03 20:00:00,AWS_Chennai_001,29.97,1001.27,85.6,0,0.0919,NORMAL,None,[],0.1119,0.2212,0.1256,0,normal
2024-07-03 20:10:00,AWS_Chennai_001,30.1,1000.99,84.53,0,0.1055,NORMAL,None,[],0.1349,0.2621,0.1286,0,normal
2024-07-03 20:20:00,AWS_Chennai_001,29.6,1000.85,83.86,0,0.1077,NORMAL,None,[],0.111,0.3246,0.1287,0,normal
2024-07-03 20:30:00,AWS_Chennai_001,29.52,1001.0,85.69,0,0.0865,NORMAL,None,[],0.0772,0.2543,0.1261,0,normal
2024-07-03 20:40:00,AWS_Chennai_001,28.99,1000.97,86.73,0,0.0959,NORMAL,None,[],0.0744,0.3234,0.1252,0,normal
2024-07-03 20:50:00,AWS_Chennai_001,28.86,1001.15,86.03,0,0.0813,NORMAL,None,[],0.0697,0.2328,0.1271,0,normal
2024-07-03 21:00:00,AWS_Chennai_001,28.71,1001.1,86.76,0,0.0792,NORMAL,None,[],0.046,0.2627,0.1299,0,normal
2024-07-03 21:10:00,AWS_Chennai_001,28.2,1000.97,85.97,0,0.0819,NORMAL,None,[],0.0664,0.2433,0.1275,0,normal
2024-07-03 21:20:00,AWS_Chennai_001,27.87,1001.21,88.09,0,0.1042,NORMAL,None,[],0.113,0.2993,0.1269,0,normal
2024-07-03 21:30:00,AWS_Chennai_001,27.67,1001.24,85.94,0,0.0657,NORMAL,None,[],0.0571,0.1499,0.1306,0,normal
2024-07-03 21:40:00,AWS_Chennai_001,27.48,1001.27,88.01,0,0.0906,NORMAL,None,[],0.0858,0.254,0.1339,0,normal
2024-07-03 21:50:00,AWS_Chennai_001,27.45,1001.33,88.71,0,0.0823,NORMAL,None,[],0.0375,0.2948,0.1343,0,normal
2024-07-03 22:00:00,AWS_Chennai_001,27.41,1001.15,88.3,0,0.0741,NORMAL,None,[],0.0434,0.2256,0.1359,0,normal
2024-07-03 22:10:00,AWS_Chennai_001,27.72,1001.32,89.28,0,0.0905,NORMAL,None,[],0.0749,0.2726,0.136,0,normal
2024-07-03 22:20:00,AWS_Chennai_001,27.6,1001.45,88.04,0,0.0784,NORMAL,None,[],0.0377,0.2661,0.1357,0,normal
2024-07-03 22:30:00,AWS_Chennai_001,27.0,1001.42,89.1,0,0.0927,NORMAL,None,[],0.0566,0.3125,0.1442,0,normal
2024-07-03 22:40:00,AWS_Chennai_001,26.93,1001.6,89.82,0,0.0953,NORMAL,None,[],0.0385,0.3711,0.1405,0,normal
2024-07-03 22:50:00,AWS_Chennai_001,26.85,1001.82,91.68,0,0.1124,NORMAL,None,[],0.0678,0.4353,0.1338,0,normal
2024-07-03 23:00:00,AWS_Chennai_001,26.73,1001.7,90.38,0,0.0843,NORMAL,None,[],0.0341,0.3173,0.1323,0,normal
2024-07-03 23:10:00,AWS_Chennai_001,26.59,1001.7,93.0,0,0.115,NORMAL,None,[],0.1048,0.3666,0.1426,0,normal
2024-07-03 23:20:00,AWS_Chennai_001,26.01,1001.74,91.4,0,0.1107,NORMAL,None,[],0.1144,0.3378,0.1286,0,normal
2024-07-03 23:30:00,AWS_Chennai_001,25.99,1001.85,90.87,0,0.0975,NORMAL,None,[],0.0799,0.316,0.1307,0,normal
2024-07-03 23:40:00,AWS_Chennai_001,26.1,1001.87,90.71,0,0.0831,NORMAL,None,[],0.052,0.2762,0.1303,0,normal
2024-07-03 23:50:00,AWS_Chennai_001,25.92,1002.01,91.03,0,0.0936,NORMAL,None,[],0.0745,0.302,0.1298,0,normal
2024-07-04 00:00:00,AWS_Chennai_001,26.35,1002.26,91.96,0,0.1171,NORMAL,None,[],0.1465,0.3094,0.1337,0,normal
2024-07-04 00:10:00,AWS_Chennai_001,25.63,1002.09,93.49,0,0.1182,NORMAL,None,[],0.1206,0.3637,0.1374,0,normal
2024-07-04 00:20:00,AWS_Chennai_001,25.46,1002.19,92.52,0,0.0959,NORMAL,None,[],0.0676,0.3233,0.1356,0,normal
2024-07-04 00:30:00,AWS_Chennai_001,25.59,1002.39,90.73,0,0.0808,NORMAL,None,[],0.0582,0.2443,0.1334,0,normal
2024-07-04 00:40:00,AWS_Chennai_001,25.32,1002.18,91.2,0,0.0806,NORMAL,None,[],0.0705,0.2182,0.1337,0,normal
2024-07-04 00:50:00,AWS_Chennai_001,24.8,1002.18,92.07,0,0.0969,NORMAL,None,[],0.1028,0.2699,0.1277,0,normal
2024-07-04 01:00:00,AWS_Chennai_001,25.43,1002.31,93.99,0,0.1255,NORMAL,None,[],0.1762,0.3019,0.1368,0,normal
2024-07-04 01:10:00,AWS_Chennai_001,25.49,1002.41,93.63,0,0.1079,NORMAL,None,[],0.1338,0.2732,0.134,0,normal
2024-07-04 01:20:00,AWS_Chennai_001,25.35,1002.64,94.16,0,0.1243,NORMAL,None,[],0.158,0.334,0.1341,0,normal
2024-07-04 01:30:00,AWS_Chennai_001,25.43,1002.59,93.58,0,0.1063,NORMAL,None,[],0.1352,0.26,0.1339,0,normal
2024-07-04 01:40:00,AWS_Chennai_001,26.03,1002.63,95.54,0,0.1303,NORMAL,None,[],0.1852,0.3013,0.1476,0,normal
2024-07-04 01:50:00,AWS_Chennai_001,25.82,1002.79,95.85,0,0.1202,NORMAL,None,[],0.1645,0.2803,0.1439,0,normal
2024-07-04 02:00:00,AWS_Chennai_001,25.66,1002.92,93.39,0,0.0908,NORMAL,None,[],0.1273,0.1775,0.1299,0,normal
2024-07-04 02:10:00,AWS_Chennai_001,25.8,1003.05,93.78,0,0.0915,NORMAL,None,[],0.1141,0.2125,0.1271,0,normal
2024-07-04 02:20:00,AWS_Chennai_001,26.15,1003.05,93.52,0,0.1157,NORMAL,None,[],0.1742,0.2469,0.1319,0,normal
2024-07-04 02:30:00,AWS_Chennai_001,26.2,1003.2,94.35,0,0.1331,NORMAL,None,[],0.2075,0.2918,0.1354,0,normal
2024-07-04 02:40:00,AWS_Chennai_001,26.07,1003.05,95.28,0,0.1209,NORMAL,None,[],0.1799,0.2645,0.1365,0,normal
2024-07-04 02:50:00,AWS_Chennai_001,25.78,1002.94,94.18,0,0.0969,NORMAL,None,[],0.1723,0.1214,0.1349,0,normal
2024-07-04 03:00:00,AWS_Chennai_001,25.76,1002.81,92.42,0,0.0876,NORMAL,None,[],0.1454,0.1193,0.1304,0,normal
2024-07-04 03:10:00,AWS_Chennai_001,25.52,1002.78,93.13,0,0.0767,NORMAL,None,[],0.1317,0.072,0.132,0,normal
2024-07-04 03:20:00,AWS_Chennai_001,25.52,1002.62,93.46,0,0.0808,NORMAL,None,[],0.1572,0.0523,0.129,0,normal
2024-07-04 03:30:00,AWS_Chennai_001,25.59,1002.56,92.25,0,0.0897,NORMAL,None,[],0.1463,0.1351,0.1275,0,normal
2024-07-04 03:40:00,AWS_Chennai_001,25.32,1002.49,95.61,0,0.1257,NORMAL,None,[],0.2084,0.2457,0.132,0,normal
2024-07-04 03:50:00,AWS_Chennai_001,25.04,1002.54,94.4,0,0.1046,NORMAL,None,[],0.1537,0.2339,0.1171,0,normal
2024-07-04 04:00:00,AWS_Chennai_001,24.88,1002.41,95.54,0,0.1284,NORMAL,None,[],0.1691,0.3555,0.1216,0,normal
2024-07-04 04:10:00,AWS_Chennai_001,25.0,1002.37,96.16,0,0.1193,NORMAL,None,[],0.1392,0.3486,0.1261,0,normal
2024-07-04 04:20:00,AWS_Chennai_001,25.23,1002.22,96.83,0,0.1167,NORMAL,None,[],0.1296,0.3408,0.1337,0,normal
2024-07-04 04:30:00,AWS_Chennai_001,25.0,1002.34,97.75,0,0.1325,NORMAL,None,[],0.1738,0.3485,0.1403,0,normal
2024-07-04 04:40:00,AWS_Chennai_001,25.12,1002.29,96.72,0,0.1069,NORMAL,None,[],0.1291,0.2641,0.1429,0,normal
2024-07-04 04:50:00,AWS_Chennai_001,25.04,1002.39,95.51,0,0.0986,NORMAL,None,[],0.1541,0.1826,0.1251,0,normal
2024-07-04 05:00:00,AWS_Chennai_001,25.25,1002.07,95.52,0,0.1034,NORMAL,None,[],0.1686,0.1932,0.1194,0,normal
2024-07-04 05:10:00,AWS_Chennai_001,25.13,1001.83,95.93,0,0.1085,NORMAL,None,[],0.1452,0.2466,0.1398,0,normal
2024-07-04 05:20:00,AWS_Chennai_001,25.38,1001.74,95.08,0,0.0961,NORMAL,None,[],0.155,0.1448,0.1391,0,normal
2024-07-04 05:30:00,AWS_Chennai_001,26.25,1001.68,94.42,0,0.1279,NORMAL,None,[],0.1663,0.331,0.1416,0,normal
2024-07-04 05:40:00,AWS_Chennai_001,26.58,1001.67,95.58,0,0.1335,NORMAL,None,[],0.1676,0.3416,0.1598,0,normal
2024-07-04 05:50:00,AWS_Chennai_001,26.78,1001.77,95.87,0,0.1215,NORMAL,None,[],0.1411,0.3083,0.1647,0,normal
2024-07-04 06:00:00,AWS_Chennai_001,27.19,1001.71,95.68,0,0.1278,NORMAL,None,[],0.1657,0.2955,0.1688,0,normal
2024-07-04 06:10:00,AWS_Chennai_001,27.3,1001.75,93.15,0,0.1244,NORMAL,None,[],0.1437,0.3522,0.1425,0,normal
2024-07-04 06:20:00,AWS_Chennai_001,27.71,1001.84,93.87,0,0.1171,NORMAL,None,[],0.1351,0.2909,0.1646,0,normal
2024-07-04 06:30:00,AWS_Chennai_001,27.85,1001.86,92.28,0,0.1182,NORMAL,None,[],0.1086,0.3533,0.163,0,normal
2024-07-04 06:40:00,AWS_Chennai_001,28.26,1001.64,92.83,0,0.1186,NORMAL,None,[],0.1195,0.345,0.1548,0,normal
2024-07-04 06:50:00,AWS_Chennai_001,28.56,1001.65,91.79,0,0.1163,NORMAL,None,[],0.1036,0.3558,0.1594,0,normal
2024-07-04 07:00:00,AWS_Chennai_001,29.01,1001.32,92.52,0,0.1241,NORMAL,None,[],0.126,0.3727,0.1522,0,normal
2024-07-04 07:10:00,AWS_Chennai_001,29.27,1001.44,92.34,0,0.1131,NORMAL,None,[],0.1138,0.3212,0.1541,0,normal
2024-07-04 07:20:00,AWS_Chennai_001,30.0,1001.25,92.79,0,0.1265,NORMAL,None,[],0.1491,0.3323,0.1595,0,normal
2024-07-04 07:30:00,AWS_Chennai_001,29.89,1001.19,93.41,0,0.1148,NORMAL,None,[],0.1397,0.2783,0.1556,0,normal
2024-07-04 07:40:00,AWS_Chennai_001,30.23,1001.47,92.36,0,0.1155,NORMAL,None,[],0.1536,0.2481,0.1613,0,normal
2024-07-04 07:50:00,AWS_Chennai_001,30.76,1001.38,90.84,0,0.1241,NORMAL,None,[],0.1454,0.3298,0.1552,0,normal
2024-07-04 08:00:00,AWS_Chennai_001,30.46,1001.37,89.57,0,0.1159,NORMAL,None,[],0.1179,0.3282,0.1563,0,normal
2024-07-04 08:10:00,AWS_Chennai_001,30.93,1001.26,88.42,0,0.1217,NORMAL,None,[],0.1151,0.3727,0.1563,0,normal
2024-07-04 08:20:00,AWS_Chennai_001,31.22,1001.49,86.41,0,0.1239,NORMAL,None,[],0.1428,0.3098,0.1729,0,normal
2024-07-04 08:30:00,AWS_Chennai_001,31.7,1001.58,85.81,0,0.1294,NORMAL,None,[],0.1641,0.2933,0.1809,0,normal
2024-07-04 08:40:00,AWS_Chennai_001,32.05,1001.5,89.12,0,0.0987,NORMAL,None,[],0.1197,0.1951,0.1677,0,normal
2024-07-04 08:50:00,AWS_Chennai_001,32.15,1001.47,88.22,0,0.0939,NORMAL,None,[],0.0979,0.2082,0.1662,0,normal
2024-07-04 09:00:00,AWS_Chennai_001,31.83,1001.42,88.13,0,0.0829,NORMAL,None,[],0.0739,0.1936,0.1587,0,normal
2024-07-04 09:10:00,AWS_Chennai_001,32.48,1001.48,87.4,0,0.097,NORMAL,None,[],0.1157,0.1968,0.1637,0,normal
2024-07-04 09:20:00,AWS_Chennai_001,32.67,1001.52,86.43,0,0.1005,NORMAL,None,[],0.1049,0.2372,0.1672,0,normal
2024-07-04 09:30:00,AWS_Chennai_001,33.04,1001.75,85.53,0,0.1306,NORMAL,None,[],0.1375,0.3754,0.165,0,normal
2024-07-04 09:40:00,AWS_Chennai_001,33.55,1001.86,86.03,0,0.1358,NORMAL,None,[],0.1464,0.3852,0.1705,0,normal
2024-07-04 09:50:00,AWS_Chennai_001,33.7,1001.88,85.37,0,0.1297,NORMAL,None,[],0.1327,0.3694,0.1725,0,normal
2024-07-04 10:00:00,AWS_Chennai_001,34.4,1001.78,86.72,0,0.1246,NORMAL,None,[],0.1551,0.2919,0.1713,0,normal
2024-07-04 10:10:00,AWS_Chennai_001,34.98,1001.74,88.05,0,0.1237,NORMAL,None,[],0.1812,0.2329,0.1719,0,normal
2024-07-04 10:20:00,AWS_Chennai_001,35.11,1001.76,87.45,0,0.1187,NORMAL,None,[],0.1657,0.2281,0.1741,0,normal
2024-07-04 10:30:00,AWS_Chennai_001,34.71,1001.86,89.16,0,0.1264,NORMAL,None,[],0.1757,0.2577,0.175,0,normal
2024-07-04 10:40:00,AWS_Chennai_001,34.6,1001.99,88.49,0,0.1216,NORMAL,None,[],0.1574,0.2594,0.1772,0,normal
2024-07-04 10:50:00,AWS_Chennai_001,34.38,1002.14,90.51,0,0.1352,NORMAL,None,[],0.1673,0.3635,0.1525,0,normal
2024-07-04 11:00:00,AWS_Chennai_001,34.27,1002.2,87.73,0,0.1079,NORMAL,None,[],0.1381,0.2119,0.1735,0,normal
2024-07-04 11:10:00,AWS_Chennai_001,34.39,1002.3,89.87,0,0.1319,NORMAL,None,[],0.177,0.3186,0.155,0,normal
2024-07-04 11:20:00,AWS_Chennai_001,34.99,1002.57,88.49,0,0.1477,NORMAL,None,[],0.2296,0.298,0.1705,0,normal
2024-07-04 11:30:00,AWS_Chennai_001,35.02,1002.33,86.89,0,0.1291,NORMAL,None,[],0.1997,0.2274,0.1755,0,normal
2024-07-04 11:40:00,AWS_Chennai_001,34.68,1002.41,85.4,0,0.1274,NORMAL,None,[],0.1687,0.2642,0.186,0,normal
2024-07-04 11:50:00,AWS_Chennai_001,34.47,1002.37,83.25,0,0.1332,NORMAL,None,[],0.1713,0.2846,0.1958,0,normal
2024-07-04 12:00:00,AWS_Chennai_001,34.67,1002.46,82.53,0,0.1444,NORMAL,None,[],0.1956,0.2949,0.2073,0,normal
2024-07-04 12:10:00,AWS_Chennai_001,34.56,1002.3,83.16,0,0.1151,NORMAL,None,[],0.1668,0.1954,0.1789,0,normal
2024-07-04 12:20:00,AWS_Chennai_001,34.73,1002.42,82.46,0,0.1257,NORMAL,None,[],0.176,0.2355,0.1878,0,normal
2024-07-04 12:30:00,AWS_Chennai_001,34.77,1002.68,81.35,0,0.1377,NORMAL,None,[],0.1908,0.2962,0.18,0,normal
2024-07-04 12:40:00,AWS_Chennai_001,34.77,1002.82,-7.3,1,0.7588,HIGH,Physical Impossibility - Humidity,['out_of_range_humidity'],0.604,0.4627,0.7912,1,out_of_range_humidity
2024-07-04 12:50:00,AWS_Chennai_001,34.26,1002.59,80.5,1,0.3071,LOW,None,[],0.5633,0.1873,0.55,0,normal
2024-07-04 13:00:00,AWS_Chennai_001,34.61,1002.74,81.22,1,0.2695,LOW,None,[],0.5342,0.1165,0.4588,0,normal
2024-07-04 13:10:00,AWS_Chennai_001,34.87,1002.63,82.03,1,0.2805,LOW,None,[],0.5542,0.1363,0.4687,0,normal
2024-07-04 13:20:00,AWS_Chennai_001,34.64,1002.82,81.13,1,0.2585,LOW,None,[],0.5217,0.115,0.4234,0,normal
2024-07-04 13:30:00,AWS_Chennai_001,34.79,1002.57,79.01,1,0.2586,LOW,None,[],0.5292,0.0857,0.4346,0,normal
2024-07-04 13:40:00,AWS_Chennai_001,35.18,1002.72,77.2,0,0.2163,NORMAL,None,[],0.4787,0.2296,0.1911,0,normal
2024-07-04 13:50:00,AWS_Chennai_001,35.6,1002.6,77.34,0,0.2032,NORMAL,None,[],0.4309,0.2255,0.2005,0,normal
2024-07-04 14:00:00,AWS_Chennai_001,35.41,1002.49,79.27,0,0.1759,NORMAL,None,[],0.3744,0.1631,0.1958,0,normal
2024-07-04 14:10:00,AWS_Chennai_001,35.88,1002.56,81.64,0,0.2032,NORMAL,None,[],0.4387,0.1967,0.2106,0,normal
2024-07-04 14:20:00,AWS_Chennai_001,35.73,1002.61,81.8,0,0.193,NORMAL,None,[],0.4127,0.1716,0.2173,0,normal
2024-07-04 14:30:00,AWS_Chennai_001,35.33,1002.72,82.82,0,0.1973,NORMAL,None,[],0.4429,0.1509,0.209,0,normal
2024-07-04 14:40:00,AWS_Chennai_001,35.24,1002.5,83.28,0,0.1839,NORMAL,None,[],0.4103,0.112,0.2198,0,normal
2024-07-04 14:50:00,AWS_Chennai_001,34.76,1002.42,83.36,0,0.1825,NORMAL,None,[],0.3948,0.1512,0.2067,0,normal
2024-07-04 15:00:00,AWS_Chennai_001,34.44,1002.47,83.0,0,0.1813,NORMAL,None,[],0.3883,0.1726,0.1946,0,normal
2024-07-04 15:10:00,AWS_Chennai_001,33.88,1002.51,83.88,0,0.1937,NORMAL,None,[],0.395,0.2319,0.2023,0,normal
2024-07-04 15:20:00,AWS_Chennai_001,34.14,1002.47,83.75,0,0.1904,NORMAL,None,[],0.3989,0.2115,0.1948,0,normal
2024-07-04 15:30:00,AWS_Chennai_001,33.63,1002.78,85.97,0,0.2105,NORMAL,None,[],0.4375,0.2727,0.1918,0,normal
2024-07-04 15:40:00,AWS_Chennai_001,33.59,1002.76,81.42,0,0.1392,NORMAL,None,[],0.2359,0.2233,0.1747,0,normal
2024-07-04 15:50:00,AWS_Chennai_001,33.87,1002.84,82.72,0,0.1325,NORMAL,None,[],0.2085,0.2441,0.1665,0,normal
2024-07-04 16:00:00,AWS_Chennai_001,33.61,1002.73,81.0,0,0.1265,NORMAL,None,[],0.2168,0.1876,0.1665,0,normal
2024-07-04 16:10:00,AWS_Chennai_001,33.72,1002.88,82.91,0,0.1283,NORMAL,None,[],0.1971,0.2453,0.1617,0,normal
2024-07-04 16:20:00,AWS_Chennai_001,33.64,1002.79,81.46,0,0.1218,NORMAL,None,[],0.2081,0.1733,0.1671,0,normal
2024-07-04 16:30:00,AWS_Chennai_001,33.3,1002.82,81.23,0,0.1221,NORMAL,None,[],0.1918,0.2074,0.1672,0,normal
2024-07-04 16:40:00,AWS_Chennai_001,33.68,1002.95,80.53,0,0.1372,NORMAL,None,[],0.2266,0.2507,0.1583,0,normal
2024-07-04 16:50:00,AWS_Chennai_001,33.19,1002.82,82.38,0,0.1186,NORMAL,None,[],0.2167,0.1575,0.1496,0,normal
2024-07-04 17:00:00,AWS_Chennai_001,32.82,1002.82,81.81,0,0.1216,NORMAL,None,[],0.2012,0.2053,0.1523,0,normal
2024-07-04 17:10:00,AWS_Chennai_001,32.73,1002.82,83.6,0,0.1408,NORMAL,None,[],0.2518,0.2158,0.1644,0,normal
2024-07-04 17:20:00,AWS_Chennai_001,32.98,1002.94,83.02,0,0.1369,NORMAL,None,[],0.2542,0.1953,0.1569,0,normal
2024-07-04 17:30:00,AWS_Chennai_001,32.73,1002.68,82.92,0,0.1253,NORMAL,None,[],0.2441,0.1334,0.1605,0,normal
2024-07-04 17:40:00,AWS_Chennai_001,32.55,1002.55,82.42,0,0.1381,NORMAL,None,[],0.2485,0.207,0.1626,0,normal
2024-07-04 17:50:00,AWS_Chennai_001,32.69,1002.62,83.29,0,0.1352,NORMAL,None,[],0.2465,0.1898,0.1638,0,normal
2024-07-04 18:00:00,AWS_Chennai_001,31.92,1002.55,83.2,0,0.1494,NORMAL,None,[],0.2456,0.2975,0.1554,0,normal
2024-07-04 18:10:00,AWS_Chennai_001,31.97,1002.19,82.85,0,0.1599,NORMAL,None,[],0.2563,0.3619,0.1433,0,normal
2024-07-04 18:20:00,AWS_Chennai_001,31.44,1002.05,84.8,0,0.1785,NORMAL,None,[],0.2498,0.4828,0.1558,0,normal
2024-07-04 18:30:00,AWS_Chennai_001,30.42,1001.95,86.48,0,0.2076,NORMAL,None,[],0.2881,0.5691,0.179,0,normal
2024-07-04 18:40:00,AWS_Chennai_001,30.44,1001.8,85.79,0,0.1867,NORMAL,None,[],0.2871,0.4585,0.1591,0,normal
2024-07-04 18:50:00,AWS_Chennai_001,30.27,1001.77,86.25,0,0.1622,NORMAL,None,[],0.2332,0.4169,0.1487,0,normal
2024-07-04 19:00:00,AWS_Chennai_001,28.87,1001.54,85.3,0,0.2253,NORMAL,None,[],0.3277,0.4112,0.3267,0,normal
2024-07-04 19:10:00,AWS_Chennai_001,28.87,1001.27,84.11,0,0.1904,NORMAL,None,[],0.3487,0.3332,0.1791,0,normal
2024-07-04 19:20:00,AWS_Chennai_001,28.63,1001.04,85.52,0,0.1918,NORMAL,None,[],0.3546,0.3681,0.1512,0,normal
2024-07-04 19:30:00,AWS_Chennai_001,28.33,1001.29,84.95,0,0.1539,NORMAL,None,[],0.2656,0.2835,0.1586,0,normal
2024-07-04 19:40:00,AWS_Chennai_001,27.99,1001.37,84.37,0,0.1405,NORMAL,None,[],0.2515,0.2266,0.1551,0,normal
2024-07-04 19:50:00,AWS_Chennai_001,28.29,1001.4,84.35,0,0.1273,NORMAL,None,[],0.2299,0.1836,0.1541,0,normal
2024-07-04 20:00:00,AWS_Chennai_001,28.08,1001.79,85.51,0,0.1341,NORMAL,None,[],0.2567,0.1851,0.1464,0,normal
2024-07-04 20:10:00,AWS_Chennai_001,27.97,1001.72,87.44,0,0.1408,NORMAL,None,[],0.2474,0.2618,0.1364,0,normal
2024-07-04 20:20:00,AWS_Chennai_001,27.37,1001.64,83.47,0,0.1307,NORMAL,None,[],0.2393,0.191,0.1514,0,normal
2024-07-04 20:30:00,AWS_Chennai_001,27.09,1001.72,86.02,0,0.1137,NORMAL,None,[],0.1931,0.1787,0.1447,0,normal
2024-07-04 20:40:00,AWS_Chennai_001,27.17,1001.76,83.79,0,0.1132,NORMAL,None,[],0.2013,0.1531,0.1493,0,normal
2024-07-04 20:50:00,AWS_Chennai_001,26.85,1001.93,83.47,0,0.122,NORMAL,None,[],0.1971,0.222,0.1478,0,normal
2024-07-04 21:00:00,AWS_Chennai_001,26.72,1001.78,82.54,0,0.1282,NORMAL,None,[],0.1994,0.2492,0.1551,0,normal
2024-07-04 21:10:00,AWS_Chennai_001,26.49,1001.65,84.5,0,0.1048,NORMAL,None,[],0.1834,0.1277,0.1532,0,normal
2024-07-04 21:20:00,AWS_Chennai_001,26.48,1001.78,82.85,0,0.1268,NORMAL,None,[],0.192,0.251,0.158,0,normal
2024-07-04 21:30:00,AWS_Chennai_001,26.78,1001.76,86.11,0,0.1238,NORMAL,None,[],0.2098,0.1918,0.1605,0,normal
2024-07-04 21:40:00,AWS_Chennai_001,26.67,1001.51,88.38,0,0.1454,NORMAL,None,[],0.2436,0.2663,0.1621,0,normal
2024-07-04 21:50:00,AWS_Chennai_001,26.55,1001.17,88.83,0,0.1654,NORMAL,None,[],0.2672,0.3545,0.1606,0,normal
2024-07-04 22:00:00,AWS_Chennai_001,26.54,1001.38,83.66,0,0.1444,NORMAL,None,[],0.2732,0.1811,0.1764,0,normal
2024-07-04 22:10:00,AWS_Chennai_001,26.81,1001.34,87.02,0,0.1345,NORMAL,None,[],0.1989,0.1845,0.2359,0,normal
2024-07-04 22:20:00,AWS_Chennai_001,26.2,1001.45,87.93,0,0.1264,NORMAL,None,[],0.1963,0.243,0.1555,0,normal
2024-07-04 22:30:00,AWS_Chennai_001,26.01,1001.36,87.63,0,0.1101,NORMAL,None,[],0.1298,0.2664,0.1559,0,normal
2024-07-04 22:40:00,AWS_Chennai_001,25.86,1001.21,89.38,0,0.1301,NORMAL,None,[],0.153,0.3541,0.1552,0,normal
2024-07-04 22:50:00,AWS_Chennai_001,25.49,1001.4,86.88,0,0.1144,NORMAL,None,[],0.163,0.2311,0.1544,0,normal
2024-07-04 23:00:00,AWS_Chennai_001,25.41,1001.44,87.16,0,0.1,NORMAL,None,[],0.123,0.2151,0.1541,0,normal
2024-07-04 23:10:00,AWS_Chennai_001,25.68,1001.48,86.77,0,0.0939,NORMAL,None,[],0.1354,0.1507,0.1531,0,normal
2024-07-04 23:20:00,AWS_Chennai_001,25.58,1001.69,85.27,0,0.0934,NORMAL,None,[],0.118,0.178,0.1562,0,normal
2024-07-04 23:30:00,AWS_Chennai_001,25.25,1001.45,88.7,0,0.1216,NORMAL,None,[],0.1814,0.24,0.1559,0,normal
2024-07-04 23:40:00,AWS_Chennai_001,24.89,1001.23,87.7,0,0.1133,NORMAL,None,[],0.1317,0.2853,0.1551,0,normal
2024-07-04 23:50:00,AWS_Chennai_001,24.71,1001.53,87.27,0,0.0969,NORMAL,None,[],0.1285,0.1875,0.1509,0,normal
2024-07-05 00:00:00,AWS_Chennai_001,24.81,1001.35,87.87,0,0.1059,NORMAL,None,[],0.1561,0.1991,0.1462,0,normal
2024-07-05 00:10:00,AWS_Chennai_001,24.33,1001.4,86.98,0,0.1007,NORMAL,None,[],0.1595,0.1576,0.1463,0,normal
2024-07-05 00:20:00,AWS_Chennai_001,24.38,1001.59,85.28,0,0.1236,NORMAL,None,[],0.1619,0.2911,0.1569,0,normal
2024-07-05 00:30:00,AWS_Chennai_001,24.07,1001.7,86.7,0,0.1257,NORMAL,None,[],0.1743,0.2893,0.15,0,normal
2024-07-05 00:40:00,AWS_Chennai_001,24.54,1001.71,84.78,0,0.0959,NORMAL,None,[],0.0747,0.3134,0.1324,0,normal
2024-07-05 00:50:00,AWS_Chennai_001,24.62,1001.67,83.8,0,0.0808,NORMAL,None,[],0.0317,0.2972,0.1338,0,normal
2024-07-05 01:00:00,AWS_Chennai_001,25.06,1001.86,83.17,0,0.1065,NORMAL,None,[],0.1037,0.3269,0.1317,0,normal
2024-07-05 01:10:00,AWS_Chennai_001,25.05,1001.93,83.91,0,0.0842,NORMAL,None,[],0.0584,0.2657,0.1342,0,normal
2024-07-05 01:20:00,AWS_Chennai_001,24.93,1001.72,82.9,0,0.0716,NORMAL,None,[],0.0447,0.2085,0.1347,0,normal
2024-07-05 01:30:00,AWS_Chennai_001,24.77,1001.81,81.78,0,0.0879,NORMAL,None,[],0.0761,0.2588,0.1316,0,normal
2024-07-05 01:40:00,AWS_Chennai_001,24.84,1001.84,81.2,0,0.0847,NORMAL,None,[],0.0746,0.2426,0.1298,0,normal
2024-07-05 01:50:00,AWS_Chennai_001,24.47,1001.99,82.43,0,0.0923,NORMAL,None,[],0.0821,0.2794,0.1289,0,normal
2024-07-05 02:00:00,AWS_Chennai_001,24.73,1002.14,83.89,0,0.0735,NORMAL,None,[],0.0658,0.1986,0.12,0,normal
2024-07-05 02:10:00,AWS_Chennai_001,24.86,1001.93,83.93,0,0.0571,NORMAL,None,[],0.0515,0.1215,0.1173,0,normal
2024-07-05 02:20:00,AWS_Chennai_001,24.44,1002.21,84.36,0,0.0803,NORMAL,None,[],0.0848,0.2156,0.1123,0,normal
2024-07-05 02:30:00,AWS_Chennai_001,24.85,1002.11,84.66,0,0.0641,NORMAL,None,[],0.0675,0.1421,0.1126,0,normal
2024-07-05 02:40:00,AWS_Chennai_001,24.93,1002.12,85.35,0,0.0668,NORMAL,None,[],0.0489,0.1925,0.1162,0,normal
2024-07-05 02:50:00,AWS_Chennai_001,25.38,1002.02,81.78,0,0.1167,NORMAL,None,[],0.1479,0.3043,0.1335,0,normal
2024-07-05 03:00:00,AWS_Chennai_001,25.84,1001.94,84.02,0,0.0925,NORMAL,None,[],0.1071,0.2184,0.1383,0,normal
2024-07-05 03:10:00,AWS_Chennai_001,26.0,1001.95,85.04,0,0.0893,NORMAL,None,[],0.0794,0.2546,0.1363,0,normal
2024-07-05 03:20:00,AWS_Chennai_001,25.6,1002.0,86.33,0,0.0945,NORMAL,None,[],0.0964,0.2521,0.139,0,normal
2024-07-05 03:30:00,AWS_Chennai_001,25.34,1001.98,87.13,0,0.0771,NORMAL,None,[],0.0571,0.2253,0.131,0,normal
2024-07-05 03:40:00,AWS_Chennai_001,25.72,1002.02,86.78,0,0.0845,NORMAL,None,[],0.0562,0.2552,0.1468,0,normal
2024-07-05 03:50:00,AWS_Chennai_001,25.64,1002.23,86.13,0,0.0879,NORMAL,None,[],0.0575,0.2935,0.1333,0,normal
2024-07-05 04:00:00,AWS_Chennai_001,25.52,1002.12,86.17,0,0.0691,NORMAL,None,[],0.0461,0.1953,0.1302,0,normal
2024-07-05 04:10:00,AWS_Chennai_001,25.56,1002.27,-12.32,1,0.7717,HIGH,Physical Impossibility - Humidity,['out_of_range_humidity'],0.6169,0.4762,0.8263,1,out_of_range_humidity
2024-07-05 04:20:00,AWS_Chennai_001,25.7,1002.12,84.7,1,0.2727,LOW,None,[],0.4812,0.1317,0.5428,0,normal
2024-07-05 04:30:00,AWS_Chennai_001,26.03,1002.27,85.35,1,0.2741,LOW,None,[],0.4829,0.2427,0.4641,0,normal
2024-07-05 04:40:00,AWS_Chennai_001,26.23,1002.11,85.63,1,0.2588,LOW,None,[],0.4817,0.1522,0.4572,0,normal
2024-07-05 04:50:00,AWS_Chennai_001,26.63,1001.99,86.29,1,0.2518,LOW,None,[],0.4515,0.2314,0.4084,0,normal
2024-07-05 05:00:00,AWS_Chennai_001,26.63,1001.92,86.99,1,0.2715,LOW,None,[],0.488,0.2473,0.44,0,normal
2024-07-05 05:10:00,AWS_Chennai_001,26.67,1001.89,86.28,0,0.2151,NORMAL,None,[],0.4472,0.2477,0.2187,0,normal
2024-07-05 05:20:00,AWS_Chennai_001,26.24,1001.88,87.03,0,0.1878,NORMAL,None,[],0.396,0.1857,0.2056,0,normal
2024-07-05 05:30:00,AWS_Chennai_001,26.79,1001.83,84.98,0,0.2116,NORMAL,None,[],0.4362,0.2539,0.2132,0,normal
2024-07-05 05:40:00,AWS_Chennai_001,26.68,1001.89,85.01,0,0.1893,NORMAL,None,[],0.3969,0.1889,0.2094,0,normal
2024-07-05 05:50:00,AWS_Chennai_001,26.88,1001.8,87.96,0,0.2116,NORMAL,None,[],0.4375,0.2462,0.2169,0,normal
2024-07-05 06:00:00,AWS_Chennai_001,27.61,1001.61,89.2,0,0.2423,NORMAL,None,[],0.4755,0.3613,0.2271,0,normal
2024-07-05 06:10:00,AWS_Chennai_001,27.87,1001.56,87.72,0,0.2238,NORMAL,None,[],0.4313,0.3332,0.2222,0,normal
2024-07-05 06:20:00,AWS_Chennai_001,28.52,1001.69,85.42,0,0.2252,NORMAL,None,[],0.4645,0.2815,0.2181,0,normal
2024-07-05 06:30:00,AWS_Chennai_001,29.06,1001.64,84.52,0,0.2252,NORMAL,None,[],0.4583,0.2833,0.2259,0,normal
2024-07-05 06:40:00,AWS_Chennai_001,28.87,1001.73,85.17,0,0.2098,NORMAL,None,[],0.4438,0.2106,0.2253,0,normal
2024-07-05 06:50:00,AWS_Chennai_001,28.71,1001.56,84.6,0,0.2046,NORMAL,None,[],0.421,0.226,0.2221,0,normal
2024-07-05 07:00:00,AWS_Chennai_001,28.78,1001.59,85.08,0,0.1966,NORMAL,None,[],0.4116,0.2001,0.2156,0,normal
2024-07-05 07:10:00,AWS_Chennai_001,28.8,1001.28,82.98,0,0.1717,NORMAL,None,[],0.2654,0.3911,0.1671,0,normal
2024-07-05 07:20:00,AWS_Chennai_001,29.27,1001.1,83.15,0,0.169,NORMAL,None,[],0.2509,0.399,0.1695,0,normal
2024-07-05 07:30:00,AWS_Chennai_001,28.92,1001.12,86.02,0,0.1382,NORMAL,None,[],0.236,0.2355,0.1606,0,normal
2024-07-05 07:40:00,AWS_Chennai_001,28.73,1001.18,86.28,0,0.127,NORMAL,None,[],0.2185,0.1966,0.1596,0,normal
2024-07-05 07:50:00,AWS_Chennai_001,29.22,1001.12,86.52,0,0.1413,NORMAL,None,[],0.2455,0.2305,0.1653,0,normal
2024-07-05 08:00:00,AWS_Chennai_001,29.55,1001.19,84.98,0,0.1297,NORMAL,None,[],0.2069,0.2164,0.1759,0,normal
2024-07-05 08:10:00,AWS_Chennai_001,29.86,1001.28,86.53,0,0.1333,NORMAL,None,[],0.2293,0.1985,0.1736,0,normal
2024-07-05 08:20:00,AWS_Chennai_001,30.25,1001.09,83.92,0,0.1587,NORMAL,None,[],0.267,0.2916,0.1742,0,normal
2024-07-05 08:30:00,AWS_Chennai_001,30.59,1000.91,85.04,0,0.1517,NORMAL,None,[],0.2524,0.2782,0.1711,0,normal
2024-07-05 08:40:00,AWS_Chennai_001,30.71,1001.06,88.02,0,0.1556,NORMAL,None,[],0.2538,0.3069,0.1673,0,normal
2024-07-05 08:50:00,AWS_Chennai_001,30.89,1001.02,89.19,0,0.1587,NORMAL,None,[],0.2444,0.3526,0.1621,0,normal
2024-07-05 09:00:00,AWS_Chennai_001,31.46,1001.29,88.99,0,0.1667,NORMAL,None,[],0.2982,0.2882,0.1698,0,normal
2024-07-05 09:10:00,AWS_Chennai_001,31.49,1001.29,87.57,0,0.1481,NORMAL,None,[],0.2734,0.2119,0.1715,0,normal
2024-07-05 09:20:00,AWS_Chennai_001,31.78,1001.15,88.51,0,0.1578,NORMAL,None,[],0.2801,0.268,0.1677,0,normal
2024-07-05 09:30:00,AWS_Chennai_001,32.2,1001.18,88.09,0,0.1628,NORMAL,None,[],0.3153,0.2287,0.1694,0,normal
2024-07-05 09:40:00,AWS_Chennai_001,32.33,1001.38,89.44,0,0.1691,NORMAL,None,[],0.3006,0.3059,0.1651,0,normal
2024-07-05 09:50:00,AWS_Chennai_001,32.55,1001.25,87.17,0,0.145,NORMAL,None,[],0.2893,0.1705,0.1631,0,normal
2024-07-05 10:00:00,AWS_Chennai_001,32.85,1001.19,87.44,0,0.1337,NORMAL,None,[],0.2567,0.1599,0.1635,0,normal
2024-07-05 10:10:00,AWS_Chennai_001,32.93,1001.34,87.3,0,0.1401,NORMAL,None,[],0.2402,0.2291,0.1681,0,normal
2024-07-05 10:20:00,AWS_Chennai_001,33.41,1001.04,86.51,0,0.1466,NORMAL,None,[],0.268,0.225,0.1621,0,normal
2024-07-05 10:30:00,AWS_Chennai_001,34.25,1000.71,87.36,0,0.1978,NORMAL,None,[],0.374,0.3469,0.1678,0,normal
2024-07-05 10:40:00,AWS_Chennai_001,34.5,1000.97,86.65,0,0.1715,NORMAL,None,[],0.3463,0.2332,0.163,0,normal
2024-07-05 10:50:00,AWS_Chennai_001,34.96,1001.21,86.53,0,0.1623,NORMAL,None,[],0.3357,0.1984,0.1589,0,normal
2024-07-05 11:00:00,AWS_Chennai_001,34.72,1001.42,84.64,0,0.188,NORMAL,None,[],0.3297,0.3436,0.1876,1,frozen_temperature
2024-07-05 11:10:00,AWS_Chennai_001,34.72,1001.63,85.95,0,0.198,NORMAL,None,[],0.3725,0.3178,0.1927,1,frozen_temperature
2024-07-05 11:20:00,AWS_Chennai_001,34.72,1001.78,83.24,0,0.2471,NORMAL,None,[],0.4377,0.4328,0.2546,1,frozen_temperature
2024-07-05 11:30:00,AWS_Chennai_001,34.72,1002.05,84.99,1,0.2653,LOW,None,[],0.4698,0.3636,0.3493,1,frozen_temperature
2024-07-05 11:40:00,AWS_Chennai_001,34.72,1002.06,85.91,1,0.2621,LOW,None,[],0.4806,0.276,0.3826,1,frozen_temperature
2024-07-05 11:50:00,AWS_Chennai_001,34.72,1002.12,85.65,1,0.2685,LOW,None,[],0.4744,0.2606,0.4353,1,frozen_temperature
2024-07-05 12:00:00,AWS_Chennai_001,34.72,1002.29,83.68,1,0.2822,LOW,None,[],0.4758,0.3315,0.4488,1,frozen_temperature
2024-07-05 12:10:00,AWS_Chennai_001,34.72,1002.2,82.33,1,0.28,LOW,None,[],0.4695,0.3197,0.456,1,frozen_temperature
2024-07-05 12:20:00,AWS_Chennai_001,34.72,1002.23,82.41,1,0.2688,LOW,None,[],0.4547,0.2811,0.451,1,frozen_temperature
2024-07-05 12:30:00,AWS_Chennai_001,34.72,1002.48,79.98,1,0.2824,LOW,None,[],0.5065,0.3369,0.3994,1,frozen_temperature
2024-07-05 12:40:00,AWS_Chennai_001,34.72,1002.45,79.79,1,0.2619,LOW,None,[],0.4513,0.2941,0.4121,1,frozen_temperature
2024-07-05 12:50:00,AWS_Chennai_001,34.72,1002.42,78.38,1,0.2633,LOW,None,[],0.4595,0.2782,0.4188,1,frozen_temperature
2024-07-05 13:00:00,AWS_Chennai_001,34.72,1002.6,76.54,1,0.2734,LOW,None,[],0.4544,0.2894,0.4682,1,frozen_temperature
2024-07-05 13:10:00,AWS_Chennai_001,34.72,1002.55,78.32,1,0.2568,LOW,None,[],0.4389,0.2113,0.4671,1,frozen_temperature
2024-07-05 13:20:00,AWS_Chennai_001,34.72,1002.82,76.05,1,0.2707,LOW,None,[],0.4776,0.2501,0.4494,1,frozen_temperature
2024-07-05 13:30:00,AWS_Chennai_001,34.72,1002.88,75.13,1,0.2659,LOW,None,[],0.4475,0.2379,0.4799,1,frozen_temperature
2024-07-05 13:40:00,AWS_Chennai_001,36.1,1003.15,77.74,1,0.2606,LOW,None,[],0.5246,0.4989,0.1421,0,normal
2024-07-05 13:50:00,AWS_Chennai_001,36.34,1003.02,78.29,0,0.2385,NORMAL,None,[],0.4945,0.3847,0.1621,0,normal
2024-07-05 14:00:00,AWS_Chennai_001,36.36,1003.22,78.17,0,0.2264,NORMAL,None,[],0.453,0.352,0.1888,0,normal
2024-07-05 14:10:00,AWS_Chennai_001,36.28,1003.12,79.31,0,0.2053,NORMAL,None,[],0.4237,0.2607,0.1956,0,normal
2024-07-05 14:20:00,AWS_Chennai_001,36.13,1003.16,78.69,0,0.1932,NORMAL,None,[],0.3887,0.2357,0.2059,0,normal
2024-07-05 14:30:00,AWS_Chennai_001,36.07,1003.0,79.04,0,0.1786,NORMAL,None,[],0.369,0.1684,0.2129,0,normal
2024-07-05 14:40:00,AWS_Chennai_001,35.82,1003.12,81.91,0,0.1831,NORMAL,None,[],0.3793,0.1986,0.1975,0,normal
2024-07-05 14:50:00,AWS_Chennai_001,36.02,1002.97,81.32,0,0.1679,NORMAL,None,[],0.351,0.176,0.181,0,normal
2024-07-05 15:00:00,AWS_Chennai_001,35.38,1002.96,78.74,0,0.1389,NORMAL,None,[],0.3323,0.0462,0.1613,0,normal
2024-07-05 15:10:00,AWS_Chennai_001,34.91,1003.11,80.25,0,0.1551,NORMAL,None,[],0.32,0.1663,0.171,0,normal
2024-07-05 15:20:00,AWS_Chennai_001,34.35,1003.03,81.08,0,0.1641,NORMAL,None,[],0.3242,0.2349,0.1581,0,normal
2024-07-05 15:30:00,AWS_Chennai_001,34.4,1002.77,81.57,0,0.1522,NORMAL,None,[],0.2856,0.2392,0.153,0,normal
2024-07-05 15:40:00,AWS_Chennai_001,34.15,1002.95,81.34,0,0.1401,NORMAL,None,[],0.2683,0.203,0.1455,0,normal
2024-07-05 15:50:00,AWS_Chennai_001,34.2,1002.92,82.42,0,0.1416,NORMAL,None,[],0.2503,0.2282,0.1615,0,normal
2024-07-05 16:00:00,AWS_Chennai_001,33.81,1002.97,84.38,0,0.1622,NORMAL,None,[],0.2854,0.2769,0.1755,0,normal
2024-07-05 16:10:00,AWS_Chennai_001,34.23,1003.16,83.63,0,0.1389,NORMAL,None,[],0.1959,0.2736,0.1953,0,normal
2024-07-05 16:20:00,AWS_Chennai_001,34.24,1003.23,84.6,0,0.1245,NORMAL,None,[],0.1599,0.3107,0.1498,0,normal
2024-07-05 16:30:00,AWS_Chennai_001,34.31,1003.23,83.83,0,0.1238,NORMAL,None,[],0.194,0.2629,0.1307,0,normal
2024-07-05 16:40:00,AWS_Chennai_001,34.21,1003.29,84.6,0,0.1342,NORMAL,None,[],0.2112,0.2963,0.1319,0,normal
2024-07-05 16:50:00,AWS_Chennai_001,33.72,1003.1,84.03,0,0.1126,NORMAL,None,[],0.1837,0.19,0.1447,0,normal
2024-07-05 17:00:00,AWS_Chennai_001,33.43,1003.03,82.76,0,0.097,NORMAL,None,[],0.1551,0.156,0.1353,0,normal
2024-07-05 17:10:00,AWS_Chennai_001,33.44,1002.66,83.81,0,0.1291,NORMAL,None,[],0.1696,0.3324,0.1418,0,normal
2024-07-05 17:20:00,AWS_Chennai_001,33.37,1002.69,79.42,0,0.1345,NORMAL,None,[],0.1885,0.3319,0.1411,0,normal
2024-07-05 17:30:00,AWS_Chennai_001,32.75,1002.56,80.1,0,0.1259,NORMAL,None,[],0.1419,0.37,0.1392,0,normal
2024-07-05 17:40:00,AWS_Chennai_001,32.54,1002.37,82.42,0,0.106,NORMAL,None,[],0.1099,0.3135,0.1298,0,normal
2024-07-05 17:50:00,AWS_Chennai_001,32.46,1002.26,81.22,0,0.1105,NORMAL,None,[],0.1101,0.3372,0.1345,0,normal
2024-07-05 18:00:00,AWS_Chennai_001,32.11,1002.37,81.86,0,0.0973,NORMAL,None,[],0.0895,0.2897,0.135,0,normal
2024-07-05 18:10:00,AWS_Chennai_001,31.74,1002.3,82.6,0,0.0914,NORMAL,None,[],0.0798,0.2718,0.1335,0,normal
2024-07-05 18:20:00,AWS_Chennai_001,31.33,1002.07,85.41,0,0.1137,NORMAL,None,[],0.088,0.4096,0.1293,0,normal
2024-07-05 18:30:00,AWS_Chennai_001,31.21,1002.32,86.54,0,0.1093,NORMAL,None,[],0.0992,0.3586,0.1285,0,normal
2024-07-05 18:40:00,AWS_Chennai_001,30.83,1002.1,86.37,0,0.1064,NORMAL,None,[],0.0895,0.3597,0.1277,0,normal
2024-07-05 18:50:00,AWS_Chennai_001,30.19,1002.34,86.67,0,0.0991,NORMAL,None,[],0.0865,0.3156,0.1292,0,normal
2024-07-05 19:00:00,AWS_Chennai_001,30.17,1002.39,88.61,0,0.1028,NORMAL,None,[],0.0887,0.3189,0.1418,0,normal
2024-07-05 19:10:00,AWS_Chennai_001,30.67,1002.29,88.56,0,0.086,NORMAL,None,[],0.0588,0.2696,0.1397,0,normal
2024-07-05 19:20:00,AWS_Chennai_001,30.44,1002.31,89.05,0,0.0835,NORMAL,None,[],0.0527,0.2569,0.1456,0,normal
2024-07-05 19:30:00,AWS_Chennai_001,30.09,1002.11,88.08,0,0.0818,NORMAL,None,[],0.0437,0.263,0.1461,0,normal
2024-07-05 19:40:00,AWS_Chennai_001,29.91,1001.88,85.61,0,0.078,NORMAL,None,[],0.0395,0.246,0.1463,0,normal
2024-07-05 19:50:00,AWS_Chennai_001,29.7,1001.99,86.97,0,0.0865,NORMAL,None,[],0.0669,0.2469,0.147,0,normal
2024-07-05 20:00:00,AWS_Chennai_001,29.46,1001.98,84.8,0,0.0733,NORMAL,None,[],0.0419,0.2032,0.1511,0,normal
2024-07-05 20:10:00,AWS_Chennai_001,29.03,1002.17,86.99,0,0.0782,NORMAL,None,[],0.0629,0.1914,0.153,0,normal
2024-07-05 20:20:00,AWS_Chennai_001,28.62,1002.36,86.21,0,0.0729,NORMAL,None,[],0.0398,0.2022,0.1533,0,normal
2024-07-05 20:30:00,AWS_Chennai_001,28.19,1002.51,88.51,0,0.0996,NORMAL,None,[],0.0756,0.3348,0.1334,0,normal
2024-07-05 20:40:00,AWS_Chennai_001,27.85,1002.41,88.22,0,0.0759,NORMAL,None,[],0.0246,0.2749,0.1365,0,normal
2024-07-05 20:50:00,AWS_Chennai_001,27.86,1002.56,89.26,0,0.091,NORMAL,None,[],0.0457,0.3352,0.135,0,normal
2024-07-05 21:00:00,AWS_Chennai_001,27.68,1002.29,90.62,0,0.0852,NORMAL,None,[],0.0557,0.2715,0.139,0,normal
2024-07-05 21:10:00,AWS_Chennai_001,27.18,1002.21,92.17,0,0.0917,NORMAL,None,[],0.0554,0.3168,0.1377,0,normal
2024-07-05 21:20:00,AWS_Chennai_001,27.32,1002.29,93.26,0,0.1,NORMAL,None,[],0.0905,0.2971,0.1415,0,normal
2024-07-05 21:30:00,AWS_Chennai_001,27.25,1002.28,93.39,0,0.0784,NORMAL,None,[],0.0346,0.26,0.1452,0,normal
2024-07-05 21:40:00,AWS_Chennai_001,27.28,1002.31,93.57,0,0.0768,NORMAL,None,[],0.0295,0.2392,0.1604,0,normal
2024-07-05 21:50:00,AWS_Chennai_001,27.32,1002.16,93.08,0,0.0742,NORMAL,None,[],0.0335,0.2168,0.1583,0,normal
2024-07-05 22:00:00,AWS_Chennai_001,27.27,1002.44,93.87,0,0.1039,NORMAL,None,[],0.092,0.2562,0.1895,0,normal
2024-07-05 22:10:00,AWS_Chennai_001,27.12,1002.38,94.94,0,0.091,NORMAL,None,[],0.0759,0.2399,0.1611,0,normal
2024-07-05 22:20:00,AWS_Chennai_001,26.98,1002.46,95.61,0,0.0932,NORMAL,None,[],0.0675,0.2672,0.1646,0,normal
2024-07-05 22:30:00,AWS_Chennai_001,26.51,1002.51,96.18,0,0.0955,NORMAL,None,[],0.0581,0.2964,0.1682,0,normal
2024-07-05 22:40:00,AWS_Chennai_001,26.67,1002.35,97.66,0,0.1025,NORMAL,None,[],0.1179,0.2233,0.1683,0,normal
2024-07-05 22:50:00,AWS_Chennai_001,26.54,1002.64,100.0,0,0.1565,NORMAL,None,[],0.2088,0.3658,0.1948,0,normal
2024-07-05 23:00:00,AWS_Chennai_001,26.28,1002.44,100.0,0,0.175,NORMAL,None,[],0.282,0.2751,0.2459,0,normal
2024-07-05 23:10:00,AWS_Chennai_001,25.97,1002.62,100.0,0,0.1837,NORMAL,None,[],0.2777,0.3702,0.2245,0,normal
2024-07-05 23:20:00,AWS_Chennai_001,25.49,1002.75,99.86,0,0.1773,NORMAL,None,[],0.2525,0.4218,0.1917,0,normal
2024-07-05 23:30:00,AWS_Chennai_001,25.58,1002.98,99.32,0,0.1787,NORMAL,None,[],0.2624,0.4127,0.1903,0,normal
2024-07-05 23:40:00,AWS_Chennai_001,25.78,1002.87,98.14,0,0.1543,NORMAL,None,[],0.2472,0.2872,0.1852,0,normal
2024-07-05 23:50:00,AWS_Chennai_001,25.68,1002.78,98.74,0,0.1432,NORMAL,None,[],0.2189,0.2558,0.1958,0,normal
2024-07-06 00:00:00,AWS_Chennai_001,25.25,1002.93,97.31,0,0.1402,NORMAL,None,[],0.2388,0.2691,0.1411,0,normal
2024-07-06 00:10:00,AWS_Chennai_001,25.35,1002.77,97.81,0,0.1123,NORMAL,None,[],0.1811,0.1972,0.1418,0,normal
2024-07-06 00:20:00,AWS_Chennai_001,25.66,1002.79,99.89,0,0.1181,NORMAL,None,[],0.1944,0.2083,0.1427,0,normal
2024-07-06 00:30:00,AWS_Chennai_001,25.58,1002.88,98.16,0,0.1165,NORMAL,None,[],0.2128,0.1703,0.1356,0,normal
2024-07-06 00:40:00,AWS_Chennai_001,25.68,1002.82,96.82,0,0.1053,NORMAL,None,[],0.1935,0.1341,0.1358,0,normal
2024-07-06 00:50:00,AWS_Chennai_001,26.12,1002.65,96.46,0,0.1033,NORMAL,None,[],0.2197,0.065,0.1379,0,normal
2024-07-06 01:00:00,AWS_Chennai_001,26.28,1002.73,93.51,0,0.1262,NORMAL,None,[],0.2194,0.2145,0.1408,0,normal
2024-07-06 01:10:00,AWS_Chennai_001,26.4,1002.56,92.82,0,0.1327,NORMAL,None,[],0.2077,0.2832,0.1395,0,normal
2024-07-06 01:20:00,AWS_Chennai_001,26.26,1002.17,92.67,0,0.1604,NORMAL,None,[],0.2543,0.3785,0.1368,0,normal
2024-07-06 01:30:00,AWS_Chennai_001,26.39,1002.21,92.97,0,0.135,NORMAL,None,[],0.1864,0.3412,0.1395,0,normal
2024-07-06 01:40:00,AWS_Chennai_001,27.0,1002.44,93.06,0,0.1346,NORMAL,None,[],0.1758,0.3423,0.1524,0,normal
2024-07-06 01:50:00,AWS_Chennai_001,27.68,1002.4,93.83,0,0.142,NORMAL,None,[],0.1737,0.3566,0.1821,0,normal
2024-07-06 02:00:00,AWS_Chennai_001,27.07,1002.51,93.62,0,0.1274,NORMAL,None,[],0.1798,0.2334,0.1922,0,normal
2024-07-06 02:10:00,AWS_Chennai_001,26.99,1002.6,94.01,0,0.0875,NORMAL,None,[],0.1016,0.1673,0.1596,0,normal
2024-07-06 02:20:00,AWS_Chennai_001,26.56,1002.58,93.97,0,0.0741,NORMAL,None,[],0.0881,0.1135,0.1531,0,normal
2024-07-06 02:30:00,AWS_Chennai_001,26.06,1002.73,96.75,0,0.0762,NORMAL,None,[],0.1118,0.0845,0.1498,0,normal
2024-07-06 02:40:00,AWS_Chennai_001,26.1,1002.68,93.11,0,0.0787,NORMAL,None,[],0.111,0.102,0.1503,0,normal
2024-07-06 02:50:00,AWS_Chennai_001,25.58,1002.77,95.0,0,0.0811,NORMAL,None,[],0.1111,0.1263,0.1441,0,normal
2024-07-06 03:00:00,AWS_Chennai_001,25.49,1002.54,93.59,0,0.0873,NORMAL,None,[],0.1136,0.1531,0.1514,0,normal
2024-07-06 03:10:00,AWS_Chennai_001,25.29,1002.26,93.09,0,0.0903,NORMAL,None,[],0.0646,0.2726,0.1501,0,normal
2024-07-06 03:20:00,AWS_Chennai_001,25.55,1002.03,92.25,0,0.1136,NORMAL,None,[],0.1202,0.3171,0.1502,0,normal
2024-07-06 03:30:00,AWS_Chennai_001,24.91,1001.95,92.07,0,0.1229,NORMAL,None,[],0.1251,0.3764,0.1444,0,normal
2024-07-06 03:40:00,AWS_Chennai_001,25.22,1002.06,90.34,0,0.1165,NORMAL,None,[],0.1118,0.3592,0.1453,0,normal
2024-07-06 03:50:00,AWS_Chennai_001,25.24,1002.04,90.45,0,0.095,NORMAL,None,[],0.0611,0.3214,0.1422,0,normal
2024-07-06 04:00:00,AWS_Chennai_001,25.17,1002.09,90.85,0,0.0796,NORMAL,None,[],0.0412,0.2621,0.1395,0,normal
2024-07-06 04:10:00,AWS_Chennai_001,25.42,1002.1,93.49,0,0.0737,NORMAL,None,[],0.083,0.1397,0.1394,0,normal
2024-07-06 04:20:00,AWS_Chennai_001,25.55,1002.32,94.55,0,0.0729,NORMAL,None,[],0.0957,0.1102,0.1385,0,normal
2024-07-06 04:30:00,AWS_Chennai_001,25.32,1002.49,96.25,0,0.0993,NORMAL,None,[],0.1313,0.2098,0.1422,0,normal
2024-07-06 04:40:00,AWS_Chennai_001,24.45,1002.38,98.25,0,0.1275,NORMAL,None,[],0.1729,0.2841,0.1653,0,normal
2024-07-06 04:50:00,AWS_Chennai_001,24.79,1002.14,99.27,0,0.1419,NORMAL,None,[],0.1837,0.3001,0.2088,0,normal
2024-07-06 05:00:00,AWS_Chennai_001,25.52,1002.19,96.5,0,0.0855,NORMAL,None,[],0.1265,0.1092,0.156,0,normal
2024-07-06 05:10:00,AWS_Chennai_001,25.46,1002.2,95.75,0,0.0749,NORMAL,None,[],0.1085,0.0801,0.1518,0,normal
2024-07-06 05:20:00,AWS_Chennai_001,26.02,1002.26,98.31,0,0.1024,NORMAL,None,[],0.1199,0.2219,0.1656,0,normal
2024-07-06 05:30:00,AWS_Chennai_001,26.47,1002.3,97.32,0,0.1098,NORMAL,None,[],0.1241,0.252,0.1738,0,normal
2024-07-06 05:40:00,AWS_Chennai_001,27.02,1002.24,95.31,0,0.1084,NORMAL,None,[],0.1336,0.2163,0.1792,0,normal
2024-07-06 05:50:00,AWS_Chennai_001,27.13,1002.18,93.46,0,0.1108,NORMAL,None,[],0.1449,0.2072,0.1812,0,normal
2024-07-06 06:00:00,AWS_Chennai_001,27.58,1002.09,93.65,0,0.1166,NORMAL,None,[],0.1557,0.2402,0.1694,0,normal
2024-07-06 06:10:00,AWS_Chennai_001,27.52,1001.99,94.4,0,0.1033,NORMAL,None,[],0.1167,0.2325,0.1672,0,normal
2024-07-06 06:20:00,AWS_Chennai_001,27.62,1001.87,97.23,0,0.1283,NORMAL,None,[],0.1558,0.3231,0.1653,0,normal
2024-07-06 06:30:00,AWS_Chennai_001,27.89,1001.92,97.75,0,0.1208,NORMAL,None,[],0.1415,0.3023,0.1653,0,normal
2024-07-06 06:40:00,AWS_Chennai_001,28.08,1001.94,95.68,0,0.1001,NORMAL,None,[],0.1212,0.2172,0.1561,0,normal
2024-07-06 06:50:00,AWS_Chennai_001,28.66,1002.07,95.45,0,0.105,NORMAL,None,[],0.1582,0.1776,0.1546,0,normal
2024-07-06 07:00:00,AWS_Chennai_001,28.88,1001.8,96.37,0,0.1255,NORMAL,None,[],0.1836,0.2715,0.1485,0,normal
2024-07-06 07:10:00,AWS_Chennai_001,29.01,1001.83,93.54,0,0.1305,NORMAL,None,[],0.1637,0.3293,0.1599,0,normal
2024-07-06 07:20:00,AWS_Chennai_001,29.4,1001.74,93.03,0,0.1325,NORMAL,None,[],0.1599,0.356,0.1555,0,normal
2024-07-06 07:30:00,AWS_Chennai_001,29.15,1001.78,91.61,0,0.133,NORMAL,None,[],0.17,0.3371,0.1569,0,normal
2024-07-06 07:40:00,AWS_Chennai_001,29.33,1001.83,91.05,0,0.1133,NORMAL,None,[],0.1187,0.3076,0.1577,0,normal
2024-07-06 07:50:00,AWS_Chennai_001,30.11,1001.63,91.01,0,0.138,NORMAL,None,[],0.1666,0.3793,0.1557,0,normal
2024-07-06 08:00:00,AWS_Chennai_001,30.46,1001.43,90.64,0,0.1298,NORMAL,None,[],0.1273,0.4069,0.153,0,normal
2024-07-06 08:10:00,AWS_Chennai_001,30.61,1001.43,90.83,0,0.1372,NORMAL,None,[],0.1763,0.3591,0.1524,0,normal
2024-07-06 08:20:00,AWS_Chennai_001,31.24,1001.44,91.16,0,0.1482,NORMAL,None,[],0.2299,0.3393,0.1417,0,normal
2024-07-06 08:30:00,AWS_Chennai_001,31.86,1001.16,90.26,0,0.1719,NORMAL,None,[],0.2809,0.4102,0.1303,0,normal
2024-07-06 08:40:00,AWS_Chennai_001,32.01,1000.91,89.9,0,0.1686,NORMAL,None,[],0.2586,0.4105,0.1475,0,normal
2024-07-06 08:50:00,AWS_Chennai_001,31.43,1001.0,87.24,0,0.162,NORMAL,None,[],0.2494,0.3764,0.1537,0,normal
2024-07-06 09:00:00,AWS_Chennai_001,31.28,1001.09,84.34,0,0.1618,NORMAL,None,[],0.2502,0.3532,0.169,0,normal
2024-07-06 09:10:00,AWS_Chennai_001,32.13,1001.12,83.95,0,0.1558,NORMAL,None,[],0.2305,0.3425,0.1761,0,normal
2024-07-06 09:20:00,AWS_Chennai_001,32.68,1001.11,84.08,0,0.1467,NORMAL,None,[],0.2156,0.327,0.1648,0,normal
2024-07-06 09:30:00,AWS_Chennai_001,32.8,1001.04,84.4,0,0.1287,NORMAL,None,[],0.1683,0.3068,0.1609,0,normal
2024-07-06 09:40:00,AWS_Chennai_001,33.11,1000.86,82.82,0,0.1428,NORMAL,None,[],0.2006,0.3438,0.1553,0,normal
2024-07-06 09:50:00,AWS_Chennai_001,33.06,1000.88,83.17,0,0.1291,NORMAL,None,[],0.1744,0.2996,0.1593,0,normal
2024-07-06 10:00:00,AWS_Chennai_001,33.89,1000.98,82.66,0,0.1401,NORMAL,None,[],0.2074,0.2964,0.1671,0,normal
2024-07-06 10:10:00,AWS_Chennai_001,33.81,1001.17,82.43,0,0.1128,NORMAL,None,[],0.154,0.2265,0.1633,0,normal
2024-07-06 10:20:00,AWS_Chennai_001,34.06,1001.22,83.05,0,0.0997,NORMAL,None,[],0.1262,0.1878,0.1684,0,normal
2024-07-06 10:30:00,AWS_Chennai_001,34.34,1001.31,82.82,0,0.1193,NORMAL,None,[],0.1739,0.2162,0.1736,0,normal
2024-07-06 10:40:00,AWS_Chennai_001,34.49,1001.4,79.71,0,0.1227,NORMAL,None,[],0.147,0.305,0.1641,0,normal
2024-07-06 10:50:00,AWS_Chennai_001,34.59,1001.58,78.92,0,0.1345,NORMAL,None,[],0.1557,0.3639,0.1659,0,normal
2024-07-06 11:00:00,AWS_Chennai_001,34.08,1001.43,78.99,0,0.1154,NORMAL,None,[],0.1396,0.2639,0.1699,0,normal
2024-07-06 11:10:00,AWS_Chennai_001,34.01,1001.52,78.91,0,0.1098,NORMAL,None,[],0.1165,0.2715,0.1707,0,normal
2024-07-06 11:20:00,AWS_Chennai_001,34.02,1001.44,79.16,0,0.0976,NORMAL,None,[],0.0952,0.2286,0.1736,0,normal
2024-07-06 11:30:00,AWS_Chennai_001,34.19,1001.49,80.41,0,0.0981,NORMAL,None,[],0.1056,0.207,0.1769,0,normal
2024-07-06 11:40:00,AWS_Chennai_001,34.39,1001.46,79.75,0,0.0867,NORMAL,None,[],0.0751,0.2108,0.1628,0,normal
2024-07-06 11:50:00,AWS_Chennai_001,34.5,1001.54,81.67,0,0.0898,NORMAL,None,[],0.1092,0.1607,0.1649,0,normal
2024-07-06 12:00:00,AWS_Chennai_001,35.12,1001.56,79.97,0,0.1059,NORMAL,None,[],0.1054,0.2622,0.1747,0,normal
2024-07-06 12:10:00,AWS_Chennai_001,35.04,1001.71,81.14,0,0.1046,NORMAL,None,[],0.1223,0.2297,0.1675,0,normal
2024-07-06 12:20:00,AWS_Chennai_001,35.0,1001.65,81.57,0,0.0911,NORMAL,None,[],0.096,0.1984,0.1627,0,normal
2024-07-06 12:30:00,AWS_Chennai_001,35.27,1001.89,80.46,0,0.1098,NORMAL,None,[],0.1156,0.275,0.1692,0,normal
2024-07-06 12:40:00,AWS_Chennai_001,35.44,1001.72,80.19,0,0.1047,NORMAL,None,[],0.1195,0.2393,0.1647,0,normal
2024-07-06 12:50:00,AWS_Chennai_001,35.72,1002.02,80.55,0,0.1297,NORMAL,None,[],0.1617,0.3094,0.1739,0,normal
2024-07-06 13:00:00,AWS_Chennai_001,35.66,1001.88,80.83,0,0.1107,NORMAL,None,[],0.1382,0.2424,0.1645,0,normal
2024-07-06 13:10:00,AWS_Chennai_001,35.86,1002.11,81.12,0,0.1273,NORMAL,None,[],0.1522,0.3186,0.1691,0,normal
2024-07-06 13:20:00,AWS_Chennai_001,35.58,1002.27,83.57,0,0.15,NORMAL,None,[],0.1757,0.4244,0.1682,0,normal
2024-07-06 13:30:00,AWS_Chennai_001,35.52,1002.21,82.86,0,0.1179,NORMAL,None,[],0.1261,0.3314,0.1517,0,normal
2024-07-06 13:40:00,AWS_Chennai_001,35.54,1002.19,83.75,0,0.1197,NORMAL,None,[],0.1253,0.3229,0.1683,0,normal
2024-07-06 13:50:00,AWS_Chennai_001,35.69,1002.21,83.5,0,0.11,NORMAL,None,[],0.1101,0.2931,0.1648,0,normal
2024-07-06 14:00:00,AWS_Chennai_001,35.17,1002.31,81.28,0,0.0854,NORMAL,None,[],0.1223,0.1257,0.1492,0,normal
2024-07-06 14:10:00,AWS_Chennai_001,35.06,1002.29,81.96,0,0.0836,NORMAL,None,[],0.1053,0.1411,0.1542,0,normal
2024-07-06 14:20:00,AWS_Chennai_001,34.91,1002.34,84.15,0,0.1086,NORMAL,None,[],0.1297,0.2749,0.1424,0,normal
2024-07-06 14:30:00,AWS_Chennai_001,34.43,1002.4,85.29,0,0.1304,NORMAL,None,[],0.1482,0.3833,0.1421,0,normal
2024-07-06 14:40:00,AWS_Chennai_001,34.25,1002.45,83.03,0,0.1061,NORMAL,None,[],0.1077,0.2985,0.1453,0,normal
2024-07-06 14:50:00,AWS_Chennai_001,33.79,1002.6,82.43,0,0.1106,NORMAL,None,[],0.1051,0.323,0.153,0,normal
2024-07-06 15:00:00,AWS_Chennai_001,33.35,1002.54,83.37,0,0.1119,NORMAL,None,[],0.1064,0.3359,0.148,0,normal
2024-07-06 15:10:00,AWS_Chennai_001,33.5,1002.7,82.59,0,0.1018,NORMAL,None,[],0.1045,0.275,0.146,0,normal
2024-07-06 15:20:00,AWS_Chennai_001,33.29,1002.76,84.11,0,0.1111,NORMAL,None,[],0.1063,0.3411,0.1402,0,normal
2024-07-06 15:30:00,AWS_Chennai_001,33.16,1002.9,83.56,0,0.106,NORMAL,None,[],0.101,0.3095,0.1462,0,normal
2024-07-06 15:40:00,AWS_Chennai_001,33.76,1002.63,85.83,0,0.1267,NORMAL,None,[],0.1886,0.2828,0.1383,0,normal
2024-07-06 15:50:00,AWS_Chennai_001,33.28,1002.82,85.82,0,0.1167,NORMAL,None,[],0.1297,0.3296,0.1417,0,normal
2024-07-06 16:00:00,AWS_Chennai_001,33.03,1002.65,84.41,0,0.085,NORMAL,None,[],0.0866,0.207,0.14,0,normal
2024-07-06 16:10:00,AWS_Chennai_001,33.14,1002.68,84.17,0,0.0844,NORMAL,None,[],0.1013,0.1734,0.1399,0,normal
2024-07-06 16:20:00,AWS_Chennai_001,33.03,1002.52,84.04,0,0.0693,NORMAL,None,[],0.0839,0.107,0.1402,0,normal
2024-07-06 16:30:00,AWS_Chennai_001,33.19,1002.36,84.89,0,0.079,NORMAL,None,[],0.0783,0.1841,0.1396,0,normal
2024-07-06 16:40:00,AWS_Chennai_001,32.95,1002.11,86.51,0,0.1109,NORMAL,None,[],0.1032,0.3474,0.139,0,normal
2024-07-06 16:50:00,AWS_Chennai_001,32.44,1002.03,88.05,0,0.1244,NORMAL,None,[],0.1085,0.4292,0.1375,0,normal
2024-07-06 17:00:00,AWS_Chennai_001,32.03,1002.14,87.38,0,0.1026,NORMAL,None,[],0.067,0.367,0.1371,0,normal
2024-07-06 17:10:00,AWS_Chennai_001,31.86,1002.37,89.11,0,0.1067,NORMAL,None,[],0.093,0.3428,0.1368,0,normal
2024-07-06 17:20:00,AWS_Chennai_001,31.74,1002.22,89.1,0,0.0992,NORMAL,None,[],0.0614,0.3558,0.1371,0,normal
2024-07-06 17:30:00,AWS_Chennai_001,32.1,1002.5,88.11,0,0.0815,NORMAL,None,[],0.0872,0.1868,0.1367,0,normal
2024-07-06 17:40:00,AWS_Chennai_001,32.37,1002.2,88.99,0,0.1022,NORMAL,None,[],0.1211,0.2477,0.1433,0,normal
2024-07-06 17:50:00,AWS_Chennai_001,32.32,1002.31,87.69,0,0.0716,NORMAL,None,[],0.0639,0.1619,0.1406,0,normal
2024-07-06 18:00:00,AWS_Chennai_001,32.0,1001.95,87.01,0,0.0869,NORMAL,None,[],0.0777,0.241,0.1375,0,normal
2024-07-06 18:10:00,AWS_Chennai_001,31.64,1001.91,91.5,0,0.1217,NORMAL,None,[],0.1196,0.3903,0.1365,0,normal
2024-07-06 18:20:00,AWS_Chennai_001,31.16,1001.86,89.85,0,0.1018,NORMAL,None,[],0.0738,0.3483,0.137,0,normal
2024-07-06 18:30:00,AWS_Chennai_001,30.28,1001.93,91.36,0,0.1283,NORMAL,None,[],0.1436,0.3937,0.131,0,normal
2024-07-06 18:40:00,AWS_Chennai_001,29.61,1001.62,90.49,0,0.146,NORMAL,None,[],0.1666,0.4127,0.1706,0,normal
2024-07-06 18:50:00,AWS_Chennai_001,29.88,1001.35,91.64,0,0.1378,NORMAL,None,[],0.1627,0.4161,0.1328,0,normal
2024-07-06 19:00:00,AWS_Chennai_001,29.67,1001.26,90.8,0,0.1149,NORMAL,None,[],0.1158,0.3619,0.1294,0,normal
2024-07-06 19:10:00,AWS_Chennai_001,29.51,1001.18,90.31,0,0.0953,NORMAL,None,[],0.0693,0.3231,0.1302,0,normal
2024-07-06 19:20:00,AWS_Chennai_001,29.22,1001.31,90.76,0,0.0951,NORMAL,None,[],0.0815,0.2955,0.1317,0,normal
2024-07-06 19:30:00,AWS_Chennai_001,29.03,1001.48,90.47,0,0.0793,NORMAL,None,[],0.058,0.2368,0.132,0,normal
2024-07-06 19:40:00,AWS_Chennai_001,29.26,1001.33,91.4,0,0.0967,NORMAL,None,[],0.101,0.2649,0.1334,0,normal
2024-07-06 19:50:00,AWS_Chennai_001,28.95,1001.27,90.51,0,0.0808,NORMAL,None,[],0.0698,0.2213,0.1335,0,normal
2024-07-06 20:00:00,AWS_Chennai_001,28.66,1001.14,91.24,0,0.0862,NORMAL,None,[],0.0682,0.263,0.1313,0,normal
2024-07-06 20:10:00,AWS_Chennai_001,28.23,1001.2,94.85,0,0.1204,NORMAL,None,[],0.1278,0.3762,0.1283,0,normal
2024-07-06 20:20:00,AWS_Chennai_001,27.61,1000.82,93.28,0,0.1221,NORMAL,None,[],0.1474,0.3527,0.1252,0,normal
2024-07-06 20:30:00,AWS_Chennai_001,27.7,1000.71,94.13,0,0.1188,NORMAL,None,[],0.1327,0.3568,0.1273,0,normal
2024-07-06 20:40:00,AWS_Chennai_001,27.85,1000.67,95.4,0,0.1115,NORMAL,None,[],0.1092,0.353,0.129,0,normal
2024-07-06 20:50:00,AWS_Chennai_001,27.03,1000.8,96.48,0,0.1271,NORMAL,None,[],0.1454,0.3686,0.1412,0,normal
2024-07-06 21:00:00,AWS_Chennai_001,26.89,1000.97,98.46,0,0.1274,NORMAL,None,[],0.1542,0.3581,0.1368,0,normal
2024-07-06 21:10:00,AWS_Chennai_001,27.38,1001.27,98.28,0,0.102,NORMAL,None,[],0.1255,0.2397,0.142,0,normal
2024-07-06 21:20:00,AWS_Chennai_001,27.22,1001.26,94.0,0,0.0798,NORMAL,None,[],0.1095,0.1331,0.1351,0,normal
2024-07-06 21:30:00,AWS_Chennai_001,27.32,1001.61,94.8,0,0.1014,NORMAL,None,[],0.1278,0.2332,0.1407,0,normal
2024-07-06 21:40:00,AWS_Chennai_001,26.77,1001.45,93.3,0,0.0931,NORMAL,None,[],0.1275,0.1811,0.1383,0,normal
2024-07-06 21:50:00,AWS_Chennai_001,27.18,1001.51,94.24,0,0.0791,NORMAL,None,[],0.0811,0.1766,0.1414,0,normal
2024-07-06 22:00:00,AWS_Chennai_001,27.18,1001.37,92.76,0,0.0786,NORMAL,None,[],0.1007,0.1337,0.1419,0,normal
2024-07-06 22:10:00,AWS_Chennai_001,27.27,1001.41,89.99,0,0.0923,NORMAL,None,[],0.1058,0.2056,0.1486,0,normal
2024-07-06 22:20:00,AWS_Chennai_001,27.4,1001.66,90.15,0,0.0924,NORMAL,None,[],0.0982,0.2331,0.1399,0,normal
2024-07-06 22:30:00,AWS_Chennai_001,27.18,1001.88,90.0,0,0.1074,NORMAL,None,[],0.123,0.2831,0.1403,0,normal
2024-07-06 22:40:00,AWS_Chennai_001,26.89,1001.65,89.41,0,0.1155,NORMAL,None,[],0.1593,0.2618,0.1422,0,normal
2024-07-06 22:50:00,AWS_Chennai_001,27.35,1001.84,89.77,0,0.1028,NORMAL,None,[],0.152,0.2087,0.1292,0,normal
2024-07-06 23:00:00,AWS_Chennai_001,27.24,1002.04,90.09,0,0.0999,NORMAL,None,[],0.1305,0.2228,0.1364,0,normal
2024-07-06 23:10:00,AWS_Chennai_001,26.74,1002.1,90.49,0,0.1084,NORMAL,None,[],0.1098,0.3024,0.1506,0,normal
2024-07-06 23:20:00,AWS_Chennai_001,26.66,1002.17,89.58,0,0.1077,NORMAL,None,[],0.1034,0.3148,0.1473,0,normal
2024-07-06 23:30:00,AWS_Chennai_001,26.62,1001.96,88.37,0,0.0971,NORMAL,None,[],0.0808,0.2869,0.1493,0,normal
2024-07-06 23:40:00,AWS_Chennai_001,26.47,1002.09,88.16,0,0.1056,NORMAL,None,[],0.0914,0.3241,0.1475,0,normal
2024-07-06 23:50:00,AWS_Chennai_001,26.53,1002.27,92.03,0,0.1009,NORMAL,None,[],0.1204,0.2328,0.1492,0,normal
2024-07-07 00:00:00,AWS_Chennai_001,26.36,1002.23,92.13,0,0.085,NORMAL,None,[],0.0635,0.2497,0.1427,0,normal
2024-07-07 00:10:00,AWS_Chennai_001,26.36,1002.36,93.4,0,0.118,NORMAL,None,[],0.1378,0.3058,0.1538,0,normal
2024-07-07 00:20:00,AWS_Chennai_001,26.2,1002.52,93.5,0,0.1186,NORMAL,None,[],0.1267,0.3393,0.1485,0,normal
2024-07-07 00:30:00,AWS_Chennai_001,26.51,1002.52,93.69,0,0.1235,NORMAL,None,[],0.1817,0.2703,0.1424,0,normal
2024-07-07 00:40:00,AWS_Chennai_001,26.52,1002.72,93.64,0,0.1367,NORMAL,None,[],0.2168,0.2796,0.1485,0,normal
2024-07-07 00:50:00,AWS_Chennai_001,26.13,1002.5,95.16,0,0.1403,NORMAL,None,[],0.2066,0.3339,0.1411,0,normal
2024-07-07 01:00:00,AWS_Chennai_001,26.27,1002.8,95.19,0,0.1379,NORMAL,None,[],0.2089,0.3294,0.1292,0,normal
2024-07-07 01:10:00,AWS_Chennai_001,26.23,1002.86,94.28,0,0.1145,NORMAL,None,[],0.1508,0.288,0.1304,0,normal
2024-07-07 01:20:00,AWS_Chennai_001,25.96,1002.96,95.99,0,0.1313,NORMAL,None,[],0.1659,0.3644,0.1344,0,normal
2024-07-07 01:30:00,AWS_Chennai_001,26.09,1002.91,96.48,0,0.1009,NORMAL,None,[],0.0952,0.304,0.1337,0,normal
2024-07-07 01:40:00,AWS_Chennai_001,26.09,1002.86,94.47,0,0.1159,NORMAL,None,[],0.1719,0.2164,0.1596,0,normal
2024-07-07 01:50:00,AWS_Chennai_001,25.78,1003.07,94.77,0,0.1389,NORMAL,None,[],0.2119,0.3055,0.1478,0,normal
2024-07-07 02:00:00,AWS_Chennai_001,25.56,1003.09,95.6,0,0.1334,NORMAL,None,[],0.1785,0.3503,0.1363,0,normal
2024-07-07 02:10:00,AWS_Chennai_001,25.37,1002.99,92.81,0,0.1222,NORMAL,None,[],0.1801,0.2665,0.1411,0,normal
2024-07-07 02:20:00,AWS_Chennai_001,25.68,1003.09,93.82,0,0.1146,NORMAL,None,[],0.1985,0.1959,0.1284,0,normal
2024-07-07 02:30:00,AWS_Chennai_001,25.81,1002.8,93.94,0,0.0977,NORMAL,None,[],0.1916,0.09,0.1336,0,normal
2024-07-07 02:40:00,AWS_Chennai_001,25.91,1002.83,90.37,0,0.126,NORMAL,None,[],0.2096,0.2345,0.1396,0,normal
2024-07-07 02:50:00,AWS_Chennai_001,25.83,1002.82,92.06,0,0.1053,NORMAL,None,[],0.1818,0.1538,0.1386,0,normal
2024-07-07 03:00:00,AWS_Chennai_001,25.75,1002.74,91.32,0,0.1043,NORMAL,None,[],0.1543,0.2016,0.1387,0,normal
2024-07-07 03:10:00,AWS_Chennai_001,25.93,1002.84,91.09,0,0.0766,NORMAL,None,[],0.1069,0.1328,0.1228,0,normal
2024-07-07 03:20:00,AWS_Chennai_001,25.77,1002.49,88.12,0,0.1271,NORMAL,None,[],0.1574,0.3621,0.1279,0,normal
2024-07-07 03:30:00,AWS_Chennai_001,25.48,1002.48,87.18,0,0.1251,NORMAL,None,[],0.1118,0.408,0.1516,0,normal
2024-07-07 03:40:00,AWS_Chennai_001,25.0,1002.49,87.44,0,0.1228,NORMAL,None,[],0.0869,0.4394,0.154,0,normal
2024-07-07 03:50:00,AWS_Chennai_001,25.39,1002.45,87.36,0,0.1077,NORMAL,None,[],0.0911,0.3321,0.153,0,normal
2024-07-07 04:00:00,AWS_Chennai_001,25.16,1002.82,88.61,0,0.0989,NORMAL,None,[],0.1304,0.2058,0.1446,0,normal
2024-07-07 04:10:00,AWS_Chennai_001,24.9,1002.48,86.9,0,0.1248,NORMAL,None,[],0.1282,0.3607,0.1613,0,normal
2024-07-07 04:20:00,AWS_Chennai_001,24.63,1002.25,87.02,0,0.1188,NORMAL,None,[],0.0831,0.404,0.1661,0,normal
2024-07-07 04:30:00,AWS_Chennai_001,24.34,1002.0,88.28,0,0.1314,NORMAL,None,[],0.1309,0.399,0.1613,0,normal
2024-07-07 04:40:00,AWS_Chennai_001,23.91,1001.61,89.92,0,0.1396,NORMAL,None,[],0.168,0.3856,0.1567,0,normal
2024-07-07 04:50:00,AWS_Chennai_001,24.51,1001.64,91.1,0,0.1309,NORMAL,None,[],0.1814,0.2721,0.1783,0,normal
2024-07-07 05:00:00,AWS_Chennai_001,24.93,1001.97,89.46,0,0.0896,NORMAL,None,[],0.1409,0.1366,0.134,0,normal
2024-07-07 05:10:00,AWS_Chennai_001,25.0,1001.87,89.47,0,0.0861,NORMAL,None,[],0.1376,0.125,0.1302,0,normal
2024-07-07 05:20:00,AWS_Chennai_001,25.14,1001.83,89.61,0,0.0653,NORMAL,None,[],0.0764,0.1039,0.1339,0,normal
2024-07-07 05:30:00,AWS_Chennai_001,25.92,1001.84,90.78,0,0.099,NORMAL,None,[],0.111,0.2372,0.1506,0,normal
2024-07-07 05:40:00,AWS_Chennai_001,26.28,1001.86,90.24,0,0.0915,NORMAL,None,[],0.087,0.2379,0.1484,0,normal
2024-07-07 05:50:00,AWS_Chennai_001,26.65,1001.57,92.44,0,0.1285,NORMAL,None,[],0.1384,0.3904,0.1422,0,normal
2024-07-07 06:00:00,AWS_Chennai_001,27.08,1001.54,92.07,0,0.1183,NORMAL,None,[],0.1142,0.3735,0.14,0,normal
2024-07-07 06:10:00,AWS_Chennai_001,27.34,1001.62,92.43,0,0.1158,NORMAL,None,[],0.1179,0.3517,0.1386,0,normal
2024-07-07 06:20:00,AWS_Chennai_001,27.94,1001.83,93.72,0,0.1224,NORMAL,None,[],0.1419,0.3368,0.1467,0,normal
2024-07-07 06:30:00,AWS_Chennai_001,27.65,1001.7,94.77,0,0.1178,NORMAL,None,[],0.1378,0.3224,0.1406,0,normal
2024-07-07 06:40:00,AWS_Chennai_001,28.46,1001.56,95.2,0,0.1295,NORMAL,None,[],0.1619,0.3506,0.1419,0,normal
2024-07-07 06:50:00,AWS_Chennai_001,28.96,1001.53,92.88,0,0.1067,NORMAL,None,[],0.1245,0.2721,0.1426,0,normal
2024-07-07 07:00:00,AWS_Chennai_001,29.75,1001.35,91.28,0,0.1173,NORMAL,None,[],0.1611,0.2703,0.1424,0,normal
2024-07-07 07:10:00,AWS_Chennai_001,29.99,1001.32,89.49,0,0.1222,NORMAL,None,[],0.1525,0.3109,0.1491,0,normal
2024-07-07 07:20:00,AWS_Chennai_001,30.64,1001.35,90.52,0,0.152,NORMAL,None,[],0.1808,0.2745,0.283,0,normal
2024-07-07 07:30:00,AWS_Chennai_001,30.75,1001.31,92.13,0,0.1187,NORMAL,None,[],0.144,0.2571,0.1844,0,normal
2024-07-07 07:40:00,AWS_Chennai_001,30.7,1001.22,92.37,0,0.1123,NORMAL,None,[],0.1457,0.2603,0.1478,0,normal
2024-07-07 07:50:00,AWS_Chennai_001,31.09,1001.32,90.49,0,0.1106,NORMAL,None,[],0.1444,0.2378,0.158,0,normal
2024-07-07 08:00:00,AWS_Chennai_001,30.94,1001.16,91.34,0,0.1044,NORMAL,None,[],0.1347,0.2282,0.1488,0,normal
2024-07-07 08:10:00,AWS_Chennai_001,31.39,1001.18,91.26,0,0.109,NORMAL,None,[],0.1549,0.2256,0.1436,0,normal
2024-07-07 08:20:00,AWS_Chennai_001,31.06,1001.21,88.39,0,0.1122,NORMAL,None,[],0.1229,0.3065,0.1469,0,normal
2024-07-07 08:30:00,AWS_Chennai_001,31.49,1001.14,88.38,0,0.113,NORMAL,None,[],0.1244,0.3106,0.1457,0,normal
2024-07-07 08:40:00,AWS_Chennai_001,31.58,1001.1,86.33,0,0.1237,NORMAL,None,[],0.129,0.3524,0.161,0,normal
2024-07-07 08:50:00,AWS_Chennai_001,31.69,1001.07,86.37,0,0.1067,NORMAL,None,[],0.0915,0.3185,0.1572,0,normal
2024-07-07 09:00:00,AWS_Chennai_001,32.06,1001.15,86.43,0,0.1024,NORMAL,None,[],0.0976,0.2732,0.1606,0,normal
2024-07-07 09:10:00,AWS_Chennai_001,32.06,1000.96,84.57,0,0.138,NORMAL,None,[],0.1846,0.3377,0.1597,0,normal
2024-07-07 09:20:00,AWS_Chennai_001,32.01,1001.1,85.92,0,0.1132,NORMAL,None,[],0.1478,0.236,0.1674,0,normal
2024-07-07 09:30:00,AWS_Chennai_001,31.96,1000.94,83.16,0,0.1435,NORMAL,None,[],0.2015,0.3351,0.1637,0,normal
2024-07-07 09:40:00,AWS_Chennai_001,31.98,1001.02,81.34,0,0.1303,NORMAL,None,[],0.1663,0.3115,0.1681,0,normal
2024-07-07 09:50:00,AWS_Chennai_001,32.53,1001.08,82.84,0,0.1185,NORMAL,None,[],0.1391,0.277,0.1763,0,normal
2024-07-07 10:00:00,AWS_Chennai_001,32.5,1001.24,80.95,0,0.1301,NORMAL,None,[],0.1685,0.2861,0.1834,0,normal
2024-07-07 10:10:00,AWS_Chennai_001,32.92,1001.49,82.96,0,0.1401,NORMAL,None,[],0.1568,0.3892,0.1733,0,normal
2024-07-07 10:20:00,AWS_Chennai_001,32.95,1001.38,82.48,0,0.1187,NORMAL,None,[],0.1192,0.3138,0.1792,0,normal
2024-07-07 10:30:00,AWS_Chennai_001,33.61,1001.21,80.0,0,0.1229,NORMAL,None,[],0.1431,0.2985,0.1761,0,normal
2024-07-07 10:40:00,AWS_Chennai_001,33.15,1001.26,77.37,0,0.1285,NORMAL,None,[],0.1601,0.2977,0.179,0,normal
2024-07-07 10:50:00,AWS_Chennai_001,33.69,1001.55,77.21,0,0.1614,NORMAL,None,[],0.203,0.43,0.1798,0,normal
2024-07-07 11:00:00,AWS_Chennai_001,34.57,1001.64,76.49,0,0.1649,NORMAL,None,[],0.207,0.4623,0.1673,0,normal
2024-07-07 11:10:00,AWS_Chennai_001,34.54,1001.91,77.76,0,0.1611,NORMAL,None,[],0.1972,0.4299,0.1873,0,normal
2024-07-07 11:20:00,AWS_Chennai_001,34.05,1001.67,75.57,0,0.1372,NORMAL,None,[],0.176,0.3254,0.1777,0,normal
2024-07-07 11:30:00,AWS_Chennai_001,34.02,1001.53,74.54,0,0.1007,NORMAL,None,[],0.0844,0.2728,0.1726,0,normal
2024-07-07 11:40:00,AWS_Chennai_001,33.92,1001.42,77.89,0,0.0818,NORMAL,None,[],0.078,0.1546,0.1761,0,normal
2024-07-07 11:50:00,AWS_Chennai_001,34.5,1001.76,80.42,0,0.1159,NORMAL,None,[],0.1659,0.2081,0.1748,0,normal
2024-07-07 12:00:00,AWS_Chennai_001,34.59,1001.85,78.92,0,0.1126,NORMAL,None,[],0.1354,0.2338,0.1845,0,normal
2024-07-07 12:10:00,AWS_Chennai_001,34.74,1001.77,76.49,0,0.1018,NORMAL,None,[],0.0951,0.2531,0.1763,0,normal
2024-07-07 12:20:00,AWS_Chennai_001,34.61,1001.98,76.73,0,0.1124,NORMAL,None,[],0.1332,0.2593,0.1679,0,normal
2024-07-07 12:30:00,AWS_Chennai_001,34.9,1002.05,75.43,0,0.1133,NORMAL,None,[],0.1165,0.3031,0.1645,0,normal
2024-07-07 12:40:00,AWS_Chennai_001,35.15,1002.13,77.55,0,0.1139,NORMAL,None,[],0.1349,0.2577,0.1739,0,normal
2024-07-07 12:50:00,AWS_Chennai_001,35.63,1002.14,77.77,0,0.104,NORMAL,None,[],0.1049,0.2603,0.1676,0,normal
2024-07-07 13:00:00,AWS_Chennai_001,35.38,1002.08,76.98,0,0.089,NORMAL,None,[],0.0742,0.2251,0.1648,0,normal
2024-07-07 13:10:00,AWS_Chennai_001,35.55,1002.07,79.42,0,0.0997,NORMAL,None,[],0.0992,0.2523,0.1606,0,normal
2024-07-07 13:20:00,AWS_Chennai_001,35.71,1002.1,80.94,0,0.1318,NORMAL,None,[],0.1247,0.3319,0.2233,0,normal
2024-07-07 13:30:00,AWS_Chennai_001,35.5,1002.08,82.88,0,0.1649,NORMAL,None,[],0.1699,0.3325,0.3205,0,normal
2024-07-07 13:40:00,AWS_Chennai_001,35.13,1002.12,82.13,0,0.1102,NORMAL,None,[],0.1057,0.2455,0.2082,0,normal
2024-07-07 13:50:00,AWS_Chennai_001,34.95,1002.34,83.29,0,0.1151,NORMAL,None,[],0.1384,0.2762,0.1606,0,normal
2024-07-07 14:00:00,AWS_Chennai_001,35.14,1002.39,84.13,0,0.1165,NORMAL,None,[],0.133,0.2909,0.1646,0,normal
2024-07-07 14:10:00,AWS_Chennai_001,34.52,1002.38,84.03,0,0.1085,NORMAL,None,[],0.1176,0.2683,0.1647,0,normal
2024-07-07 14:20:00,AWS_Chennai_001,34.35,1002.45,87.45,0,0.147,NORMAL,None,[],0.2032,0.3443,0.1719,0,normal
2024-07-07 14:30:00,AWS_Chennai_001,34.4,1002.56,87.43,0,0.1345,NORMAL,None,[],0.1686,0.3383,0.1659,0,normal
2024-07-07 14:40:00,AWS_Chennai_001,34.05,1002.37,84.67,0,0.112,NORMAL,None,[],0.1204,0.2786,0.1705,0,normal
2024-07-07 14:50:00,AWS_Chennai_001,34.16,1002.11,85.45,0,0.1021,NORMAL,None,[],0.1207,0.208,0.1733,0,normal
2024-07-07 15:00:00,AWS_Chennai_001,34.05,1002.21,83.33,0,0.0961,NORMAL,None,[],0.1241,0.1574,0.1762,0,normal
2024-07-07 15:10:00,AWS_Chennai_001,34.46,1002.23,80.48,0,0.0817,NORMAL,None,[],0.1034,0.0867,0.1885,0,normal
2024-07-07 15:20:00,AWS_Chennai_001,34.76,1002.06,78.77,0,0.1124,NORMAL,None,[],0.1212,0.1506,0.2671,0,normal
2024-07-07 15:30:00,AWS_Chennai_001,34.31,1002.05,79.86,0,0.1035,NORMAL,None,[],0.1166,0.1958,0.1957,0,normal
2024-07-07 15:40:00,AWS_Chennai_001,34.41,1002.46,79.03,0,0.0994,NORMAL,None,[],0.0987,0.2239,0.1808,0,normal
2024-07-07 15:50:00,AWS_Chennai_001,34.2,1002.27,77.58,0,0.1007,NORMAL,None,[],0.1126,0.1894,0.1927,0,normal
2024-07-07 16:00:00,AWS_Chennai_001,34.38,1002.18,78.65,0,0.0758,NORMAL,None,[],0.056,0.1573,0.1768,0,normal
2024-07-07 16:10:00,AWS_Chennai_001,34.23,1002.02,77.75,0,0.0913,NORMAL,None,[],0.0602,0.2578,0.1727,0,normal
2024-07-07 16:20:00,AWS_Chennai_001,33.51,1001.99,78.25,0,0.0983,NORMAL,None,[],0.0434,0.3409,0.1705,0,normal
2024-07-07 16:30:00,AWS_Chennai_001,33.29,1002.14,76.62,0,0.0945,NORMAL,None,[],0.0415,0.3142,0.1746,0,normal
2024-07-07 16:40:00,AWS_Chennai_001,33.2,1001.98,77.63,0,0.0984,NORMAL,None,[],0.0461,0.3334,0.1728,0,normal
2024-07-07 16:50:00,AWS_Chennai_001,32.82,1002.1,78.98,0,0.0907,NORMAL,None,[],0.0582,0.2606,0.1707,0,normal
2024-07-07 17:00:00,AWS_Chennai_001,32.73,1002.1,79.86,0,0.0957,NORMAL,None,[],0.098,0.2187,0.1672,0,normal
2024-07-07 17:10:00,AWS_Chennai_001,32.64,1002.14,79.73,0,0.0878,NORMAL,None,[],0.0926,0.1792,0.1659,0,normal
2024-07-07 17:20:00,AWS_Chennai_001,32.12,1002.08,80.92,0,0.0948,NORMAL,None,[],0.1002,0.2141,0.1632,0,normal
2024-07-07 17:30:00,AWS_Chennai_001,32.12,1002.3,80.52,0,0.1067,NORMAL,None,[],0.1378,0.2332,0.1517,0,normal
2024-07-07 17:40:00,AWS_Chennai_001,31.54,1002.17,80.26,0,0.1095,NORMAL,None,[],0.1681,0.1863,0.1556,0,normal
2024-07-07 17:50:00,AWS_Chennai_001,31.17,1001.97,80.44,0,0.1114,NORMAL,None,[],0.1275,0.293,0.1462,0,normal
2024-07-07 18:00:00,AWS_Chennai_001,30.84,1001.75,79.35,0,0.1126,NORMAL,None,[],0.1176,0.3246,0.1434,0,normal
2024-07-07 18:10:00,AWS_Chennai_001,30.66,1001.77,78.81,0,0.0958,NORMAL,None,[],0.0826,0.2807,0.1446,0,normal
2024-07-07 18:20:00,AWS_Chennai_001,30.33,1001.79,79.71,0,0.0936,NORMAL,None,[],0.0768,0.2782,0.1441,0,normal
2024-07-07 18:30:00,AWS_Chennai_001,30.53,1001.53,78.04,0,0.0974,NORMAL,None,[],0.057,0.3327,0.152,0,normal
2024-07-07 18:40:00,AWS_Chennai_001,30.47,1001.54,77.97,0,0.089,NORMAL,None,[],0.0456,0.3018,0.1504,0,normal
2024-07-07 18:50:00,AWS_Chennai_001,30.52,1001.4,79.49,0,0.0864,NORMAL,None,[],0.0601,0.2688,0.1404,0,normal
2024-07-07 19:00:00,AWS_Chennai_001,30.19,1001.24,79.53,0,0.0882,NORMAL,None,[],0.0607,0.2831,0.1377,0,normal
2024-07-07 19:10:00,AWS_Chennai_001,30.29,1001.15,82.46,0,0.1202,NORMAL,None,[],0.1119,0.3998,0.1336,0,normal
2024-07-07 19:20:00,AWS_Chennai_001,30.07,1001.08,81.48,0,0.0954,NORMAL,None,[],0.0651,0.3257,0.1349,0,normal
2024-07-07 19:30:00,AWS_Chennai_001,30.02,1001.08,81.94,0,0.1102,NORMAL,None,[],0.1161,0.3188,0.1377,0,normal
2024-07-07 19:40:00,AWS_Chennai_001,29.8,1001.03,80.7,0,0.0982,NORMAL,None,[],0.1117,0.2437,0.1408,0,normal
2024-07-07 19:50:00,AWS_Chennai_001,29.75,1001.28,83.86,0,0.125,NORMAL,None,[],0.1627,0.3259,0.1365,0,normal
2024-07-07 20:00:00,AWS_Chennai_001,29.55,1001.22,84.45,0,0.1106,NORMAL,None,[],0.1175,0.3229,0.1347,0,normal
2024-07-07 20:10:00,AWS_Chennai_001,29.13,1001.23,85.44,0,0.1134,NORMAL,None,[],0.1204,0.3413,0.1302,0,normal
2024-07-07 20:20:00,AWS_Chennai_001,28.57,1001.16,87.13,0,0.1309,NORMAL,None,[],0.1459,0.3863,0.146,0,normal
2024-07-07 20:30:00,AWS_Chennai_001,28.66,1000.95,89.06,0,0.1376,NORMAL,None,[],0.152,0.4058,0.1555,0,normal
2024-07-07 20:40:00,AWS_Chennai_001,28.39,1000.93,89.02,0,0.1176,NORMAL,None,[],0.0961,0.3812,0.1577,0,normal
2024-07-07 20:50:00,AWS_Chennai_001,27.59,1000.98,86.8,0,0.0988,NORMAL,None,[],0.0585,0.339,0.1519,0,normal
2024-07-07 21:00:00,AWS_Chennai_001,27.71,1000.8,88.7,0,0.113,NORMAL,None,[],0.0939,0.361,0.1533,0,normal
2024-07-07 21:10:00,AWS_Chennai_001,27.64,1000.91,87.84,0,0.087,NORMAL,None,[],0.0451,0.2857,0.153,0,normal
2024-07-07 21:20:00,AWS_Chennai_001,26.96,1000.78,88.58,0,0.1009,NORMAL,None,[],0.0615,0.344,0.1543,0,normal
2024-07-07 21:30:00,AWS_Chennai_001,27.0,1000.68,90.79,0,0.1116,NORMAL,None,[],0.0807,0.3684,0.1608,0,normal
2024-07-07 21:40:00,AWS_Chennai_001,26.9,1000.46,91.3,0,0.1223,NORMAL,None,[],0.0979,0.3996,0.1648,0,normal
2024-07-07 21:50:00,AWS_Chennai_001,26.57,1000.62,91.73,0,0.1097,NORMAL,None,[],0.0858,0.337,0.167,0,normal
2024-07-07 22:00:00,AWS_Chennai_001,26.54,1000.65,93.47,0,0.1141,NORMAL,None,[],0.1094,0.3236,0.1635,0,normal
2024-07-07 22:10:00,AWS_Chennai_001,26.19,1000.77,93.51,0,0.105,NORMAL,None,[],0.1051,0.2713,0.1636,0,normal
2024-07-07 22:20:00,AWS_Chennai_001,25.82,1000.82,92.07,0,0.0847,NORMAL,None,[],0.0665,0.2221,0.1572,0,normal
2024-07-07 22:30:00,AWS_Chennai_001,26.39,1001.03,89.66,0,0.0792,NORMAL,None,[],0.0877,0.1411,0.1587,0,normal
2024-07-07 22:40:00,AWS_Chennai_001,26.19,1001.17,91.59,0,0.0912,NORMAL,None,[],0.0867,0.2237,0.158,0,normal
2024-07-07 22:50:00,AWS_Chennai_001,26.39,1001.5,91.86,0,0.1063,NORMAL,None,[],0.1072,0.2897,0.1535,0,normal
2024-07-07 23:00:00,AWS_Chennai_001,26.7,1001.38,93.23,0,0.1056,NORMAL,None,[],0.1222,0.253,0.1548,0,normal
2024-07-07 23:10:00,AWS_Chennai_001,26.55,1001.43,95.29,0,0.1124,NORMAL,None,[],0.1159,0.3082,0.1569,0,normal
2024-07-07 23:20:00,AWS_Chennai_001,26.77,1001.47,99.0,0,0.181,NORMAL,None,[],0.237,0.3293,0.3025,0,normal
2024-07-07 23:30:00,AWS_Chennai_001,27.06,1001.47,95.06,0,0.1202,NORMAL,None,[],0.1734,0.2135,0.181,0,normal
2024-07-07 23:40:00,AWS_Chennai_001,27.04,1001.47,94.02,0,0.1193,NORMAL,None,[],0.1775,0.1835,0.1926,0,normal
2024-07-07 23:50:00,AWS_Chennai_001,26.79,1001.56,95.94,0,0.1295,NORMAL,None,[],0.2074,0.2,0.1863,0,normal
2024-07-08 00:00:00,AWS_Chennai_001,26.4,1001.64,95.49,0,0.1196,NORMAL,None,[],0.1676,0.2197,0.1819,0,normal
2024-07-08 00:10:00,AWS_Chennai_001,26.09,1001.76,98.03,0,0.1476,NORMAL,None,[],0.2111,0.3339,0.1708,0,normal
2024-07-08 00:20:00,AWS_Chennai_001,26.22,1001.85,97.12,0,0.1227,NORMAL,None,[],0.1672,0.2671,0.1622,0,normal
2024-07-08 00:30:00,AWS_Chennai_001,26.17,1001.66,96.82,0,0.1021,NORMAL,None,[],0.1314,0.2128,0.154,0,normal
2024-07-08 00:40:00,AWS_Chennai_001,26.05,1001.82,98.05,0,0.1061,NORMAL,None,[],0.1121,0.2725,0.1579,0,normal
2024-07-08 00:50:00,AWS_Chennai_001,26.22,1001.87,97.02,0,0.0946,NORMAL,None,[],0.1091,0.1968,0.1617,0,normal
2024-07-08 01:00:00,AWS_Chennai_001,25.97,1001.84,95.9,0,0.0895,NORMAL,None,[],0.0951,0.1937,0.1595,0,normal
2024-07-08 01:10:00,AWS_Chennai_001,25.89,1001.74,96.42,0,0.0851,NORMAL,None,[],0.0851,0.1861,0.1582,0,normal
2024-07-08 01:20:00,AWS_Chennai_001,25.81,1001.7,95.29,0,0.0762,NORMAL,None,[],0.0721,0.1508,0.16,0,normal
2024-07-08 01:30:00,AWS_Chennai_001,26.02,1001.93,98.76,0,0.1176,NORMAL,None,[],0.1507,0.2746,0.1561,0,normal
2024-07-08 01:40:00,AWS_Chennai_001,26.14,1001.9,97.39,0,0.0874,NORMAL,None,[],0.096,0.184,0.1549,0,normal
2024-07-08 01:50:00,AWS_Chennai_001,26.2,1002.1,99.28,0,0.1231,NORMAL,None,[],0.1615,0.2912,0.1549,0,normal
2024-07-08 02:00:00,AWS_Chennai_001,25.88,1002.18,97.22,0,0.1091,NORMAL,None,[],0.1384,0.2493,0.1512,0,normal
2024-07-08 02:10:00,AWS_Chennai_001,25.95,1002.08,99.2,0,0.1138,NORMAL,None,[],0.1448,0.2677,0.1509,0,normal
2024-07-08 02:20:00,AWS_Chennai_001,25.67,1002.23,99.11,0,0.1189,NORMAL,None,[],0.1253,0.3342,0.1561,0,normal
2024-07-08 02:30:00,AWS_Chennai_001,25.65,1002.02,98.67,0,0.0882,NORMAL,None,[],0.0744,0.2294,0.1575,0,normal
2024-07-08 02:40:00,AWS_Chennai_001,25.32,1001.99,99.12,0,0.0987,NORMAL,None,[],0.0745,0.2954,0.1601,0,normal
2024-07-08 02:50:00,AWS_Chennai_001,26.12,1002.34,99.59,0,0.1279,NORMAL,None,[],0.1756,0.2931,0.1563,0,normal
2024-07-08 03:00:00,AWS_Chennai_001,26.18,1002.31,97.76,0,0.1052,NORMAL,None,[],0.1487,0.1906,0.1599,0,normal
2024-07-08 03:10:00,AWS_Chennai_001,26.26,1002.27,100.0,0,0.115,NORMAL,None,[],0.1296,0.2918,0.1619,0,normal
2024-07-08 03:20:00,AWS_Chennai_001,26.84,1002.61,98.7,0,0.1537,NORMAL,None,[],0.2016,0.3968,0.1685,0,normal
2024-07-08 03:30:00,AWS_Chennai_001,26.59,1002.44,99.38,0,0.1292,NORMAL,None,[],0.1764,0.2909,0.1634,0,normal
2024-07-08 03:40:00,AWS_Chennai_001,26.26,1002.36,97.73,0,0.0838,NORMAL,None,[],0.0977,0.1404,0.167,0,normal
2024-07-08 03:50:00,AWS_Chennai_001,26.03,1002.63,93.8,0,0.1418,NORMAL,None,[],0.2091,0.3154,0.1591,0,normal
2024-07-08 04:00:00,AWS_Chennai_001,26.13,1002.48,97.27,0,0.1193,NORMAL,None,[],0.1782,0.132,0.2301,0,normal
2024-07-08 04:10:00,AWS_Chennai_001,26.33,1002.3,96.14,0,0.0948,NORMAL,None,[],0.1279,0.1641,0.1589,0,normal
2024-07-08 04:20:00,AWS_Chennai_001,26.09,1002.46,98.53,0,0.0916,NORMAL,None,[],0.1547,0.0845,0.1627,1,frozen_temperature
2024-07-08 04:30:00,AWS_Chennai_001,26.09,1002.41,99.82,0,0.1125,NORMAL,None,[],0.2052,0.1214,0.1634,1,frozen_temperature
2024-07-08 04:40:00,AWS_Chennai_001,26.09,1002.46,99.81,0,0.1547,NORMAL,None,[],0.2776,0.1248,0.2633,1,frozen_temperature
2024-07-08 04:50:00,AWS_Chennai_001,26.09,1002.64,98.58,0,0.1876,NORMAL,None,[],0.3009,0.1232,0.3941,1,frozen_temperature
2024-07-08 05:00:00,AWS_Chennai_001,26.09,1002.75,98.34,0,0.1818,NORMAL,None,[],0.2931,0.1361,0.3676,1,frozen_temperature
2024-07-08 05:10:00,AWS_Chennai_001,26.09,1002.93,98.3,0,0.2054,NORMAL,None,[],0.3391,0.1661,0.3939,1,frozen_temperature
2024-07-08 05:20:00,AWS_Chennai_001,26.09,1003.07,96.1,0,0.2217,NORMAL,None,[],0.3414,0.2691,0.3944,1,frozen_temperature
2024-07-08 05:30:00,AWS_Chennai_001,26.09,1002.92,96.18,0,0.2081,NORMAL,None,[],0.3217,0.2105,0.4002,1,frozen_temperature
2024-07-08 05:40:00,AWS_Chennai_001,26.09,1002.59,95.43,0,0.2142,NORMAL,None,[],0.3303,0.1532,0.4609,1,frozen_temperature
2024-07-08 05:50:00,AWS_Chennai_001,26.09,1002.33,93.95,0,0.2441,NORMAL,None,[],0.3452,0.2473,0.5173,1,frozen_temperature
2024-07-08 06:00:00,AWS_Chennai_001,26.09,1002.35,93.3,0,0.2438,NORMAL,None,[],0.3487,0.2382,0.5172,1,frozen_temperature
2024-07-08 06:10:00,AWS_Chennai_001,26.09,1002.12,92.37,1,0.2531,LOW,None,[],0.3512,0.3033,0.511,1,frozen_temperature
2024-07-08 06:20:00,AWS_Chennai_001,26.09,1002.14,92.41,0,0.2461,NORMAL,None,[],0.3454,0.2562,0.5205,1,frozen_temperature
2024-07-08 06:30:00,AWS_Chennai_001,26.09,1002.1,95.55,0,0.2301,NORMAL,None,[],0.3393,0.1521,0.5272,1,frozen_temperature
2024-07-08 06:40:00,AWS_Chennai_001,26.09,1002.07,96.12,0,0.2168,NORMAL,None,[],0.3124,0.1218,0.5241,1,frozen_temperature
2024-07-08 06:50:00,AWS_Chennai_001,26.09,1001.77,94.95,0,0.2423,NORMAL,None,[],0.3495,0.2084,0.5311,1,frozen_temperature
2024-07-08 07:00:00,AWS_Chennai_001,26.09,1001.61,97.52,1,0.5934,MEDIUM,Sensor Frozen - Temperature,['frozen_temp'],0.3562,0.2037,0.5301,1,frozen_temperature
2024-07-08 07:10:00,AWS_Chennai_001,26.09,1001.72,97.24,1,0.5743,MEDIUM,Sensor Frozen - Temperature,['frozen_temp'],0.3371,0.1397,0.5112,1,frozen_temperature
2024-07-08 07:20:00,AWS_Chennai_001,29.8,1001.36,95.8,0,0.2331,NORMAL,None,[],0.4614,0.4541,0.1329,0,normal
2024-07-08 07:30:00,AWS_Chennai_001,29.82,1001.26,96.54,0,0.2077,NORMAL,None,[],0.4164,0.356,0.147,0,normal
2024-07-08 07:40:00,AWS_Chennai_001,30.01,1001.32,97.42,0,0.186,NORMAL,None,[],0.373,0.3358,0.1187,0,normal
2024-07-08 07:50:00,AWS_Chennai_001,30.23,1001.39,96.04,0,0.1644,NORMAL,None,[],0.3343,0.2471,0.1353,0,normal
2024-07-08 08:00:00,AWS_Chennai_001,30.25,1001.22,95.41,0,0.1778,NORMAL,None,[],0.3257,0.2309,0.2272,0,normal
2024-07-08 08:10:00,AWS_Chennai_001,30.19,1001.04,95.66,0,0.1483,NORMAL,None,[],0.2796,0.2252,0.1534,0,normal
2024-07-08 08:20:00,AWS_Chennai_001,30.13,1001.11,94.44,0,0.1455,NORMAL,None,[],0.2619,0.2292,0.1626,0,normal
2024-07-08 08:30:00,AWS_Chennai_001,30.19,1001.22,95.26,0,0.132,NORMAL,None,[],0.2514,0.1599,0.1631,0,normal
2024-07-08 08:40:00,AWS_Chennai_001,30.47,1001.41,92.02,0,0.1509,NORMAL,None,[],0.2729,0.2563,0.1528,0,normal
2024-07-08 08:50:00,AWS_Chennai_001,31.01,1001.25,91.12,0,0.1462,NORMAL,None,[],0.2398,0.297,0.1484,0,normal
2024-07-08 09:00:00,AWS_Chennai_001,31.36,1001.15,90.46,0,0.143,NORMAL,None,[],0.2239,0.3107,0.1463,0,normal
2024-07-08 09:10:00,AWS_Chennai_001,31.46,1001.12,93.07,0,0.1261,NORMAL,None,[],0.2113,0.2171,0.1509,0,normal
2024-07-08 09:20:00,AWS_Chennai_001,31.13,1001.09,92.97,0,0.1162,NORMAL,None,[],0.1717,0.2045,0.1699,0,normal
2024-07-08 09:30:00,AWS_Chennai_001,31.03,1001.08,92.74,0,0.1113,NORMAL,None,[],0.1622,0.1941,0.1676,0,normal
2024-07-08 09:40:00,AWS_Chennai_001,31.38,1001.21,93.72,0,0.1072,NORMAL,None,[],0.1802,0.1234,0.1733,0,normal
2024-07-08 09:50:00,AWS_Chennai_001,31.51,1001.22,90.87,0,0.1141,NORMAL,None,[],0.1664,0.1954,0.1743,0,normal
2024-07-08 10:00:00,AWS_Chennai_001,31.75,1001.04,90.26,0,0.1157,NORMAL,None,[],0.1417,0.2793,0.1566,0,normal
2024-07-08 10:10:00,AWS_Chennai_001,32.25,1001.15,89.8,0,0.1255,NORMAL,None,[],0.1686,0.2964,0.1521,0,normal
2024-07-08 10:20:00,AWS_Chennai_001,32.72,1001.36,87.98,0,0.1492,NORMAL,None,[],0.1812,0.4036,0.1716,0,normal
2024-07-08 10:30:00,AWS_Chennai_001,33.27,1001.28,86.83,0,0.1454,NORMAL,None,[],0.1821,0.3635,0.1814,0,normal
2024-07-08 10:40:00,AWS_Chennai_001,33.66,1001.34,86.37,0,0.1522,NORMAL,None,[],0.1906,0.3853,0.1861,0,normal
2024-07-08 10:50:00,AWS_Chennai_001,33.87,1001.57,86.07,0,0.1613,NORMAL,None,[],0.1829,0.4619,0.1856,0,normal
2024-07-08 11:00:00,AWS_Chennai_001,34.25,1001.74,88.8,0,0.1641,NORMAL,None,[],0.2249,0.3943,0.1876,0,normal
2024-07-08 11:10:00,AWS_Chennai_001,34.8,1001.89,89.34,0,0.1618,NORMAL,None,[],0.2156,0.3707,0.2075,0,normal
2024-07-08 11:20:00,AWS_Chennai_001,34.96,1001.91,88.76,0,0.1454,NORMAL,None,[],0.1797,0.3346,0.2064,0,normal
2024-07-08 11:30:00,AWS_Chennai_001,35.07,1001.89,87.6,0,0.1303,NORMAL,None,[],0.1409,0.3215,0.1991,0,normal
2024-07-08 11:40:00,AWS_Chennai_001,35.15,1001.88,86.83,0,0.1287,NORMAL,None,[],0.1446,0.3069,0.1963,0,normal
2024-07-08 11:50:00,AWS_Chennai_001,35.19,1002.06,87.57,0,0.1428,NORMAL,None,[],0.1881,0.2851,0.2179,0,normal
2024-07-08 12:00:00,AWS_Chennai_001,35.57,1002.31,86.03,0,0.1563,NORMAL,None,[],0.2076,0.3432,0.213,0,normal
2024-07-08 12:10:00,AWS_Chennai_001,35.64,1002.4,86.31,0,0.1462,NORMAL,None,[],0.1984,0.3089,0.2017,0,normal
2024-07-08 12:20:00,AWS_Chennai_001,35.85,1002.66,85.09,0,0.1708,NORMAL,None,[],0.2586,0.3468,0.206,0,normal
2024-07-08 12:30:00,AWS_Chennai_001,35.96,1002.51,85.38,0,0.1467,NORMAL,None,[],0.2054,0.2897,0.2083,0,normal
2024-07-08 12:40:00,AWS_Chennai_001,35.52,1002.6,86.89,0,0.1219,NORMAL,None,[],0.1798,0.2044,0.1863,0,normal
2024-07-08 12:50:00,AWS_Chennai_001,35.77,1002.48,85.3,0,0.1262,NORMAL,None,[],0.1632,0.2478,0.2006,0,normal
2024-07-08 13:00:00,AWS_Chennai_001,35.96,1002.51,81.73,0,0.1584,NORMAL,None,[],0.2268,0.3579,0.1835,0,normal
2024-07-08 13:10:00,AWS_Chennai_001,36.39,1002.59,79.47,0,0.1746,NORMAL,None,[],0.2451,0.3933,0.2102,0,normal
2024-07-08 13:20:00,AWS_Chennai_001,36.43,1002.97,79.24,0,0.1886,NORMAL,None,[],0.2655,0.3948,0.2488,0,normal
2024-07-08 13:30:00,AWS_Chennai_001,36.36,1002.9,80.22,0,0.1575,NORMAL,None,[],0.2065,0.3187,0.2386,0,normal
2024-07-08 13:40:00,AWS_Chennai_001,36.41,1003.05,79.08,0,0.1462,NORMAL,None,[],0.1943,0.3368,0.1871,0,normal
2024-07-08 13:50:00,AWS_Chennai_001,36.61,1002.9,79.84,0,0.134,NORMAL,None,[],0.1764,0.2914,0.1868,0,normal
2024-07-08 14:00:00,AWS_Chennai_001,36.27,1002.92,77.56,0,0.1365,NORMAL,None,[],0.198,0.2714,0.1821,0,normal
2024-07-08 14:10:00,AWS_Chennai_001,36.22,1002.94,75.43,0,0.1398,NORMAL,None,[],0.2083,0.2711,0.1831,0,normal
2024-07-08 14:20:00,AWS_Chennai_001,36.66,1003.05,74.07,0,0.1636,NORMAL,None,[],0.2564,0.3353,0.182,0,normal
2024-07-08 14:30:00,AWS_Chennai_001,36.26,1003.02,73.57,0,0.148,NORMAL,None,[],0.2447,0.2466,0.1883,0,normal
2024-07-08 14:40:00,AWS_Chennai_001,36.15,1002.71,76.47,0,0.1051,NORMAL,None,[],0.1884,0.0914,0.1745,0,normal
2024-07-08 14:50:00,AWS_Chennai_001,35.86,1002.92,76.44,0,0.1321,NORMAL,None,[],0.2322,0.1714,0.1838,0,normal
2024-07-08 15:00:00,AWS_Chennai_001,36.45,1003.04,78.36,0,0.1398,NORMAL,None,[],0.2622,0.1778,0.1725,0,normal
2024-07-08 15:10:00,AWS_Chennai_001,36.64,1003.04,78.82,0,0.142,NORMAL,None,[],0.2669,0.1888,0.1683,0,normal
2024-07-08 15:20:00,AWS_Chennai_001,36.42,1003.08,79.14,0,0.133,NORMAL,None,[],0.2688,0.1251,0.168,0,normal
2024-07-08 15:30:00,AWS_Chennai_001,36.36,1002.95,78.71,0,0.1082,NORMAL,None,[],0.2245,0.057,0.1615,0,normal
2024-07-08 15:40:00,AWS_Chennai_001,36.36,1002.94,79.65,0,0.1196,NORMAL,None,[],0.2606,0.0658,0.1577,0,normal
2024-07-08 15:50:00,AWS_Chennai_001,36.39,1003.06,80.56,0,0.1414,NORMAL,None,[],0.298,0.1566,0.1426,0,normal
2024-07-08 16:00:00,AWS_Chennai_001,36.05,1002.88,82.54,0,0.1636,NORMAL,None,[],0.2954,0.2841,0.1619,0,normal
2024-07-08 16:10:00,AWS_Chennai_001,35.6,1002.84,85.11,0,0.1864,NORMAL,None,[],0.288,0.4592,0.1555,0,normal
2024-07-08 16:20:00,AWS_Chennai_001,35.13,1002.75,85.3,0,0.1861,NORMAL,None,[],0.2636,0.4959,0.1631,0,normal
2024-07-08 16:30:00,AWS_Chennai_001,34.39,1002.56,87.19,0,0.2314,NORMAL,None,[],0.3646,0.5719,0.1811,0,normal
2024-07-08 16:40:00,AWS_Chennai_001,34.36,1002.65,87.48,0,0.1729,NORMAL,None,[],0.2429,0.4335,0.175,0,normal
2024-07-08 16:50:00,AWS_Chennai_001,33.61,1002.47,84.04,0,0.1842,NORMAL,None,[],0.284,0.4225,0.1781,0,normal
2024-07-08 17:00:00,AWS_Chennai_001,33.57,1002.81,81.89,0,0.1286,NORMAL,None,[],0.2114,0.2067,0.1707,0,normal
2024-07-08 17:10:00,AWS_Chennai_001,33.67,1002.9,82.47,0,0.1072,NORMAL,None,[],0.1618,0.1686,0.167,0,normal
2024-07-08 17:20:00,AWS_Chennai_001,33.02,1002.68,79.72,0,0.126,NORMAL,None,[],0.1638,0.2339,0.2087,0,normal
2024-07-08 17:30:00,AWS_Chennai_001,32.78,1002.65,81.37,0,0.098,NORMAL,None,[],0.096,0.2047,0.1923,0,normal
2024-07-08 17:40:00,AWS_Chennai_001,32.53,1002.45,80.66,0,0.1067,NORMAL,None,[],0.0999,0.2812,0.1729,0,normal
2024-07-08 17:50:00,AWS_Chennai_001,32.32,1002.43,83.12,0,0.0919,NORMAL,None,[],0.0723,0.2659,0.1518,0,normal
2024-07-08 18:00:00,AWS_Chennai_001,32.57,1002.35,81.99,0,0.0843,NORMAL,None,[],0.0616,0.2263,0.1592,0,normal
2024-07-08 18:10:00,AWS_Chennai_001,32.56,1002.65,81.41,0,0.0758,NORMAL,None,[],0.0807,0.1365,0.1554,0,normal
2024-07-08 18:20:00,AWS_Chennai_001,32.03,1002.53,82.03,0,0.0856,NORMAL,None,[],0.1023,0.1719,0.1454,0,normal
2024-07-08 18:30:00,AWS_Chennai_001,31.47,1002.23,83.49,0,0.0887,NORMAL,None,[],0.068,0.2754,0.1349,0,normal
2024-07-08 18:40:00,AWS_Chennai_001,31.11,1002.33,84.78,0,0.0911,NORMAL,None,[],0.0778,0.2698,0.1363,0,normal
2024-07-08 18:50:00,AWS_Chennai_001,31.11,1002.25,86.25,0,0.1096,NORMAL,None,[],0.1157,0.3164,0.1372,0,normal
2024-07-08 19:00:00,AWS_Chennai_001,30.59,1002.24,88.1,0,0.123,NORMAL,None,[],0.1411,0.3598,0.1336,0,normal
2024-07-08 19:10:00,AWS_Chennai_001,30.71,1002.11,89.25,0,0.1363,NORMAL,None,[],0.1611,0.3803,0.1544,0,normal
2024-07-08 19:20:00,AWS_Chennai_001,30.81,1001.8,88.9,0,0.1329,NORMAL,None,[],0.1496,0.3925,0.1456,0,normal
2024-07-08 19:30:00,AWS_Chennai_001,30.7,1001.69,88.12,0,0.1187,NORMAL,None,[],0.1243,0.3527,0.1425,0,normal
2024-07-08 19:40:00,AWS_Chennai_001,30.55,1001.56,88.49,0,0.1227,NORMAL,None,[],0.1384,0.3516,0.1421,0,normal
2024-07-08 19:50:00,AWS_Chennai_001,29.81,1001.44,89.15,0,0.1207,NORMAL,None,[],0.1175,0.3759,0.1454,0,normal
2024-07-08 20:00:00,AWS_Chennai_001,29.54,1001.4,89.84,0,0.1103,NORMAL,None,[],0.0908,0.3623,0.1437,0,normal
2024-07-08 20:10:00,AWS_Chennai_001,29.64,1001.33,89.98,0,0.1002,NORMAL,None,[],0.0738,0.3313,0.1418,0,normal
2024-07-08 20:20:00,AWS_Chennai_001,29.44,1001.23,88.97,0,0.0945,NORMAL,None,[],0.0705,0.3012,0.1411,0,normal
2024-07-08 20:30:00,AWS_Chennai_001,29.47,1001.03,90.08,0,0.1047,NORMAL,None,[],0.0972,0.3122,0.1436,0,normal
2024-07-08 20:40:00,AWS_Chennai_001,29.19,1000.96,90.73,0,0.1057,NORMAL,None,[],0.0993,0.3152,0.1431,0,normal
2024-07-08 20:50:00,AWS_Chennai_001,29.13,1000.79,90.8,0,0.1057,NORMAL,None,[],0.1048,0.3031,0.1441,0,normal
2024-07-08 21:00:00,AWS_Chennai_001,28.79,1000.71,87.79,0,0.0949,NORMAL,None,[],0.1051,0.2312,0.1434,0,normal
2024-07-08 21:10:00,AWS_Chennai_001,28.86,1000.87,86.32,0,0.1014,NORMAL,None,[],0.123,0.2387,0.1435,0,normal
2024-07-08 21:20:00,AWS_Chennai_001,28.64,1000.71,86.13,0,0.1064,NORMAL,None,[],0.1236,0.2829,0.1343,0,normal
2024-07-08 21:30:00,AWS_Chennai_001,28.26,1000.94,84.43,0,0.1119,NORMAL,None,[],0.1118,0.3337,0.1417,0,normal
2024-07-08 21:40:00,AWS_Chennai_001,27.57,1000.9,84.42,0,0.1129,NORMAL,None,[],0.0997,0.3564,0.1478,0,normal
2024-07-08 21:50:00,AWS_Chennai_001,28.03,1000.8,87.07,0,0.0824,NORMAL,None,[],0.0742,0.2214,0.1346,0,normal
2024-07-08 22:00:00,AWS_Chennai_001,28.03,1001.11,87.79,0,0.0787,NORMAL,None,[],0.1119,0.1257,0.1313,0,normal
2024-07-08 22:10:00,AWS_Chennai_001,27.39,1001.02,88.87,0,0.0959,NORMAL,None,[],0.1433,0.1738,0.134,0,normal
2024-07-08 22:20:00,AWS_Chennai_001,27.01,1001.43,86.34,0,0.1171,NORMAL,None,[],0.157,0.2788,0.1406,0,normal
2024-07-08 22:30:00,AWS_Chennai_001,26.72,1001.53,86.7,0,0.1142,NORMAL,None,[],0.1379,0.2967,0.1416,0,normal
2024-07-08 22:40:00,AWS_Chennai_001,26.49,1001.77,87.13,0,0.1209,NORMAL,None,[],0.1474,0.323,0.1411,0,normal
2024-07-08 22:50:00,AWS_Chennai_001,26.74,1001.72,88.99,0,0.1177,NORMAL,None,[],0.1628,0.2775,0.136,0,normal
2024-07-08 23:00:00,AWS_Chennai_001,26.73,1001.52,87.38,0,0.0766,NORMAL,None,[],0.0673,0.1942,0.1361,0,normal
2024-07-08 23:10:00,AWS_Chennai_001,26.98,1001.59,89.38,0,0.0889,NORMAL,None,[],0.0936,0.2266,0.134,0,normal
2024-07-08 23:20:00,AWS_Chennai_001,27.1,1001.48,87.77,0,0.0621,NORMAL,None,[],0.0553,0.1241,0.1346,0,normal
2024-07-08 23:30:00,AWS_Chennai_001,26.96,1001.57,86.99,0,0.0643,NORMAL,None,[],0.0444,0.1556,0.1382,0,normal
2024-07-08 23:40:00,AWS_Chennai_001,27.02,1001.59,86.16,0,0.0711,NORMAL,None,[],0.0572,0.1692,0.1427,0,normal
2024-07-08 23:50:00,AWS_Chennai_001,26.99,1001.55,84.32,0,0.0833,NORMAL,None,[],0.064,0.2288,0.1489,0,normal
2024-07-09 00:00:00,AWS_Chennai_001,27.37,1001.35,82.27,0,0.0907,NORMAL,None,[],0.1102,0.1864,0.1484,0,normal
2024-07-09 00:10:00,AWS_Chennai_001,27.5,1001.48,81.95,0,0.0984,NORMAL,None,[],0.1221,0.2088,0.1522,0,normal
2024-07-09 00:20:00,AWS_Chennai_001,27.95,1001.52,82.34,0,0.0963,NORMAL,None,[],0.0948,0.2517,0.1503,0,normal
2024-07-09 00:30:00,AWS_Chennai_001,27.81,1001.7,83.91,0,0.0876,NORMAL,None,[],0.0834,0.2285,0.1414,0,normal
2024-07-09 00:40:00,AWS_Chennai_001,28.08,1001.71,84.29,0,0.0818,NORMAL,None,[],0.0512,0.2421,0.1505,0,normal
2024-07-09 00:50:00,AWS_Chennai_001,27.84,1001.59,84.23,0,0.0755,NORMAL,None,[],0.0711,0.1676,0.145,0,normal
2024-07-09 01:00:00,AWS_Chennai_001,27.79,1001.7,86.81,0,0.087,NORMAL,None,[],0.1081,0.179,0.1385,0,normal
2024-07-09 01:10:00,AWS_Chennai_001,27.71,1001.64,86.35,0,0.0636,NORMAL,None,[],0.055,0.1266,0.1406,0,normal
2024-07-09 01:20:00,AWS_Chennai_001,27.33,1001.64,86.55,0,0.0669,NORMAL,None,[],0.0915,0.0673,0.1465,0,normal
2024-07-09 01:30:00,AWS_Chennai_001,27.44,1001.87,85.5,0,0.09,NORMAL,None,[],0.115,0.1806,0.1422,0,normal
2024-07-09 01:40:00,AWS_Chennai_001,27.45,1001.94,85.35,0,0.0812,NORMAL,None,[],0.0869,0.1886,0.134,0,normal
2024-07-09 01:50:00,AWS_Chennai_001,27.13,1001.91,84.94,0,0.0769,NORMAL,None,[],0.0701,0.1986,0.1304,0,normal
2024-07-09 02:00:00,AWS_Chennai_001,27.33,1002.12,86.58,0,0.0973,NORMAL,None,[],0.1142,0.2451,0.1313,0,normal
2024-07-09 02:10:00,AWS_Chennai_001,26.53,1002.36,87.36,0,0.1403,NORMAL,None,[],0.1554,0.4418,0.1372,0,normal
2024-07-09 02:20:00,AWS_Chennai_001,26.72,1002.38,87.92,0,0.1088,NORMAL,None,[],0.0811,0.3845,0.1342,0,normal
2024-07-09 02:30:00,AWS_Chennai_001,27.03,1002.58,86.78,0,0.089,NORMAL,None,[],0.0653,0.2926,0.1276,0,normal
2024-07-09 02:40:00,AWS_Chennai_001,26.69,1002.68,87.39,0,0.0987,NORMAL,None,[],0.0717,0.3476,0.1253,0,normal
2024-07-09 02:50:00,AWS_Chennai_001,26.34,1002.71,86.65,0,0.0949,NORMAL,None,[],0.0635,0.3275,0.1335,0,normal
2024-07-09 03:00:00,AWS_Chennai_001,26.45,1003.05,85.6,0,0.1006,NORMAL,None,[],0.1154,0.2709,0.1269,0,normal
2024-07-09 03:10:00,AWS_Chennai_001,26.51,1003.1,85.67,0,0.0858,NORMAL,None,[],0.082,0.2384,0.1271,0,normal
2024-07-09 03:20:00,AWS_Chennai_001,26.32,1003.03,83.84,0,0.1036,NORMAL,None,[],0.0878,0.3375,0.1331,0,normal
2024-07-09 03:30:00,AWS_Chennai_001,25.66,1002.89,83.4,0,0.12,NORMAL,None,[],0.12,0.3767,0.1373,0,normal
2024-07-09 03:40:00,AWS_Chennai_001,25.85,1002.71,83.09,0,0.1033,NORMAL,None,[],0.0943,0.3123,0.1407,0,normal
2024-07-09 03:50:00,AWS_Chennai_001,26.13,1002.83,84.3,0,0.0815,NORMAL,None,[],0.0721,0.219,0.1354,0,normal
2024-07-09 04:00:00,AWS_Chennai_001,26.41,1003.19,84.59,0,0.0926,NORMAL,None,[],0.1198,0.1978,0.1352,0,normal
2024-07-09 04:10:00,AWS_Chennai_001,26.52,1003.11,84.73,0,0.0817,NORMAL,None,[],0.1022,0.1459,0.1456,0,normal
2024-07-09 04:20:00,AWS_Chennai_001,26.17,1003.31,85.44,0,0.0817,NORMAL,None,[],0.0976,0.1693,0.1353,0,normal
2024-07-09 04:30:00,AWS_Chennai_001,26.58,1003.3,84.52,0,0.0686,NORMAL,None,[],0.0613,0.1489,0.1392,0,normal
2024-07-09 04:40:00,AWS_Chennai_001,26.5,1003.33,85.27,0,0.0733,NORMAL,None,[],0.0955,0.1029,0.146,0,normal
2024-07-09 04:50:00,AWS_Chennai_001,25.88,1003.27,85.07,0,0.0906,NORMAL,None,[],0.1042,0.1978,0.1482,0,normal
2024-07-09 05:00:00,AWS_Chennai_001,25.91,1002.96,88.05,0,0.0902,NORMAL,None,[],0.1067,0.2201,0.1259,0,normal
2024-07-09 05:10:00,AWS_Chennai_001,26.36,1002.75,87.72,0,0.0757,NORMAL,None,[],0.0883,0.1628,0.1241,0,normal
2024-07-09 05:20:00,AWS_Chennai_001,26.88,1002.44,90.09,0,0.1414,NORMAL,None,[],0.1737,0.4313,0.1231,0,normal
2024-07-09 05:30:00,AWS_Chennai_001,27.1,1002.45,89.75,0,0.1287,NORMAL,None,[],0.1284,0.4231,0.1336,0,normal
2024-07-09 05:40:00,AWS_Chennai_001,27.32,1002.68,89.83,0,0.1224,NORMAL,None,[],0.1336,0.3608,0.1407,0,normal
2024-07-09 05:50:00,AWS_Chennai_001,27.2,1002.53,91.3,0,0.1195,NORMAL,None,[],0.1141,0.3711,0.1478,0,normal
2024-07-09 06:00:00,AWS_Chennai_001,27.48,1002.47,90.18,0,0.1043,NORMAL,None,[],0.0759,0.3426,0.1508,0,normal
2024-07-09 06:10:00,AWS_Chennai_001,28.08,1002.41,88.74,0,0.1107,NORMAL,None,[],0.1022,0.3302,0.1526,0,normal
2024-07-09 06:20:00,AWS_Chennai_001,27.71,1002.14,89.18,0,0.1035,NORMAL,None,[],0.0951,0.3088,0.1435,0,normal
2024-07-09 06:30:00,AWS_Chennai_001,27.61,1001.76,87.73,0,0.0992,NORMAL,None,[],0.1022,0.2726,0.1382,0,normal
2024-07-09 06:40:00,AWS_Chennai_001,27.74,1001.8,83.82,0,0.1353,NORMAL,None,[],0.1812,0.3303,0.1572,0,normal
2024-07-09 06:50:00,AWS_Chennai_001,27.89,1001.88,82.59,0,0.1359,NORMAL,None,[],0.1536,0.3329,0.1996,0,normal
2024-07-09 07:00:00,AWS_Chennai_001,27.97,1001.84,81.13,0,0.1342,NORMAL,None,[],0.1472,0.34,0.1953,0,normal
2024-07-09 07:10:00,AWS_Chennai_001,27.95,1001.75,81.49,0,0.1181,NORMAL,None,[],0.1114,0.3037,0.1958,0,normal
2024-07-09 07:20:00,AWS_Chennai_001,28.38,1001.69,81.56,0,0.1119,NORMAL,None,[],0.0992,0.3154,0.1741,0,normal
2024-07-09 07:30:00,AWS_Chennai_001,28.68,1001.5,78.49,0,0.1287,NORMAL,None,[],0.138,0.3775,0.1533,0,normal
2024-07-09 07:40:00,AWS_Chennai_001,28.63,1001.38,77.49,0,0.1216,NORMAL,None,[],0.1253,0.3574,0.1521,0,normal
2024-07-09 07:50:00,AWS_Chennai_001,28.5,1001.49,76.52,0,0.1206,NORMAL,None,[],0.1426,0.312,0.1552,0,normal
2024-07-09 08:00:00,AWS_Chennai_001,28.7,1001.54,77.4,0,0.1038,NORMAL,None,[],0.0971,0.2867,0.1584,0,normal
2024-07-09 08:10:00,AWS_Chennai_001,28.78,1001.37,77.47,0,0.1037,NORMAL,None,[],0.0918,0.2962,0.1585,0,normal
2024-07-09 08:20:00,AWS_Chennai_001,28.87,1001.31,76.35,0,0.109,NORMAL,None,[],0.1071,0.2989,0.16,0,normal
2024-07-09 08:30:00,AWS_Chennai_001,29.28,1001.07,76.26,0,0.1213,NORMAL,None,[],0.1261,0.3449,0.1585,0,normal
2024-07-09 08:40:00,AWS_Chennai_001,29.64,1001.1,80.12,0,0.126,NORMAL,None,[],0.1633,0.2877,0.169,0,normal
2024-07-09 08:50:00,AWS_Chennai_001,29.82,1001.1,80.02,0,0.1286,NORMAL,None,[],0.1798,0.2706,0.1705,0,normal
2024-07-09 09:00:00,AWS_Chennai_001,30.7,1001.26,82.89,0,0.1654,NORMAL,None,[],0.2905,0.2831,0.1789,0,normal
2024-07-09 09:10:00,AWS_Chennai_001,30.79,1001.28,82.79,0,0.1355,NORMAL,None,[],0.2086,0.2532,0.1745,0,normal
2024-07-09 09:20:00,AWS_Chennai_001,30.7,1001.33,81.13,0,0.1068,NORMAL,None,[],0.151,0.1866,0.1672,0,normal
2024-07-09 09:30:00,AWS_Chennai_001,31.27,1001.3,78.76,0,0.1164,NORMAL,None,[],0.177,0.2145,0.1557,0,normal
2024-07-09 09:40:00,AWS_Chennai_001,31.34,1001.3,81.41,0,0.1126,NORMAL,None,[],0.1625,0.2181,0.1557,0,normal
2024-07-09 09:50:00,AWS_Chennai_001,31.83,1001.31,82.62,0,0.1532,NORMAL,None,[],0.1892,0.2545,0.2915,0,normal
2024-07-09 10:00:00,AWS_Chennai_001,32.13,1001.21,83.02,0,0.1301,NORMAL,None,[],0.1813,0.2851,0.1648,0,normal
2024-07-09 10:10:00,AWS_Chennai_001,32.61,1001.71,83.23,0,0.1643,NORMAL,None,[],0.244,0.3808,0.17,0,normal
2024-07-09 10:20:00,AWS_Chennai_001,32.67,1001.86,84.02,0,0.1506,NORMAL,None,[],0.1895,0.4131,0.1586,0,normal
2024-07-09 10:30:00,AWS_Chennai_001,33.35,1001.98,81.18,0,0.1502,NORMAL,None,[],0.2137,0.3371,0.1776,0,normal
2024-07-09 10:40:00,AWS_Chennai_001,33.5,1002.18,83.6,0,0.1387,NORMAL,None,[],0.1592,0.3838,0.1667,0,normal
2024-07-09 10:50:00,AWS_Chennai_001,33.41,1002.14,84.32,0,0.1191,NORMAL,None,[],0.1167,0.3398,0.1657,0,normal
2024-07-09 11:00:00,AWS_Chennai_001,33.47,1002.13,85.37,0,0.1218,NORMAL,None,[],0.1234,0.3268,0.1786,0,normal
2024-07-09 11:10:00,AWS_Chennai_001,33.95,1002.33,85.76,0,0.1372,NORMAL,None,[],0.1626,0.3476,0.1812,0,normal
2024-07-09 11:20:00,AWS_Chennai_001,33.8,1002.33,83.89,0,0.1255,NORMAL,None,[],0.1607,0.2583,0.193,0,normal
2024-07-09 11:30:00,AWS_Chennai_001,33.81,1002.44,83.85,0,0.1185,NORMAL,None,[],0.1589,0.2476,0.1684,0,normal
2024-07-09 11:40:00,AWS_Chennai_001,34.63,1002.49,84.17,0,0.1333,NORMAL,None,[],0.1879,0.2773,0.177,0,normal
2024-07-09 11:50:00,AWS_Chennai_001,34.74,1002.62,86.36,0,0.1406,NORMAL,None,[],0.191,0.3515,0.1528,0,normal
2024-07-09 12:00:00,AWS_Chennai_001,34.89,1002.88,85.81,0,0.1482,NORMAL,None,[],0.2301,0.3303,0.1479,0,normal
2024-07-09 12:10:00,AWS_Chennai_001,35.31,1002.89,85.28,0,0.133,NORMAL,None,[],0.1945,0.2979,0.1501,0,normal
2024-07-09 12:20:00,AWS_Chennai_001,34.77,1002.64,84.75,0,0.1044,NORMAL,None,[],0.1457,0.1945,0.1574,0,normal
2024-07-09 12:30:00,AWS_Chennai_001,35.09,1002.67,83.17,0,0.1072,NORMAL,None,[],0.143,0.2053,0.1677,0,normal
2024-07-09 12:40:00,AWS_Chennai_001,34.89,1002.81,81.39,0,0.1199,NORMAL,None,[],0.1423,0.2912,0.1676,0,normal
2024-07-09 12:50:00,AWS_Chennai_001,35.23,1002.94,83.49,0,0.1115,NORMAL,None,[],0.1598,0.2164,0.1553,0,normal
2024-07-09 13:00:00,AWS_Chennai_001,36.0,1002.93,83.11,0,0.1167,NORMAL,None,[],0.1452,0.2798,0.1559,0,normal
2024-07-09 13:10:00,AWS_Chennai_001,36.43,1002.95,80.58,0,0.1429,NORMAL,None,[],0.1566,0.3904,0.1867,0,normal
2024-07-09 13:20:00,AWS_Chennai_001,36.18,1003.04,78.7,0,0.1548,NORMAL,None,[],0.1875,0.3979,0.1945,0,normal
2024-07-09 13:30:00,AWS_Chennai_001,36.77,1003.26,77.33,0,0.1811,NORMAL,None,[],0.2466,0.4548,0.1947,0,normal
2024-07-09 13:40:00,AWS_Chennai_001,36.47,1003.29,76.8,0,0.1639,NORMAL,None,[],0.2185,0.3854,0.2027,0,normal
2024-07-09 13:50:00,AWS_Chennai_001,36.42,1003.4,76.63,0,0.1472,NORMAL,None,[],0.1719,0.3565,0.2106,0,normal
2024-07-09 14:00:00,AWS_Chennai_001,36.76,1003.53,78.38,0,0.1479,NORMAL,None,[],0.2002,0.3298,0.1921,0,normal
2024-07-09 14:10:00,AWS_Chennai_001,36.31,1003.3,78.48,0,0.1234,NORMAL,None,[],0.179,0.2221,0.182,0,normal
2024-07-09 14:20:00,AWS_Chennai_001,36.76,1003.48,79.72,0,0.1355,NORMAL,None,[],0.1999,0.2432,0.195,0,normal
2024-07-09 14:30:00,AWS_Chennai_001,37.03,1003.31,77.62,0,0.1301,NORMAL,None,[],0.1754,0.252,0.1986,0,normal
2024-07-09 14:40:00,AWS_Chennai_001,37.3,1003.22,76.58,0,0.1217,NORMAL,None,[],0.148,0.2451,0.2025,0,normal
2024-07-09 14:50:00,AWS_Chennai_001,37.35,1003.18,76.61,0,0.1196,NORMAL,None,[],0.153,0.212,0.2093,0,normal
2024-07-09 15:00:00,AWS_Chennai_001,37.24,1003.19,74.49,0,0.1186,NORMAL,None,[],0.1603,0.227,0.1822,0,normal
2024-07-09 15:10:00,AWS_Chennai_001,36.88,1003.28,73.89,0,0.1212,NORMAL,None,[],0.174,0.2101,0.1872,0,normal
2024-07-09 15:20:00,AWS_Chennai_001,36.59,1003.21,70.52,0,0.1323,NORMAL,None,[],0.2045,0.1974,0.2067,0,normal
2024-07-09 15:30:00,AWS_Chennai_001,36.44,1003.09,72.02,0,0.1097,NORMAL,None,[],0.1558,0.1634,0.192,0,normal
2024-07-09 15:40:00,AWS_Chennai_001,36.35,1002.95,73.27,0,0.1114,NORMAL,None,[],0.1435,0.2161,0.1799,0,normal
2024-07-09 15:50:00,AWS_Chennai_001,36.04,1002.84,71.56,0,0.1285,NORMAL,None,[],0.1338,0.3504,0.1788,0,normal
2024-07-09 16:00:00,AWS_Chennai_001,35.92,1002.78,71.48,0,0.1207,NORMAL,None,[],0.1003,0.373,0.1732,0,normal
2024-07-09 16:10:00,AWS_Chennai_001,35.21,1002.9,71.76,0,0.124,NORMAL,None,[],0.1086,0.3738,0.1765,0,normal
2024-07-09 16:20:00,AWS_Chennai_001,35.1,1002.9,70.38,0,0.1255,NORMAL,None,[],0.1145,0.3647,0.1825,0,normal
2024-07-09 16:30:00,AWS_Chennai_001,35.11,1002.82,70.83,0,0.1146,NORMAL,None,[],0.0982,0.3271,0.1805,0,normal
2024-07-09 16:40:00,AWS_Chennai_001,34.32,1002.96,71.71,0,0.12,NORMAL,None,[],0.1342,0.2823,0.1869,0,normal
2024-07-09 16:50:00,AWS_Chennai_001,34.1,1002.81,72.31,0,0.1102,NORMAL,None,[],0.1051,0.2824,0.1817,0,normal
2024-07-09 17:00:00,AWS_Chennai_001,34.03,1002.72,73.8,0,0.0941,NORMAL,None,[],0.0779,0.2437,0.1709,0,normal
2024-07-09 17:10:00,AWS_Chennai_001,33.45,1002.37,73.34,0,0.1164,NORMAL,None,[],0.1134,0.3189,0.1727,0,normal
2024-07-09 17:20:00,AWS_Chennai_001,33.12,1002.16,73.97,0,0.1021,NORMAL,None,[],0.0667,0.3498,0.1478,0,normal
2024-07-09 17:30:00,AWS_Chennai_001,32.84,1001.83,75.78,0,0.132,NORMAL,None,[],0.1118,0.4275,0.1714,0,normal
2024-07-09 17:40:00,AWS_Chennai_001,32.58,1001.63,74.11,0,0.1354,NORMAL,None,[],0.0931,0.3526,0.273,0,normal
2024-07-09 17:50:00,AWS_Chennai_001,33.08,1001.54,71.61,0,0.1137,NORMAL,None,[],0.1076,0.2931,0.1871,0,normal
2024-07-09 18:00:00,AWS_Chennai_001,32.24,1001.51,71.57,0,0.101,NORMAL,None,[],0.0878,0.2951,0.152,0,normal
2024-07-09 18:10:00,AWS_Chennai_001,31.8,1001.46,72.59,0,0.0702,NORMAL,None,[],0.0078,0.2559,0.1472,0,normal
2024-07-09 18:20:00,AWS_Chennai_001,31.45,1001.4,76.03,0,0.1131,NORMAL,None,[],0.0871,0.3927,0.1405,0,normal
2024-07-09 18:30:00,AWS_Chennai_001,31.02,1001.53,77.19,0,0.1135,NORMAL,None,[],0.0958,0.3783,0.1401,0,normal
2024-07-09 18:40:00,AWS_Chennai_001,31.01,1001.57,79.69,0,0.1412,NORMAL,None,[],0.1326,0.3783,0.2235,0,normal
2024-07-09 18:50:00,AWS_Chennai_001,31.47,1001.51,81.02,0,0.1406,NORMAL,None,[],0.1529,0.3328,0.2239,0,normal
2024-07-09 19:00:00,AWS_Chennai_001,31.71,1001.5,77.65,0,0.096,NORMAL,None,[],0.0907,0.2157,0.1819,0,normal
2024-07-09 19:10:00,AWS_Chennai_001,31.24,1001.39,78.62,0,0.0902,NORMAL,None,[],0.0752,0.2483,0.1518,0,normal
2024-07-09 19:20:00,AWS_Chennai_001,30.74,1001.7,82.61,0,0.11,NORMAL,None,[],0.1223,0.2826,0.1544,0,normal
2024-07-09 19:30:00,AWS_Chennai_001,29.96,1001.5,84.72,0,0.1464,NORMAL,None,[],0.2155,0.3412,0.1528,0,normal
2024-07-09 19:40:00,AWS_Chennai_001,29.47,1001.39,83.95,0,0.124,NORMAL,None,[],0.1443,0.3256,0.1592,0,normal
2024-07-09 19:50:00,AWS_Chennai_001,29.67,1001.33,86.29,0,0.1427,NORMAL,None,[],0.1719,0.3226,0.2138,0,normal
2024-07-09 20:00:00,AWS_Chennai_001,29.26,1001.42,86.23,0,0.1189,NORMAL,None,[],0.1325,0.2928,0.1762,0,normal
2024-07-09 20:10:00,AWS_Chennai_001,29.11,1001.32,86.18,0,0.1068,NORMAL,None,[],0.0909,0.3041,0.1697,0,normal
2024-07-09 20:20:00,AWS_Chennai_001,28.87,1001.33,87.69,0,0.1182,NORMAL,None,[],0.1221,0.3176,0.1699,0,normal
2024-07-09 20:30:00,AWS_Chennai_001,28.39,1001.1,89.85,0,0.147,NORMAL,None,[],0.1521,0.4377,0.1785,0,normal
2024-07-09 20:40:00,AWS_Chennai_001,28.84,1001.22,91.97,0,0.1568,NORMAL,None,[],0.2413,0.3294,0.175,0,normal
2024-07-09 20:50:00,AWS_Chennai_001,28.53,1001.29,92.67,0,0.1335,NORMAL,None,[],0.1784,0.2876,0.1844,0,normal
2024-07-09 21:00:00,AWS_Chennai_001,28.41,1001.16,90.26,0,0.1191,NORMAL,None,[],0.1276,0.2992,0.1798,0,normal
2024-07-09 21:10:00,AWS_Chennai_001,28.61,1001.28,89.41,0,0.0999,NORMAL,None,[],0.1202,0.1978,0.1706,0,normal
2024-07-09 21:20:00,AWS_Chennai_001,28.54,1001.21,90.98,0,0.1004,NORMAL,None,[],0.1037,0.2346,0.1704,0,normal
2024-07-09 21:30:00,AWS_Chennai_001,28.52,1001.44,91.28,0,0.0885,NORMAL,None,[],0.0919,0.1808,0.1693,0,normal
2024-07-09 21:40:00,AWS_Chennai_001,28.32,1001.44,95.57,0,0.1529,NORMAL,None,[],0.2568,0.2386,0.2002,0,normal
2024-07-09 21:50:00,AWS_Chennai_001,28.36,1001.45,96.8,0,0.1439,NORMAL,None,[],0.2306,0.2366,0.196,0,normal
2024-07-09 22:00:00,AWS_Chennai_001,28.12,1001.53,98.13,0,0.1788,NORMAL,None,[],0.2667,0.2982,0.27,0,normal
2024-07-09 22:10:00,AWS_Chennai_001,27.19,1001.36,96.01,0,0.1481,NORMAL,None,[],0.2343,0.2496,0.2019,0,normal
2024-07-09 22:20:00,AWS_Chennai_001,26.98,1001.34,96.54,0,0.1329,NORMAL,None,[],0.1814,0.257,0.1998,0,normal
2024-07-09 22:30:00,AWS_Chennai_001,27.08,1001.59,95.89,0,0.149,NORMAL,None,[],0.1867,0.3562,0.1979,0,normal
2024-07-09 22:40:00,AWS_Chennai_001,26.86,1001.54,94.41,0,0.1016,NORMAL,None,[],0.0867,0.2834,0.1652,0,normal
2024-07-09 22:50:00,AWS_Chennai_001,26.83,1001.38,96.07,0,0.0929,NORMAL,None,[],0.0954,0.2054,0.1675,0,normal
2024-07-09 23:00:00,AWS_Chennai_001,26.82,1001.57,98.35,0,0.1196,NORMAL,None,[],0.1253,0.321,0.1693,0,normal
2024-07-09 23:10:00,AWS_Chennai_001,26.05,1001.61,97.18,0,0.1186,NORMAL,None,[],0.1184,0.3369,0.1626,0,normal
2024-07-09 23:20:00,AWS_Chennai_001,26.13,1001.79,97.62,0,0.1163,NORMAL,None,[],0.1001,0.3609,0.1608,0,normal
2024-07-09 23:30:00,AWS_Chennai_001,26.12,1001.82,98.78,0,0.112,NORMAL,None,[],0.0886,0.3526,0.1626,0,normal
2024-07-09 23:40:00,AWS_Chennai_001,26.07,1002.12,97.73,0,0.1283,NORMAL,None,[],0.1336,0.358,0.1727,0,normal
2024-07-09 23:50:00,AWS_Chennai_001,26.56,1001.97,97.91,0,0.1191,NORMAL,None,[],0.1564,0.2434,0.1785,0,normal
2024-07-10 00:00:00,AWS_Chennai_001,26.51,1001.93,95.63,0,0.0863,NORMAL,None,[],0.0985,0.1618,0.1626,0,normal
2024-07-10 00:10:00,AWS_Chennai_001,26.71,1002.0,96.93,0,0.0822,NORMAL,None,[],0.0954,0.1657,0.1438,0,normal
2024-07-10 00:20:00,AWS_Chennai_001,27.16,1002.17,98.18,0,0.0948,NORMAL,None,[],0.1089,0.2146,0.1495,0,normal
2024-07-10 00:30:00,AWS_Chennai_001,26.94,1002.44,100.0,0,0.1361,NORMAL,None,[],0.192,0.3223,0.1504,0,normal
2024-07-10 00:40:00,AWS_Chennai_001,27.02,1002.45,99.73,0,0.1119,NORMAL,None,[],0.1324,0.2812,0.1498,0,normal
2024-07-10 00:50:00,AWS_Chennai_001,26.96,1002.56,99.39,0,0.1064,NORMAL,None,[],0.1302,0.2559,0.1448,0,normal
2024-07-10 01:00:00,AWS_Chennai_001,26.78,1002.58,99.08,0,0.0963,NORMAL,None,[],0.126,0.2082,0.1363,0,normal
2024-07-10 01:10:00,AWS_Chennai_001,27.06,1002.49,95.87,0,0.1071,NORMAL,None,[],0.1443,0.2422,0.1377,0,normal
2024-07-10 01:20:00,AWS_Chennai_001,26.5,1002.58,96.15,0,0.108,NORMAL,None,[],0.1697,0.197,0.1378,0,normal
2024-07-10 01:30:00,AWS_Chennai_001,26.78,1002.99,95.75,0,0.136,NORMAL,None,[],0.2372,0.2503,0.1362,0,normal
2024-07-10 01:40:00,AWS_Chennai_001,27.01,1002.93,97.27,0,0.1159,NORMAL,None,[],0.1912,0.2075,0.1369,0,normal
2024-07-10 01:50:00,AWS_Chennai_001,26.99,1002.78,97.55,0,0.0888,NORMAL,None,[],0.1269,0.1593,0.134,0,normal
2024-07-10 02:00:00,AWS_Chennai_001,27.05,1002.87,96.92,0,0.103,NORMAL,None,[],0.1495,0.2032,0.1382,0,normal
2024-07-10 02:10:00,AWS_Chennai_001,27.39,1003.06,97.76,0,0.111,NORMAL,None,[],0.1545,0.2413,0.1423,0,normal
2024-07-10 02:20:00,AWS_Chennai_001,27.07,1003.01,98.77,0,0.1007,NORMAL,None,[],0.1422,0.2047,0.1367,0,normal
2024-07-10 02:30:00,AWS_Chennai_001,27.48,1003.18,98.21,0,0.1236,NORMAL,None,[],0.1758,0.2704,0.1513,0,normal
2024-07-10 02:40:00,AWS_Chennai_001,27.4,1003.38,96.02,0,0.1227,NORMAL,None,[],0.1577,0.3244,0.1334,0,normal
2024-07-10 02:50:00,AWS_Chennai_001,26.86,1003.53,96.08,0,0.1209,NORMAL,None,[],0.1926,0.2414,0.1345,0,normal
2024-07-10 03:00:00,AWS_Chennai_001,26.49,1003.46,95.42,0,0.1292,NORMAL,None,[],0.1673,0.3499,0.1327,0,normal
2024-07-10 03:10:00,AWS_Chennai_001,26.57,1003.41,95.96,0,0.1042,NORMAL,None,[],0.1221,0.2747,0.1318,0,normal
2024-07-10 03:20:00,AWS_Chennai_001,26.97,1003.41,95.67,0,0.1073,NORMAL,None,[],0.1866,0.1698,0.1293,0,normal
2024-07-10 03:30:00,AWS_Chennai_001,26.72,1003.31,95.38,0,0.1181,NORMAL,None,[],0.2068,0.207,0.1252,0,normal
2024-07-10 03:40:00,AWS_Chennai_001,26.94,1003.4,93.05,0,0.1231,NORMAL,None,[],0.2018,0.2447,0.1294,0,normal
2024-07-10 03:50:00,AWS_Chennai_001,27.41,1003.28,92.24,0,0.1361,NORMAL,None,[],0.203,0.3189,0.1369,0,normal
2024-07-10 04:00:00,AWS_Chennai_001,27.24,1003.53,93.24,0,0.1338,NORMAL,None,[],0.2234,0.2627,0.137,0,normal
2024-07-10 04:10:00,AWS_Chennai_001,27.2,1003.36,93.51,0,0.1129,NORMAL,None,[],0.1907,0.1841,0.1402,0,normal
2024-07-10 04:20:00,AWS_Chennai_001,27.77,1003.43,92.82,0,0.1286,NORMAL,None,[],0.1749,0.319,0.1412,0,normal
2024-07-10 04:30:00,AWS_Chennai_001,27.53,1003.45,94.27,0,0.1014,NORMAL,None,[],0.1445,0.1955,0.1434,0,normal
2024-07-10 04:40:00,AWS_Chennai_001,27.06,1003.43,95.3,0,0.0803,NORMAL,None,[],0.1424,0.0641,0.14,0,normal
2024-07-10 04:50:00,AWS_Chennai_001,27.33,1003.18,98.64,0,0.1311,NORMAL,None,[],0.2364,0.2095,0.1439,0,normal
2024-07-10 05:00:00,AWS_Chennai_001,27.3,1003.02,97.36,0,0.1168,NORMAL,None,[],0.1819,0.2328,0.1368,0,normal
2024-07-10 05:10:00,AWS_Chennai_001,27.56,1002.79,99.5,0,0.1538,NORMAL,None,[],0.2106,0.4054,0.1492,0,normal
2024-07-10 05:20:00,AWS_Chennai_001,27.49,1002.73,97.24,0,0.1222,NORMAL,None,[],0.1625,0.3012,0.1415,0,normal
2024-07-10 05:30:00,AWS_Chennai_001,27.41,1002.36,96.74,0,0.1309,NORMAL,None,[],0.1909,0.2994,0.1437,0,normal
2024-07-10 05:40:00,AWS_Chennai_001,27.46,1002.04,96.02,0,0.1265,NORMAL,None,[],0.1841,0.2739,0.1508,0,normal
2024-07-10 05:50:00,AWS_Chennai_001,27.69,1002.2,94.26,0,0.125,NORMAL,None,[],0.1903,0.2733,0.1344,0,normal
2024-07-10 06:00:00,AWS_Chennai_001,27.31,1002.11,96.51,0,0.1008,NORMAL,None,[],0.1586,0.1779,0.1328,0,normal
2024-07-10 06:10:00,AWS_Chennai_001,27.4,1001.97,97.58,0,0.0949,NORMAL,None,[],0.1202,0.2221,0.1276,0,normal
2024-07-10 06:20:00,AWS_Chennai_001,27.47,1001.85,95.95,0,0.0814,NORMAL,None,[],0.1021,0.1726,0.1243,0,normal
2024-07-10 06:30:00,AWS_Chennai_001,27.69,1001.79,95.67,0,0.0931,NORMAL,None,[],0.1172,0.2164,0.1273,0,normal
2024-07-10 06:40:00,AWS_Chennai_001,27.89,1001.5,96.13,0,0.1159,NORMAL,None,[],0.1541,0.2933,0.1282,0,normal
2024-07-10 06:50:00,AWS_Chennai_001,27.63,1001.42,97.47,0,0.1063,NORMAL,None,[],0.1534,0.2302,0.1286,0,normal
2024-07-10 07:00:00,AWS_Chennai_001,28.08,1001.6,96.03,0,0.1119,NORMAL,None,[],0.158,0.2614,0.1264,0,normal
2024-07-10 07:10:00,AWS_Chennai_001,28.16,1001.72,95.6,0,0.1072,NORMAL,None,[],0.1415,0.2564,0.1313,0,normal
2024-07-10 07:20:00,AWS_Chennai_001,29.02,1001.52,96.07,0,0.1374,NORMAL,None,[],0.1927,0.3345,0.1472,0,normal
2024-07-10 07:30:00,AWS_Chennai_001,29.41,1001.65,96.35,0,0.1322,NORMAL,None,[],0.1984,0.2783,0.1546,0,normal
2024-07-10 07:40:00,AWS_Chennai_001,29.8,960.46,97.17,1,0.6893,HIGH,Spike / Transient Fault - Pressure,['spike_pressure'],0.6311,0.5144,0.3641,1,spike_pressure
2024-07-10 07:50:00,AWS_Chennai_001,29.82,1001.7,99.29,1,0.605,MEDIUM,Spike / Transient Fault - Pressure,['spike_pressure'],0.5187,0.3187,0.2577,0,normal
2024-07-10 08:00:00,AWS_Chennai_001,29.86,1001.76,99.03,0,0.2183,NORMAL,None,[],0.4765,0.2681,0.1756,0,normal
2024-07-10 08:10:00,AWS_Chennai_001,29.82,1001.72,99.49,0,0.2219,NORMAL,None,[],0.4594,0.2728,0.2156,0,normal
2024-07-10 08:20:00,AWS_Chennai_001,30.29,1001.54,98.99,0,0.2023,NORMAL,None,[],0.4444,0.246,0.1605,0,normal
2024-07-10 08:30:00,AWS_Chennai_001,30.66,1001.64,98.17,0,0.1939,NORMAL,None,[],0.4485,0.2036,0.1438,0,normal
2024-07-10 08:40:00,AWS_Chennai_001,30.69,1001.76,95.7,0,0.1737,NORMAL,None,[],0.3811,0.1935,0.1515,0,normal
2024-07-10 08:50:00,AWS_Chennai_001,30.7,1001.82,95.46,0,0.1692,NORMAL,None,[],0.3715,0.202,0.1371,0,normal
2024-07-10 09:00:00,AWS_Chennai_001,31.0,1001.68,96.03,0,0.156,NORMAL,None,[],0.3458,0.1737,0.1308,0,normal
2024-07-10 09:10:00,AWS_Chennai_001,31.42,1001.95,96.25,0,0.1681,NORMAL,None,[],0.3882,0.1699,0.1307,0,normal
2024-07-10 09:20:00,AWS_Chennai_001,31.23,1001.93,95.27,0,0.1662,NORMAL,None,[],0.3651,0.1959,0.1364,0,normal
2024-07-10 09:30:00,AWS_Chennai_001,31.42,1001.87,94.72,0,0.1705,NORMAL,None,[],0.3646,0.2174,0.1426,0,normal
2024-07-10 09:40:00,AWS_Chennai_001,31.42,1001.6,94.56,0,0.1864,NORMAL,None,[],0.4289,0.2047,0.1354,0,normal
2024-07-10 09:50:00,AWS_Chennai_001,31.98,1001.65,94.24,0,0.1877,NORMAL,None,[],0.4326,0.2325,0.1153,0,normal
2024-07-10 10:00:00,AWS_Chennai_001,31.99,1001.79,90.5,0,0.2052,NORMAL,None,[],0.4408,0.3169,0.1272,0,normal
2024-07-10 10:10:00,AWS_Chennai_001,32.83,1001.72,90.96,0,0.2147,NORMAL,None,[],0.4648,0.3167,0.1389,0,normal
2024-07-10 10:20:00,AWS_Chennai_001,32.89,1001.75,89.81,0,0.2035,NORMAL,None,[],0.4387,0.3031,0.132,0,normal
2024-07-10 10:30:00,AWS_Chennai_001,32.48,1001.86,87.64,0,0.1922,NORMAL,None,[],0.4094,0.2767,0.1394,0,normal
2024-07-10 10:40:00,AWS_Chennai_001,32.35,1001.79,86.74,0,0.1641,NORMAL,None,[],0.2872,0.2525,0.2002,0,normal
2024-07-10 10:50:00,AWS_Chennai_001,32.67,1001.73,90.35,0,0.1534,NORMAL,None,[],0.3044,0.1805,0.175,0,normal
2024-07-10 11:00:00,AWS_Chennai_001,32.43,1001.73,90.46,0,0.1613,NORMAL,None,[],0.3438,0.1452,0.1821,0,normal
2024-07-10 11:10:00,AWS_Chennai_001,32.98,1001.87,91.11,0,0.1777,NORMAL,None,[],0.3597,0.22,0.1837,0,normal
2024-07-10 11:20:00,AWS_Chennai_001,32.98,1002.01,92.4,0,0.2082,NORMAL,None,[],0.4224,0.2516,0.2185,0,normal
2024-07-10 11:30:00,AWS_Chennai_001,33.32,1002.4,91.59,0,0.2309,NORMAL,None,[],0.4401,0.3708,0.2162,0,normal
2024-07-10 11:40:00,AWS_Chennai_001,33.41,1002.16,90.25,0,0.2131,NORMAL,None,[],0.4278,0.2754,0.217,0,normal
2024-07-10 11:50:00,AWS_Chennai_001,33.74,1002.33,91.74,0,0.2117,NORMAL,None,[],0.4157,0.279,0.2257,0,normal
2024-07-10 12:00:00,AWS_Chennai_001,33.96,1002.29,89.09,0,0.1891,NORMAL,None,[],0.3311,0.3154,0.2124,0,normal
2024-07-10 12:10:00,AWS_Chennai_001,34.04,1002.19,88.25,0,0.1759,NORMAL,None,[],0.3085,0.2847,0.2034,0,normal
2024-07-10 12:20:00,AWS_Chennai_001,33.76,1002.19,86.81,0,0.192,NORMAL,None,[],0.3676,0.2772,0.2009,0,normal
2024-07-10 12:30:00,AWS_Chennai_001,34.21,1002.07,83.86,0,0.2161,NORMAL,None,[],0.4026,0.322,0.235,0,normal
2024-07-10 12:40:00,AWS_Chennai_001,34.58,1002.36,84.74,0,0.2203,NORMAL,None,[],0.3982,0.3734,0.224,0,normal
2024-07-10 12:50:00,AWS_Chennai_001,34.64,1002.27,84.11,0,0.1793,NORMAL,None,[],0.3114,0.3298,0.182,0,normal
2024-07-10 13:00:00,AWS_Chennai_001,34.59,1002.16,83.89,0,0.1637,NORMAL,None,[],0.2973,0.2622,0.1757,0,normal
2024-07-10 13:10:00,AWS_Chennai_001,35.04,1002.35,84.19,0,0.1845,NORMAL,None,[],0.3371,0.3097,0.1847,0,normal
2024-07-10 13:20:00,AWS_Chennai_001,35.07,1002.26,85.58,0,0.1601,NORMAL,None,[],0.2952,0.2198,0.1925,0,normal
2024-07-10 13:30:00,AWS_Chennai_001,34.68,1002.0,85.18,0,0.148,NORMAL,None,[],0.2821,0.1768,0.1842,0,normal
2024-07-10 13:40:00,AWS_Chennai_001,34.61,1002.02,85.97,0,0.1355,NORMAL,None,[],0.2627,0.1446,0.1752,0,normal
2024-07-10 13:50:00,AWS_Chennai_001,34.84,1002.2,87.28,0,0.1299,NORMAL,None,[],0.2679,0.0994,0.1729,0,normal
2024-07-10 14:00:00,AWS_Chennai_001,34.45,1002.51,85.68,0,0.1474,NORMAL,None,[],0.2745,0.2116,0.1665,0,normal
2024-07-10 14:10:00,AWS_Chennai_001,34.56,1002.84,87.89,0,0.1687,NORMAL,None,[],0.3179,0.2706,0.1638,0,normal
2024-07-10 14:20:00,AWS_Chennai_001,34.98,1002.85,85.35,0,0.1566,NORMAL,None,[],0.2748,0.2965,0.1487,0,normal
2024-07-10 14:30:00,AWS_Chennai_001,34.65,1002.83,84.1,0,0.1337,NORMAL,None,[],0.2257,0.2442,0.1471,0,normal
2024-07-10 14:40:00,AWS_Chennai_001,34.43,1002.82,82.98,0,0.1344,NORMAL,None,[],0.2328,0.2266,0.1528,0,normal
2024-07-10 14:50:00,AWS_Chennai_001,34.29,1002.86,81.4,0,0.1435,NORMAL,None,[],0.2366,0.3078,0.1316,0,normal
2024-07-10 15:00:00,AWS_Chennai_001,34.44,1002.99,80.79,0,0.1496,NORMAL,None,[],0.254,0.297,0.1443,0,normal
2024-07-10 15:10:00,AWS_Chennai_001,34.37,1003.21,82.1,0,0.1395,NORMAL,None,[],0.23,0.2813,0.1413,0,normal
2024-07-10 15:20:00,AWS_Chennai_001,34.79,1003.3,83.69,0,0.1254,NORMAL,None,[],0.2236,0.2111,0.1333,0,normal
2024-07-10 15:30:00,AWS_Chennai_001,34.53,1003.27,82.51,0,0.1209,NORMAL,None,[],0.2041,0.2188,0.1341,0,normal
2024-07-10 15:40:00,AWS_Chennai_001,34.48,1003.32,82.89,0,0.1144,NORMAL,None,[],0.1874,0.2065,0.136,0,normal
2024-07-10 15:50:00,AWS_Chennai_001,33.95,1003.18,81.13,0,0.1374,NORMAL,None,[],0.1947,0.3501,0.1325,0,normal
2024-07-10 16:00:00,AWS_Chennai_001,33.9,1003.06,81.75,0,0.1208,NORMAL,None,[],0.1776,0.2742,0.1319,0,normal
2024-07-10 16:10:00,AWS_Chennai_001,33.14,1003.02,80.4,0,0.138,NORMAL,None,[],0.1847,0.3621,0.1415,0,normal
2024-07-10 16:20:00,AWS_Chennai_001,33.25,1003.09,81.48,0,0.121,NORMAL,None,[],0.173,0.27,0.1432,0,normal
2024-07-10 16:30:00,AWS_Chennai_001,33.42,1003.15,80.9,0,0.1136,NORMAL,None,[],0.1604,0.2408,0.1467,0,normal
2024-07-10 16:40:00,AWS_Chennai_001,32.87,1003.2,81.61,0,0.1243,NORMAL,None,[],0.1793,0.2571,0.1595,0,normal
2024-07-10 16:50:00,AWS_Chennai_001,32.1,1002.89,79.86,0,0.1385,NORMAL,None,[],0.2015,0.3273,0.1449,0,normal
2024-07-10 17:00:00,AWS_Chennai_001,31.92,1002.59,81.25,0,0.142,NORMAL,None,[],0.1882,0.3594,0.1584,0,normal
2024-07-10 17:10:00,AWS_Chennai_001,31.62,1002.76,82.23,0,0.1151,NORMAL,None,[],0.1605,0.2539,0.1443,0,normal
2024-07-10 17:20:00,AWS_Chennai_001,31.45,1002.75,81.12,0,0.109,NORMAL,None,[],0.1343,0.2735,0.1386,0,normal
2024-07-10 17:30:00,AWS_Chennai_001,31.76,1002.83,81.83,0,0.0939,NORMAL,None,[],0.131,0.1802,0.1382,0,normal
2024-07-10 17:40:00,AWS_Chennai_001,32.2,1002.53,83.35,0,0.1236,NORMAL,None,[],0.1507,0.3362,0.1399,0,normal
2024-07-10 17:50:00,AWS_Chennai_001,32.41,1002.54,83.35,0,0.1759,NORMAL,None,[],0.2178,0.2809,0.3419,0,normal
2024-07-10 18:00:00,AWS_Chennai_001,31.42,1002.61,83.2,0,0.1845,NORMAL,None,[],0.243,0.2806,0.3478,0,normal
2024-07-10 18:10:00,AWS_Chennai_001,31.08,1002.66,85.17,0,0.1998,NORMAL,None,[],0.2468,0.3508,0.3655,0,normal
2024-07-10 18:20:00,AWS_Chennai_001,30.42,1002.42,84.5,0,0.2039,NORMAL,None,[],0.2713,0.376,0.3303,0,normal
2024-07-10 18:30:00,AWS_Chennai_001,30.36,1002.49,85.68,0,0.2085,NORMAL,None,[],0.2732,0.3653,0.3589,0,normal
2024-07-10 18:40:00,AWS_Chennai_001,29.96,1002.38,88.12,0,0.2284,NORMAL,None,[],0.313,0.4321,0.3485,0,normal
2024-07-10 18:50:00,AWS_Chennai_001,29.37,1002.42,88.21,0,0.1868,NORMAL,None,[],0.2392,0.3896,0.2828,0,normal
2024-07-10 19:00:00,AWS_Chennai_001,29.3,1002.32,89.99,0,0.1912,NORMAL,None,[],0.2215,0.3989,0.3247,0,normal
2024-07-10 19:10:00,AWS_Chennai_001,29.25,1002.24,93.54,0,0.2144,NORMAL,None,[],0.3038,0.4155,0.3048,0,normal
2024-07-10 19:20:00,AWS_Chennai_001,29.41,1002.2,94.68,0,0.2049,NORMAL,None,[],0.3,0.3714,0.2961,0,normal
2024-07-10 19:30:00,AWS_Chennai_001,29.22,1002.01,92.01,0,0.1884,NORMAL,None,[],0.247,0.3467,0.3112,0,normal
2024-07-10 19:40:00,AWS_Chennai_001,29.63,1001.87,92.94,0,0.1443,NORMAL,None,[],0.1689,0.3371,0.2151,0,normal
2024-07-10 19:50:00,AWS_Chennai_001,29.78,1001.73,92.53,0,0.1268,NORMAL,None,[],0.1346,0.3065,0.2022,0,normal
2024-07-10 20:00:00,AWS_Chennai_001,29.7,1001.76,92.6,0,0.1143,NORMAL,None,[],0.1073,0.2646,0.2121,0,normal
2024-07-10 20:10:00,AWS_Chennai_001,29.15,1001.9,93.77,0,0.1234,NORMAL,None,[],0.1405,0.2585,0.2126,0,normal
2024-07-10 20:20:00,AWS_Chennai_001,28.99,1001.96,88.86,0,0.1148,NORMAL,None,[],0.1721,0.1546,0.2001,0,normal
2024-07-10 20:30:00,AWS_Chennai_001,28.81,1001.83,86.13,0,0.1208,NORMAL,None,[],0.1312,0.223,0.24,0,normal
2024-07-10 20:40:00,AWS_Chennai_001,28.79,1001.63,88.6,0,0.1218,NORMAL,None,[],0.1404,0.2088,0.2417,0,normal
2024-07-10 20:50:00,AWS_Chennai_001,28.55,1001.68,87.95,0,0.0888,NORMAL,None,[],0.07,0.2275,0.1685,0,normal
2024-07-10 21:00:00,AWS_Chennai_001,28.62,1001.87,85.84,0,0.092,NORMAL,None,[],0.0821,0.223,0.1695,0,normal
2024-07-10 21:10:00,AWS_Chennai_001,28.63,1001.6,86.03,0,0.1031,NORMAL,None,[],0.0991,0.2745,0.1612,0,normal
2024-07-10 21:20:00,AWS_Chennai_001,28.52,1001.42,85.88,0,0.0887,NORMAL,None,[],0.0375,0.3151,0.1507,0,normal
2024-07-10 21:30:00,AWS_Chennai_001,28.8,1001.54,87.79,0,0.0782,NORMAL,None,[],0.0651,0.1946,0.1473,0,normal
2024-07-10 21:40:00,AWS_Chennai_001,29.1,1001.48,89.55,0,0.0631,NORMAL,None,[],0.0634,0.1051,0.1414,0,normal
2024-07-10 21:50:00,AWS_Chennai_001,28.71,1001.66,88.03,0,0.0712,NORMAL,None,[],0.0663,0.1518,0.1425,0,normal
2024-07-10 22:00:00,AWS_Chennai_001,28.28,1001.93,89.19,0,0.0738,NORMAL,None,[],0.0575,0.1797,0.1479,0,normal
2024-07-10 22:10:00,AWS_Chennai_001,28.21,1001.91,88.81,0,0.069,NORMAL,None,[],0.0402,0.1821,0.148,0,normal
2024-07-10 22:20:00,AWS_Chennai_001,28.03,1001.9,90.04,0,0.0647,NORMAL,None,[],0.0225,0.2051,0.1357,0,normal
2024-07-10 22:30:00,AWS_Chennai_001,28.39,1001.78,90.46,0,0.0515,NORMAL,None,[],0.0216,0.1157,0.138,0,normal
2024-07-10 22:40:00,AWS_Chennai_001,28.46,1001.75,91.82,0,0.0626,NORMAL,None,[],0.0496,0.1336,0.1383,0,normal
2024-07-10 22:50:00,AWS_Chennai_001,27.87,1002.11,92.39,0,0.1179,NORMAL,None,[],0.114,0.3741,0.138,0,normal
2024-07-10 23:00:00,AWS_Chennai_001,27.72,1002.03,92.02,0,0.0966,NORMAL,None,[],0.0598,0.3401,0.1384,0,normal
2024-07-10 23:10:00,AWS_Chennai_001,27.8,1002.43,90.12,0,0.1045,NORMAL,None,[],0.0796,0.3529,0.1386,0,normal
2024-07-10 23:20:00,AWS_Chennai_001,27.63,1002.28,88.45,0,0.0915,NORMAL,None,[],0.0758,0.2705,0.1407,0,normal
2024-07-10 23:30:00,AWS_Chennai_001,27.53,1002.22,89.18,0,0.0723,NORMAL,None,[],0.031,0.2309,0.1416,0,normal
2024-07-10 23:40:00,AWS_Chennai_001,27.61,1002.06,88.57,0,0.0593,NORMAL,None,[],0.0223,0.1669,0.138,0,normal
2024-07-10 23:50:00,AWS_Chennai_001,27.4,1001.77,88.41,0,0.0642,NORMAL,None,[],0.0368,0.1667,0.1409,0,normal
2024-07-11 00:00:00,AWS_Chennai_001,26.9,1001.81,88.57,0,0.0824,NORMAL,None,[],0.0785,0.195,0.1481,0,normal
2024-07-11 00:10:00,AWS_Chennai_001,26.24,1001.72,89.38,0,0.0931,NORMAL,None,[],0.1072,0.2237,0.1367,0,normal
2024-07-11 00:20:00,AWS_Chennai_001,26.44,1002.09,90.09,0,0.0987,NORMAL,None,[],0.1237,0.2116,0.1492,0,normal
2024-07-11 00:30:00,AWS_Chennai_001,26.17,1002.01,88.32,0,0.0946,NORMAL,None,[],0.0988,0.2313,0.1513,0,normal
2024-07-11 00:40:00,AWS_Chennai_001,26.42,1001.87,87.39,0,0.0793,NORMAL,None,[],0.0413,0.2471,0.1492,0,normal
2024-07-11 00:50:00,AWS_Chennai_001,26.31,1002.13,88.59,0,0.0837,NORMAL,None,[],0.0763,0.206,0.1494,0,normal
2024-07-11 01:00:00,AWS_Chennai_001,26.21,1002.29,91.69,0,0.1068,NORMAL,None,[],0.1072,0.2986,0.1491,0,normal
2024-07-11 01:10:00,AWS_Chennai_001,26.05,1002.53,92.68,0,0.1268,NORMAL,None,[],0.1356,0.3772,0.1478,0,normal
2024-07-11 01:20:00,AWS_Chennai_001,26.37,1002.6,91.66,0,0.1038,NORMAL,None,[],0.1106,0.2798,0.1431,0,normal
2024-07-11 01:30:00,AWS_Chennai_001,25.99,1002.61,90.21,0,0.0874,NORMAL,None,[],0.0842,0.225,0.142,0,normal
2024-07-11 01:40:00,AWS_Chennai_001,25.51,1003.01,88.96,0,0.1228,NORMAL,None,[],0.1367,0.3408,0.1535,0,normal
2024-07-11 01:50:00,AWS_Chennai_001,25.34,1003.05,91.86,0,0.1264,NORMAL,None,[],0.1365,0.3718,0.1481,0,normal
2024-07-11 02:00:00,AWS_Chennai_001,25.52,1003.27,92.18,0,0.1173,NORMAL,None,[],0.1115,0.3613,0.1481,0,normal
2024-07-11 02:10:00,AWS_Chennai_001,25.5,1003.31,94.06,0,0.1233,NORMAL,None,[],0.1204,0.3847,0.1476,0,normal
2024-07-11 02:20:00,AWS_Chennai_001,25.21,1003.22,95.41,0,0.1189,NORMAL,None,[],0.1104,0.3818,0.1426,0,normal
2024-07-11 02:30:00,AWS_Chennai_001,25.62,1003.0,94.56,0,0.0989,NORMAL,None,[],0.11,0.2489,0.1428,0,normal
2024-07-11 02:40:00,AWS_Chennai_001,25.74,1003.11,96.27,0,0.1109,NORMAL,None,[],0.1369,0.2593,0.1546,0,normal
2024-07-11 02:50:00,AWS_Chennai_001,26.14,1003.06,97.77,0,0.0997,NORMAL,None,[],0.1059,0.2389,0.1605,0,normal
2024-07-11 03:00:00,AWS_Chennai_001,25.82,1003.2,97.27,0,0.1027,NORMAL,None,[],0.1261,0.2123,0.1649,0,normal
2024-07-11 03:10:00,AWS_Chennai_001,25.91,1003.3,98.38,0,0.1032,NORMAL,None,[],0.126,0.2065,0.1723,0,normal
2024-07-11 03:20:00,AWS_Chennai_001,25.98,1003.32,96.23,0,0.0856,NORMAL,None,[],0.0877,0.1659,0.1718,0,normal
2024-07-11 03:30:00,AWS_Chennai_001,26.07,1003.19,95.33,0,0.0764,NORMAL,None,[],0.0758,0.1342,0.1677,0,normal
2024-07-11 03:40:00,AWS_Chennai_001,26.14,1003.41,96.7,0,0.1049,NORMAL,None,[],0.1309,0.2146,0.1674,0,normal
2024-07-11 03:50:00,AWS_Chennai_001,26.06,1003.35,95.44,0,0.0868,NORMAL,None,[],0.1078,0.1504,0.1593,0,normal
2024-07-11 04:00:00,AWS_Chennai_001,26.02,1002.93,95.14,0,0.0753,NORMAL,None,[],0.0958,0.1049,0.1544,0,normal
2024-07-11 04:10:00,AWS_Chennai_001,25.78,1002.86,92.76,0,0.0883,NORMAL,None,[],0.1321,0.1314,0.1451,0,normal
2024-07-11 04:20:00,AWS_Chennai_001,25.61,1003.04,93.06,0,0.0828,NORMAL,None,[],0.1224,0.1162,0.1431,0,normal
2024-07-11 04:30:00,AWS_Chennai_001,25.25,1002.92,93.25,0,0.0993,NORMAL,None,[],0.1014,0.2622,0.1478,0,normal
2024-07-11 04:40:00,AWS_Chennai_001,24.55,1003.23,93.63,0,0.1218,NORMAL,None,[],0.1665,0.2893,0.1421,0,normal
2024-07-11 04:50:00,AWS_Chennai_001,24.65,1003.29,94.44,0,0.0976,NORMAL,None,[],0.1166,0.2387,0.1342,0,normal
2024-07-11 05:00:00,AWS_Chennai_001,25.3,1003.44,92.9,0,0.1197,NORMAL,None,[],0.1732,0.2596,0.144,0,normal
2024-07-11 05:10:00,AWS_Chennai_001,24.9,1003.08,95.95,0,0.1166,NORMAL,None,[],0.2135,0.168,0.1367,0,normal
2024-07-11 05:20:00,AWS_Chennai_001,24.78,1003.21,93.96,0,0.1017,NORMAL,None,[],0.1571,0.1813,0.1367,0,normal
2024-07-11 05:30:00,AWS_Chennai_001,25.38,1003.3,94.01,0,0.0847,NORMAL,None,[],0.124,0.1248,0.1442,0,normal
2024-07-11 05:40:00,AWS_Chennai_001,25.37,1003.37,92.88,0,0.0953,NORMAL,None,[],0.1304,0.1829,0.1438,0,normal
2024-07-11 05:50:00,AWS_Chennai_001,26.02,1003.18,94.72,0,0.0846,NORMAL,None,[],0.1395,0.0797,0.154,0,normal
2024-07-11 06:00:00,AWS_Chennai_001,26.07,1002.95,95.31,0,0.0937,NORMAL,None,[],0.1139,0.1987,0.1488,0,normal
2024-07-11 06:10:00,AWS_Chennai_001,26.32,1002.93,99.0,0,0.1548,NORMAL,None,[],0.211,0.3857,0.1684,0,normal
2024-07-11 06:20:00,AWS_Chennai_001,26.28,1002.77,98.52,0,0.136,NORMAL,None,[],0.1584,0.3682,0.166,0,normal
2024-07-11 06:30:00,AWS_Chennai_001,26.21,1002.41,96.49,0,0.1265,NORMAL,None,[],0.1505,0.3292,0.1599,0,normal
2024-07-11 06:40:00,AWS_Chennai_001,26.67,1002.22,94.88,0,0.1295,NORMAL,None,[],0.1781,0.3098,0.1479,0,normal
2024-07-11 06:50:00,AWS_Chennai_001,27.04,1001.99,95.79,0,0.1413,NORMAL,None,[],0.1931,0.3615,0.1456,0,normal
2024-07-11 07:00:00,AWS_Chennai_001,27.92,1001.96,95.82,0,0.1426,NORMAL,None,[],0.1889,0.369,0.1531,0,normal
2024-07-11 07:10:00,AWS_Chennai_001,27.96,1001.93,95.9,0,0.1275,NORMAL,None,[],0.168,0.3175,0.1477,0,normal
2024-07-11 07:20:00,AWS_Chennai_001,27.83,1001.72,94.04,0,0.1163,NORMAL,None,[],0.1409,0.3002,0.1448,0,normal
2024-07-11 07:30:00,AWS_Chennai_001,28.15,1001.58,93.78,0,0.1122,NORMAL,None,[],0.1239,0.3088,0.1433,0,normal
2024-07-11 07:40:00,AWS_Chennai_001,28.25,1001.69,92.97,0,0.111,NORMAL,None,[],0.1216,0.305,0.1436,0,normal
2024-07-11 07:50:00,AWS_Chennai_001,28.18,1001.87,95.58,0,0.1004,NORMAL,None,[],0.1438,0.1904,0.1433,0,normal
2024-07-11 08:00:00,AWS_Chennai_001,28.74,1001.88,94.81,0,0.1018,NORMAL,None,[],0.1469,0.2001,0.1387,0,normal
2024-07-11 08:10:00,AWS_Chennai_001,29.17,1001.66,92.38,0,0.1159,NORMAL,None,[],0.1318,0.3167,0.1442,0,normal
2024-07-11 08:20:00,AWS_Chennai_001,29.62,1001.44,94.54,0,0.1182,NORMAL,None,[],0.1725,0.2512,0.1436,0,normal
2024-07-11 08:30:00,AWS_Chennai_001,29.63,1001.48,92.0,0,0.1244,NORMAL,None,[],0.1583,0.318,0.146,0,normal
2024-07-11 08:40:00,AWS_Chennai_001,29.88,1001.51,90.81,0,0.112,NORMAL,None,[],0.1075,0.3374,0.1455,0,normal
2024-07-11 08:50:00,AWS_Chennai_001,29.93,1001.43,92.27,0,0.1041,NORMAL,None,[],0.115,0.272,0.1438,0,normal
2024-07-11 09:00:00,AWS_Chennai_001,30.53,1001.58,93.18,0,0.1121,NORMAL,None,[],0.1646,0.2249,0.145,0,normal
2024-07-11 09:10:00,AWS_Chennai_001,31.26,1001.69,89.07,0,0.1456,NORMAL,None,[],0.2112,0.3309,0.1632,0,normal
2024-07-11 09:20:00,AWS_Chennai_001,31.68,1001.73,88.25,0,0.1427,NORMAL,None,[],0.2079,0.3137,0.1665,0,normal
2024-07-11 09:30:00,AWS_Chennai_001,31.45,1001.61,87.3,0,0.1233,NORMAL,None,[],0.1481,0.3131,0.1597,0,normal
2024-07-11 09:40:00,AWS_Chennai_001,31.94,1001.7,85.17,0,0.1377,NORMAL,None,[],0.1822,0.2984,0.1915,0,normal
2024-07-11 09:50:00,AWS_Chennai_001,32.32,1001.39,84.24,0,0.1662,NORMAL,None,[],0.2243,0.3975,0.1965,0,normal
2024-07-11 10:00:00,AWS_Chennai_001,32.54,1001.53,83.55,0,0.132,NORMAL,None,[],0.1662,0.3112,0.1772,0,normal
2024-07-11 10:10:00,AWS_Chennai_001,32.92,1001.6,84.02,0,0.1126,NORMAL,None,[],0.1393,0.2454,0.17,0,normal
2024-07-11 10:20:00,AWS_Chennai_001,33.3,1001.58,85.06,0,0.1042,NORMAL,None,[],0.1203,0.2231,0.1735,0,normal
2024-07-11 10:30:00,AWS_Chennai_001,33.94,1001.57,81.33,0,0.1371,NORMAL,None,[],0.2085,0.28,0.1628,0,normal
2024-07-11 10:40:00,AWS_Chennai_001,34.28,1001.6,81.91,0,0.122,NORMAL,None,[],0.1813,0.2333,0.1628,0,normal
2024-07-11 10:50:00,AWS_Chennai_001,34.16,1001.55,81.81,0,0.1328,NORMAL,None,[],0.1682,0.2283,0.2407,0,normal
2024-07-11 11:00:00,AWS_Chennai_001,34.25,1001.6,80.88,0,0.1271,NORMAL,None,[],0.149,0.2273,0.2415,0,normal
2024-07-11 11:10:00,AWS_Chennai_001,34.35,1001.76,81.55,0,0.1233,NORMAL,None,[],0.1471,0.3106,0.163,0,normal
2024-07-11 11:20:00,AWS_Chennai_001,34.1,1001.84,80.27,0,0.1242,NORMAL,None,[],0.1382,0.3285,0.167,0,normal
2024-07-11 11:30:00,AWS_Chennai_001,34.36,1002.07,81.39,0,0.1336,NORMAL,None,[],0.1536,0.3581,0.1692,0,normal
2024-07-11 11:40:00,AWS_Chennai_001,34.29,1002.11,81.8,0,0.126,NORMAL,None,[],0.1532,0.3002,0.1752,0,normal
2024-07-11 11:50:00,AWS_Chennai_001,34.57,1002.02,82.4,0,0.1067,NORMAL,None,[],0.1188,0.2389,0.1761,0,normal
2024-07-11 12:00:00,AWS_Chennai_001,34.77,1001.94,82.74,0,0.0897,NORMAL,None,[],0.0861,0.1903,0.1768,0,normal
2024-07-11 12:10:00,AWS_Chennai_001,34.73,1001.87,81.92,0,0.0868,NORMAL,None,[],0.0924,0.1692,0.1686,0,normal
2024-07-11 12:20:00,AWS_Chennai_001,34.55,1001.84,83.96,0,0.0874,NORMAL,None,[],0.11,0.1438,0.1643,0,normal
2024-07-11 12:30:00,AWS_Chennai_001,34.27,1002.03,84.38,0,0.1023,NORMAL,None,[],0.1317,0.2118,0.1551,0,normal
2024-07-11 12:40:00,AWS_Chennai_001,34.85,1002.39,83.86,0,0.1276,NORMAL,None,[],0.1565,0.3148,0.1671,0,normal
2024-07-11 12:50:00,AWS_Chennai_001,35.04,1002.44,81.93,0,0.1112,NORMAL,None,[],0.1192,0.2811,0.1665,0,normal
2024-07-11 13:00:00,AWS_Chennai_001,34.95,1002.91,82.44,0,0.1338,NORMAL,None,[],0.1871,0.287,0.1731,0,normal
2024-07-11 13:10:00,AWS_Chennai_001,34.53,1003.04,83.86,0,0.1356,NORMAL,None,[],0.2023,0.2783,0.1657,0,normal
2024-07-11 13:20:00,AWS_Chennai_001,34.82,1002.84,84.04,0,0.1327,NORMAL,None,[],0.1985,0.3021,0.1391,0,normal
2024-07-11 13:30:00,AWS_Chennai_001,34.38,1002.84,79.62,0,0.15,NORMAL,None,[],0.2619,0.2865,0.1423,0,normal
2024-07-11 13:40:00,AWS_Chennai_001,33.91,1002.92,81.26,0,0.1285,NORMAL,None,[],0.1872,0.2943,0.1411,0,normal
2024-07-11 13:50:00,AWS_Chennai_001,33.97,1003.05,83.99,0,0.1371,NORMAL,None,[],0.208,0.3109,0.1405,0,normal
2024-07-11 14:00:00,AWS_Chennai_001,33.7,1003.16,85.71,0,0.1603,NORMAL,None,[],0.2365,0.4065,0.1417,0,normal
2024-07-11 14:10:00,AWS_Chennai_001,33.81,1003.23,86.22,0,0.15,NORMAL,None,[],0.2287,0.3613,0.136,0,normal
2024-07-11 14:20:00,AWS_Chennai_001,33.72,1003.42,84.04,0,0.1342,NORMAL,None,[],0.2061,0.2784,0.153,0,normal
2024-07-11 14:30:00,AWS_Chennai_001,33.64,1003.43,85.29,0,0.1311,NORMAL,None,[],0.1828,0.3076,0.1506,0,normal
2024-07-11 14:40:00,AWS_Chennai_001,33.36,1003.57,84.89,0,0.1274,NORMAL,None,[],0.1709,0.3055,0.1518,0,normal
2024-07-11 14:50:00,AWS_Chennai_001,33.73,1003.88,86.12,0,0.1441,NORMAL,None,[],0.2321,0.304,0.1445,0,normal
2024-07-11 15:00:00,AWS_Chennai_001,33.79,1003.87,86.93,0,0.1414,NORMAL,None,[],0.2313,0.2885,0.1435,0,normal
2024-07-11 15:10:00,AWS_Chennai_001,33.94,1003.69,87.1,0,0.1244,NORMAL,None,[],0.2077,0.2248,0.1417,0,normal
2024-07-11 15:20:00,AWS_Chennai_001,34.06,1003.5,86.74,0,0.1006,NORMAL,None,[],0.1655,0.1518,0.1409,0,normal
2024-07-11 15:30:00,AWS_Chennai_001,33.59,1003.07,86.25,0,0.1013,NORMAL,None,[],0.1622,0.1539,0.1479,0,normal
2024-07-11 15:40:00,AWS_Chennai_001,33.46,1003.28,83.94,0,0.0948,NORMAL,None,[],0.1578,0.1099,0.1548,0,normal
2024-07-11 15:50:00,AWS_Chennai_001,33.62,1003.28,85.5,0,0.0955,NORMAL,None,[],0.1814,0.0849,0.1418,0,normal
2024-07-11 16:00:00,AWS_Chennai_001,33.36,1003.31,84.01,0,0.0974,NORMAL,None,[],0.1681,0.1243,0.1417,0,normal
2024-07-11 16:10:00,AWS_Chennai_001,33.38,1003.27,83.35,0,0.0965,NORMAL,None,[],0.1534,0.1443,0.1443,0,normal
2024-07-11 16:20:00,AWS_Chennai_001,33.61,1003.22,84.5,0,0.0818,NORMAL,None,[],0.1522,0.0698,0.1283,0,normal
2024-07-11 16:30:00,AWS_Chennai_001,33.95,1003.36,86.16,0,0.1016,NORMAL,None,[],0.1819,0.137,0.1324,0,normal
2024-07-11 16:40:00,AWS_Chennai_001,33.74,1003.34,86.96,0,0.0996,NORMAL,None,[],0.182,0.1243,0.1316,0,normal
2024-07-11 16:50:00,AWS_Chennai_001,33.87,1003.36,86.05,0,0.0867,NORMAL,None,[],0.144,0.1126,0.1332,0,normal
2024-07-11 17:00:00,AWS_Chennai_001,33.55,1003.23,85.59,0,0.0829,NORMAL,None,[],0.1355,0.1074,0.1307,0,normal
2024-07-11 17:10:00,AWS_Chennai_001,33.55,1002.86,84.79,0,0.1177,NORMAL,None,[],0.1897,0.2357,0.1271,0,normal
2024-07-11 17:20:00,AWS_Chennai_001,33.23,1002.97,83.48,0,0.1361,NORMAL,None,[],0.1877,0.3553,0.1327,0,normal
2024-07-11 17:30:00,AWS_Chennai_001,33.18,1002.9,82.71,0,0.137,NORMAL,None,[],0.1826,0.3734,0.1309,0,normal
2024-07-11 17:40:00,AWS_Chennai_001,33.59,1002.93,82.23,0,0.1103,NORMAL,None,[],0.1588,0.2387,0.1343,0,normal
2024-07-11 17:50:00,AWS_Chennai_001,33.72,1002.85,80.74,0,0.1206,NORMAL,None,[],0.1634,0.2974,0.1346,0,normal
2024-07-11 18:00:00,AWS_Chennai_001,32.39,1002.84,81.98,0,0.1455,NORMAL,None,[],0.1599,0.4316,0.1638,0,normal
2024-07-11 18:10:00,AWS_Chennai_001,31.76,1002.51,81.41,0,0.1517,NORMAL,None,[],0.1516,0.5068,0.151,0,normal
2024-07-11 18:20:00,AWS_Chennai_001,31.27,1002.49,82.41,0,0.1341,NORMAL,None,[],0.1285,0.4188,0.1637,0,normal
2024-07-11 18:30:00,AWS_Chennai_001,30.83,1002.14,81.09,0,0.188,NORMAL,None,[],0.1963,0.4696,0.2935,0,normal
2024-07-11 18:40:00,AWS_Chennai_001,31.02,1002.0,83.54,0,0.1321,NORMAL,None,[],0.1712,0.3118,0.1701,0,normal
2024-07-11 18:50:00,AWS_Chennai_001,30.99,1001.69,85.18,0,0.1369,NORMAL,None,[],0.1601,0.3526,0.1802,0,normal
2024-07-11 19:00:00,AWS_Chennai_001,30.38,1001.49,86.76,0,0.1374,NORMAL,None,[],0.1686,0.4045,0.1307,0,normal
2024-07-11 19:10:00,AWS_Chennai_001,29.95,1001.21,85.34,0,0.1458,NORMAL,None,[],0.1432,0.3437,0.2567,0,normal
2024-07-11 19:20:00,AWS_Chennai_001,29.58,1001.27,83.48,0,0.1087,NORMAL,None,[],0.139,0.2739,0.1297,0,normal
2024-07-11 19:30:00,AWS_Chennai_001,29.36,1001.48,81.97,0,0.1078,NORMAL,None,[],0.1237,0.2803,0.1432,0,normal
2024-07-11 19:40:00,AWS_Chennai_001,28.98,1001.36,81.09,0,0.1207,NORMAL,None,[],0.1495,0.3048,0.1504,0,normal
2024-07-11 19:50:00,AWS_Chennai_001,29.03,1001.3,81.55,0,0.0953,NORMAL,None,[],0.0942,0.2603,0.1402,0,normal
2024-07-11 20:00:00,AWS_Chennai_001,29.27,1001.31,82.01,0,0.0795,NORMAL,None,[],0.0719,0.2054,0.1356,0,normal
2024-07-11 20:10:00,AWS_Chennai_001,29.03,1001.16,84.37,0,0.0861,NORMAL,None,[],0.0829,0.2411,0.1255,0,normal
2024-07-11 20:20:00,AWS_Chennai_001,28.7,1001.14,81.73,0,0.077,NORMAL,None,[],0.0589,0.2169,0.1338,0,normal
2024-07-11 20:30:00,AWS_Chennai_001,28.7,1001.33,84.16,0,0.0962,NORMAL,None,[],0.1426,0.1935,0.1218,0,normal
2024-07-11 20:40:00,AWS_Chennai_001,28.2,1001.39,84.68,0,0.093,NORMAL,None,[],0.1221,0.2118,0.123,0,normal
2024-07-11 20:50:00,AWS_Chennai_001,27.86,1001.43,86.1,0,0.1026,NORMAL,None,[],0.1298,0.2598,0.1234,0,normal
2024-07-11 21:00:00,AWS_Chennai_001,27.85,1001.5,86.3,0,0.095,NORMAL,None,[],0.119,0.2269,0.1261,0,normal
2024-07-11 21:10:00,AWS_Chennai_001,28.2,1001.36,87.23,0,0.1062,NORMAL,None,[],0.1548,0.2329,0.124,0,normal
2024-07-11 21:20:00,AWS_Chennai_001,27.64,1001.34,87.9,0,0.1136,NORMAL,None,[],0.1729,0.2602,0.1133,0,normal
2024-07-11 21:30:00,AWS_Chennai_001,27.56,1001.44,86.96,0,0.0849,NORMAL,None,[],0.1088,0.2012,0.1106,0,normal
2024-07-11 21:40:00,AWS_Chennai_001,27.19,1001.24,86.01,0,0.0932,NORMAL,None,[],0.1186,0.2286,0.1167,0,normal
2024-07-11 21:50:00,AWS_Chennai_001,26.87,1001.11,84.3,0,0.0939,NORMAL,None,[],0.0897,0.2721,0.131,0,normal
2024-07-11 22:00:00,AWS_Chennai_001,26.88,1001.11,84.96,0,0.1042,NORMAL,None,[],0.1353,0.254,0.1276,0,normal
2024-07-11 22:10:00,AWS_Chennai_001,26.66,1001.48,82.39,0,0.1297,NORMAL,None,[],0.2007,0.2812,0.1368,0,normal
2024-07-11 22:20:00,AWS_Chennai_001,26.4,1001.28,83.97,0,0.0968,NORMAL,None,[],0.1544,0.161,0.1317,0,normal
2024-07-11 22:30:00,AWS_Chennai_001,26.14,1001.35,82.56,0,0.101,NORMAL,None,[],0.1425,0.2129,0.1317,0,normal
2024-07-11 22:40:00,AWS_Chennai_001,26.09,1001.36,82.26,0,0.0924,NORMAL,None,[],0.1055,0.2225,0.1366,0,normal
2024-07-11 22:50:00,AWS_Chennai_001,26.95,1001.44,79.98,0,0.1272,NORMAL,None,[],0.1958,0.2652,0.1434,0,normal
2024-07-11 23:00:00,AWS_Chennai_001,27.5,1001.48,78.93,0,0.1302,NORMAL,None,[],0.2071,0.2447,0.1566,0,normal
2024-07-11 23:10:00,AWS_Chennai_001,27.16,1001.68,81.25,0,0.1186,NORMAL,None,[],0.1606,0.2601,0.1569,0,normal
2024-07-11 23:20:00,AWS_Chennai_001,27.2,1001.63,82.87,0,0.0862,NORMAL,None,[],0.1033,0.164,0.1529,0,normal
2024-07-11 23:30:00,AWS_Chennai_001,27.17,1001.71,83.5,0,0.0781,NORMAL,None,[],0.0836,0.1527,0.1508,0,normal
2024-07-11 23:40:00,AWS_Chennai_001,26.99,1001.78,83.18,0,0.0709,NORMAL,None,[],0.0492,0.1777,0.1476,0,normal
2024-07-11 23:50:00,AWS_Chennai_001,27.08,1001.87,86.58,0,0.101,NORMAL,None,[],0.1161,0.2206,0.1654,0,normal
2024-07-12 00:00:00,AWS_Chennai_001,26.62,1002.13,85.55,0,0.1044,NORMAL,None,[],0.1133,0.2813,0.141,0,normal
2024-07-12 00:10:00,AWS_Chennai_001,26.37,1002.17,88.27,0,0.1228,NORMAL,None,[],0.1292,0.3622,0.1486,0,normal
2024-07-12 00:20:00,AWS_Chennai_001,26.04,1002.38,89.99,0,0.1474,NORMAL,None,[],0.1637,0.4401,0.1614,0,normal
2024-07-12 00:30:00,AWS_Chennai_001,26.35,1002.34,91.39,0,0.1491,NORMAL,None,[],0.186,0.3582,0.1979,0,normal
2024-07-12 00:40:00,AWS_Chennai_001,26.29,1002.46,90.84,0,0.1186,NORMAL,None,[],0.1228,0.3283,0.1624,0,normal
2024-07-12 00:50:00,AWS_Chennai_001,25.65,1002.53,92.14,0,0.1391,NORMAL,None,[],0.1518,0.401,0.1672,0,normal
2024-07-12 01:00:00,AWS_Chennai_001,25.89,1002.63,91.65,0,0.1192,NORMAL,None,[],0.1137,0.3291,0.1789,0,normal
2024-07-12 01:10:00,AWS_Chennai_001,25.62,1002.8,93.08,0,0.1335,NORMAL,None,[],0.142,0.3603,0.1842,0,normal
2024-07-12 01:20:00,AWS_Chennai_001,25.58,1002.87,93.36,0,0.1196,NORMAL,None,[],0.1149,0.3347,0.175,0,normal
2024-07-12 01:30:00,AWS_Chennai_001,25.4,1003.04,95.54,0,0.1477,NORMAL,None,[],0.1819,0.3623,0.1939,0,normal
2024-07-12 01:40:00,AWS_Chennai_001,24.88,1003.14,96.04,0,0.1478,NORMAL,None,[],0.1738,0.3805,0.193,0,normal
2024-07-12 01:50:00,AWS_Chennai_001,24.84,1003.01,98.51,0,0.1516,NORMAL,None,[],0.1947,0.3499,0.2036,0,normal
2024-07-12 02:00:00,AWS_Chennai_001,24.79,1003.29,99.55,0,0.1718,NORMAL,None,[],0.2491,0.3642,0.2124,0,normal
2024-07-12 02:10:00,AWS_Chennai_001,24.82,1003.26,99.51,0,0.147,NORMAL,None,[],0.2002,0.3193,0.1954,0,normal
2024-07-12 02:20:00,AWS_Chennai_001,24.99,1003.29,98.57,0,0.1322,NORMAL,None,[],0.1671,0.2684,0.2087,0,normal
2024-07-12 02:30:00,AWS_Chennai_001,25.32,1003.54,98.26,0,0.1386,NORMAL,None,[],0.2005,0.2422,0.2108,0,normal
2024-07-12 02:40:00,AWS_Chennai_001,25.35,1003.64,97.49,0,0.1227,NORMAL,None,[],0.1573,0.2178,0.2144,0,normal
2024-07-12 02:50:00,AWS_Chennai_001,24.71,1003.65,98.88,0,0.1395,NORMAL,None,[],0.1887,0.2885,0.1982,0,normal
2024-07-12 03:00:00,AWS_Chennai_001,24.33,1003.28,99.48,0,0.1237,NORMAL,None,[],0.1607,0.2635,0.1799,0,normal
2024-07-12 03:10:00,AWS_Chennai_001,24.06,1003.04,97.39,0,0.0999,NORMAL,None,[],0.1293,0.1821,0.169,0,normal
2024-07-12 03:20:00,AWS_Chennai_001,24.21,1003.22,95.12,0,0.1008,NORMAL,None,[],0.1507,0.1578,0.1598,0,normal
2024-07-12 03:30:00,AWS_Chennai_001,24.31,1003.24,95.32,0,0.0827,NORMAL,None,[],0.1032,0.1385,0.1551,0,normal
2024-07-12 03:40:00,AWS_Chennai_001,24.54,1003.22,93.06,0,0.0861,NORMAL,None,[],0.1127,0.1612,0.1407,0,normal
2024-07-12 03:50:00,AWS_Chennai_001,24.63,1003.35,92.67,0,0.0949,NORMAL,None,[],0.1376,0.1817,0.1318,0,normal
2024-07-12 04:00:00,AWS_Chennai_001,24.4,1003.4,91.88,0,0.097,NORMAL,None,[],0.1146,0.2406,0.1325,0,normal
2024-07-12 04:10:00,AWS_Chennai_001,24.35,1003.46,92.8,0,0.0877,NORMAL,None,[],0.0965,0.2284,0.1223,0,normal
2024-07-12 04:20:00,AWS_Chennai_001,25.1,1003.33,94.51,0,0.0817,NORMAL,None,[],0.1231,0.1333,0.1239,0,normal
2024-07-12 04:30:00,AWS_Chennai_001,24.83,1003.58,96.62,0,0.094,NORMAL,None,[],0.1652,0.1323,0.123,0,normal
2024-07-12 04:40:00,AWS_Chennai_001,25.07,1003.3,97.26,0,0.0892,NORMAL,None,[],0.1569,0.1097,0.1283,0,normal
2024-07-12 04:50:00,AWS_Chennai_001,24.86,1003.34,97.3,0,0.0716,NORMAL,None,[],0.1238,0.0637,0.1248,0,normal
2024-07-12 05:00:00,AWS_Chennai_001,25.02,1003.53,95.6,0,0.0796,NORMAL,None,[],0.1098,0.1481,0.122,0,normal
2024-07-12 05:10:00,AWS_Chennai_001,25.06,1003.53,94.36,0,0.0943,NORMAL,None,[],0.1422,0.1757,0.1262,0,normal
2024-07-12 05:20:00,AWS_Chennai_001,25.1,1003.56,95.43,0,0.0913,NORMAL,None,[],0.1476,0.1476,0.1245,0,normal
2024-07-12 05:30:00,AWS_Chennai_001,25.88,1003.54,96.7,0,0.1203,NORMAL,None,[],0.1653,0.2743,0.1478,0,normal
2024-07-12 05:40:00,AWS_Chennai_001,26.05,1003.39,96.55,0,0.1144,NORMAL,None,[],0.1791,0.2054,0.1493,0,normal
2024-07-12 05:50:00,AWS_Chennai_001,26.04,1003.46,94.95,0,0.1199,NORMAL,None,[],0.1937,0.1996,0.159,0,normal
2024-07-12 06:00:00,AWS_Chennai_001,26.54,1003.63,94.37,0,0.1399,NORMAL,None,[],0.2062,0.3043,0.1617,0,normal
2024-07-12 06:10:00,AWS_Chennai_001,27.15,1003.54,94.08,0,0.1286,NORMAL,None,[],0.1808,0.2806,0.1611,0,normal
2024-07-12 06:20:00,AWS_Chennai_001,27.6,1003.5,94.43,0,0.117,NORMAL,None,[],0.171,0.2285,0.1569,0,normal
2024-07-12 06:30:00,AWS_Chennai_001,27.79,1003.26,96.51,0,0.1353,NORMAL,None,[],0.1766,0.3325,0.162,0,normal
2024-07-12 06:40:00,AWS_Chennai_001,28.05,1003.26,99.18,0,0.1805,NORMAL,None,[],0.2831,0.4119,0.1688,0,normal
2024-07-12 06:50:00,AWS_Chennai_001,28.5,1002.98,96.86,0,0.1871,NORMAL,None,[],0.3131,0.4031,0.1632,0,normal
2024-07-12 07:00:00,AWS_Chennai_001,29.34,1002.61,95.11,0,0.1907,NORMAL,None,[],0.3212,0.4114,0.1631,0,normal
2024-07-12 07:10:00,AWS_Chennai_001,29.73,1002.55,92.33,0,0.2029,NORMAL,None,[],0.3184,0.4841,0.1736,0,normal
2024-07-12 07:20:00,AWS_Chennai_001,29.93,1002.76,90.56,0,0.1926,NORMAL,None,[],0.2867,0.4297,0.2106,0,normal
2024-07-12 07:30:00,AWS_Chennai_001,29.62,1002.55,90.37,0,0.191,NORMAL,None,[],0.2892,0.3929,0.2264,0,normal
2024-07-12 07:40:00,AWS_Chennai_001,29.67,1002.6,91.77,0,0.1403,NORMAL,None,[],0.1914,0.2998,0.1895,0,normal
2024-07-12 07:50:00,AWS_Chennai_001,30.25,1002.64,90.98,0,0.132,NORMAL,None,[],0.1703,0.3021,0.178,0,normal
2024-07-12 08:00:00,AWS_Chennai_001,30.31,1002.55,92.04,0,0.1203,NORMAL,None,[],0.1544,0.2576,0.1766,0,normal
2024-07-12 08:10:00,AWS_Chennai_001,30.27,1002.51,93.05,0,0.1011,NORMAL,None,[],0.1189,0.2104,0.1695,0,normal
2024-07-12 08:20:00,AWS_Chennai_001,30.83,1002.51,90.83,0,0.1302,NORMAL,None,[],0.1826,0.2707,0.1742,0,normal
2024-07-12 08:30:00,AWS_Chennai_001,30.95,1002.41,87.51,0,0.1396,NORMAL,None,[],0.1811,0.3353,0.1749,0,normal
2024-07-12 08:40:00,AWS_Chennai_001,30.87,1002.54,86.52,0,0.14,NORMAL,None,[],0.1965,0.2906,0.1874,0,normal
2024-07-12 08:50:00,AWS_Chennai_001,30.62,1002.52,88.02,0,0.1203,NORMAL,None,[],0.162,0.2223,0.1917,0,normal
2024-07-12 09:00:00,AWS_Chennai_001,30.36,1002.43,86.27,0,0.124,NORMAL,None,[],0.1701,0.2335,0.1896,0,normal
2024-07-12 09:10:00,AWS_Chennai_001,30.39,1002.22,86.28,0,0.1257,NORMAL,None,[],0.1712,0.2515,0.1831,0,normal
2024-07-12 09:20:00,AWS_Chennai_001,30.64,1002.38,84.37,0,0.1186,NORMAL,None,[],0.149,0.2441,0.1865,0,normal
2024-07-12 09:30:00,AWS_Chennai_001,31.36,1002.33,84.28,0,0.113,NORMAL,None,[],0.1081,0.2954,0.1816,0,normal
2024-07-12 09:40:00,AWS_Chennai_001,31.34,1002.34,86.11,0,0.1027,NORMAL,None,[],0.0924,0.2598,0.1802,0,normal
2024-07-12 09:50:00,AWS_Chennai_001,31.31,1002.46,84.74,0,0.0972,NORMAL,None,[],0.0908,0.2199,0.1847,0,normal
2024-07-12 10:00:00,AWS_Chennai_001,31.44,1002.47,84.36,0,0.0866,NORMAL,None,[],0.057,0.2165,0.185,0,normal
2024-07-12 10:10:00,AWS_Chennai_001,31.67,1002.45,87.1,0,0.0802,NORMAL,None,[],0.0655,0.1656,0.1786,0,normal
2024-07-12 10:20:00,AWS_Chennai_001,31.97,1002.26,84.84,0,0.1116,NORMAL,None,[],0.0848,0.3334,0.1806,0,normal
2024-07-12 10:30:00,AWS_Chennai_001,32.12,1002.53,88.37,0,0.1107,NORMAL,None,[],0.1531,0.2044,0.1704,0,normal
2024-07-12 10:40:00,AWS_Chennai_001,32.64,1002.32,86.48,0,0.1199,NORMAL,None,[],0.1482,0.2661,0.1776,0,normal
2024-07-12 10:50:00,AWS_Chennai_001,32.49,1002.17,82.48,0,0.1293,NORMAL,None,[],0.1072,0.3984,0.1868,0,normal
2024-07-12 11:00:00,AWS_Chennai_001,32.88,1002.11,85.05,0,0.1321,NORMAL,None,[],0.1367,0.3403,0.2005,0,normal
2024-07-12 11:10:00,AWS_Chennai_001,33.21,1002.25,81.99,0,0.1342,NORMAL,None,[],0.1511,0.3484,0.1829,0,normal
2024-07-12 11:20:00,AWS_Chennai_001,33.25,1002.09,79.33,0,0.1651,NORMAL,None,[],0.1369,0.4534,0.2803,0,normal
2024-07-12 11:30:00,AWS_Chennai_001,33.61,1002.13,76.94,0,0.1777,NORMAL,None,[],0.1794,0.426,0.3,0,normal
2024-07-12 11:40:00,AWS_Chennai_001,34.18,1002.26,76.03,0,0.1765,NORMAL,None,[],0.2269,0.3416,0.2862,0,normal
2024-07-12 11:50:00,AWS_Chennai_001,34.48,1002.3,75.21,0,0.1611,NORMAL,None,[],0.2029,0.2931,0.2813,0,normal
2024-07-12 12:00:00,AWS_Chennai_001,34.38,1002.46,75.85,0,0.1269,NORMAL,None,[],0.1413,0.3222,0.1811,0,normal
2024-07-12 12:10:00,AWS_Chennai_001,34.04,1002.62,74.09,0,0.134,NORMAL,None,[],0.1486,0.36,0.1769,0,normal
2024-07-12 12:20:00,AWS_Chennai_001,34.02,1002.78,74.06,0,0.1234,NORMAL,None,[],0.1203,0.3639,0.1637,0,normal
2024-07-12 12:30:00,AWS_Chennai_001,34.42,1003.09,73.19,0,0.1454,NORMAL,None,[],0.1715,0.4069,0.1647,0,normal
2024-07-12 12:40:00,AWS_Chennai_001,34.72,1003.23,75.32,0,0.1416,NORMAL,None,[],0.1824,0.3546,0.1682,0,normal
2024-07-12 12:50:00,AWS_Chennai_001,34.86,1003.1,73.17,0,0.1316,NORMAL,None,[],0.168,0.3201,0.1657,0,normal
2024-07-12 13:00:00,AWS_Chennai_001,35.14,1003.27,74.97,0,0.1381,NORMAL,None,[],0.1948,0.305,0.1696,0,normal
2024-07-12 13:10:00,AWS_Chennai_001,35.37,1003.13,76.62,0,0.1222,NORMAL,None,[],0.17,0.2421,0.1746,0,normal
2024-07-12 13:20:00,AWS_Chennai_001,34.83,1003.26,75.17,0,0.1313,NORMAL,None,[],0.2126,0.2199,0.1726,0,normal
2024-07-12 13:30:00,AWS_Chennai_001,34.55,1003.06,72.59,0,0.1046,NORMAL,None,[],0.1369,0.1895,0.1755,0,normal
2024-07-12 13:40:00,AWS_Chennai_001,34.89,1002.88,73.4,0,0.0943,NORMAL,None,[],0.1082,0.1608,0.1886,0,normal
2024-07-12 13:50:00,AWS_Chennai_001,35.4,1002.74,74.66,0,0.1007,NORMAL,None,[],0.1404,0.1417,0.1864,0,normal
2024-07-12 14:00:00,AWS_Chennai_001,35.02,1002.69,73.52,0,0.0891,NORMAL,None,[],0.1141,0.1298,0.1769,0,normal
2024-07-12 14:10:00,AWS_Chennai_001,34.78,1002.81,74.05,0,0.0699,NORMAL,None,[],0.0927,0.0743,0.1548,0,normal
2024-07-12 14:20:00,AWS_Chennai_001,34.36,1002.64,76.43,0,0.0857,NORMAL,None,[],0.106,0.169,0.1428,0,normal
2024-07-12 14:30:00,AWS_Chennai_001,33.9,1002.9,75.47,0,0.0963,NORMAL,None,[],0.1339,0.1837,0.1428,0,normal
2024-07-12 14:40:00,AWS_Chennai_001,33.95,1002.95,75.02,0,0.0772,NORMAL,None,[],0.0862,0.1509,0.1437,0,normal
2024-07-12 14:50:00,AWS_Chennai_001,34.15,1002.93,74.0,0,0.0686,NORMAL,None,[],0.0789,0.1074,0.144,0,normal
2024-07-12 15:00:00,AWS_Chennai_001,33.86,1002.87,76.84,0,0.0933,NORMAL,None,[],0.086,0.2638,0.1396,0,normal
2024-07-12 15:10:00,AWS_Chennai_001,33.82,1002.78,75.31,0,0.088,NORMAL,None,[],0.0928,0.2077,0.1449,0,normal
2024-07-12 15:20:00,AWS_Chennai_001,33.77,1002.69,72.38,0,0.1081,NORMAL,None,[],0.0979,0.3189,0.1545,0,normal
2024-07-12 15:30:00,AWS_Chennai_001,33.88,1002.81,73.71,0,0.0932,NORMAL,None,[],0.121,0.1768,0.1517,0,normal
2024-07-12 15:40:00,AWS_Chennai_001,34.39,1002.87,73.72,0,0.0748,NORMAL,None,[],0.1108,0.0733,0.1528,0,normal
2024-07-12 15:50:00,AWS_Chennai_001,34.49,1002.99,74.06,0,0.0732,NORMAL,None,[],0.1075,0.065,0.1559,0,normal
2024-07-12 16:00:00,AWS_Chennai_001,34.4,1002.92,76.7,0,0.0821,NORMAL,None,[],0.1094,0.131,0.148,0,normal
2024-07-12 16:10:00,AWS_Chennai_001,34.62,1002.85,75.98,0,0.0724,NORMAL,None,[],0.0862,0.1206,0.1421,0,normal
2024-07-12 16:20:00,AWS_Chennai_001,34.41,1002.56,77.62,0,0.1075,NORMAL,None,[],0.1129,0.3025,0.1411,0,normal
2024-07-12 16:30:00,AWS_Chennai_001,34.52,1002.38,79.3,0,0.131,NORMAL,None,[],0.1433,0.3983,0.1415,0,normal
2024-07-12 16:40:00,AWS_Chennai_001,34.28,1002.64,83.15,0,0.1707,NORMAL,None,[],0.2666,0.2938,0.2331,0,normal
2024-07-12 16:50:00,AWS_Chennai_001,34.06,1002.38,85.19,0,0.1958,NORMAL,None,[],0.2954,0.3916,0.2425,0,normal
2024-07-12 17:00:00,AWS_Chennai_001,34.34,1002.44,85.4,0,0.1596,NORMAL,None,[],0.2113,0.304,0.2531,0,normal
2024-07-12 17:10:00,AWS_Chennai_001,34.41,1002.21,87.18,0,0.1721,NORMAL,None,[],0.2349,0.3716,0.2293,0,normal
2024-07-12 17:20:00,AWS_Chennai_001,33.93,1002.14,89.18,0,0.1804,NORMAL,None,[],0.2459,0.3672,0.2575,0,normal
2024-07-12 17:30:00,AWS_Chennai_001,34.06,1002.07,88.16,0,0.1523,NORMAL,None,[],0.247,0.2931,0.171,0,normal
2024-07-12 17:40:00,AWS_Chennai_001,33.85,1001.9,89.97,0,0.1643,NORMAL,None,[],0.2553,0.3593,0.1692,0,normal
2024-07-12 17:50:00,AWS_Chennai_001,33.41,1001.71,91.19,0,0.1857,NORMAL,None,[],0.2796,0.436,0.1822,0,normal
2024-07-12 18:00:00,AWS_Chennai_001,33.09,1001.57,90.47,0,0.1778,NORMAL,None,[],0.2607,0.4281,0.1769,0,normal
2024-07-12 18:10:00,AWS_Chennai_001,32.63,1001.39,90.86,0,0.179,NORMAL,None,[],0.2638,0.4318,0.1753,0,normal
2024-07-12 18:20:00,AWS_Chennai_001,32.18,1001.11,90.34,0,0.1792,NORMAL,None,[],0.27,0.4196,0.1765,0,normal
2024-07-12 18:30:00,AWS_Chennai_001,32.25,1000.95,89.59,0,0.1614,NORMAL,None,[],0.244,0.3551,0.1746,0,normal
2024-07-12 18:40:00,AWS_Chennai_001,31.77,1000.92,87.69,0,0.1453,NORMAL,None,[],0.203,0.316,0.185,0,normal
2024-07-12 18:50:00,AWS_Chennai_001,31.2,1000.88,88.88,0,0.1385,NORMAL,None,[],0.1773,0.3195,0.1869,0,normal
2024-07-12 19:00:00,AWS_Chennai_001,31.04,1000.9,89.46,0,0.1167,NORMAL,None,[],0.1316,0.2896,0.1687,0,normal
2024-07-12 19:10:00,AWS_Chennai_001,30.44,1000.59,87.52,0,0.1202,NORMAL,None,[],0.1464,0.2743,0.1759,0,normal
2024-07-12 19:20:00,AWS_Chennai_001,30.28,1000.66,86.33,0,0.1102,NORMAL,None,[],0.1258,0.2696,0.16,0,normal
2024-07-12 19:30:00,AWS_Chennai_001,30.52,1000.9,85.36,0,0.1017,NORMAL,None,[],0.119,0.2629,0.1329,0,normal
2024-07-12 19:40:00,AWS_Chennai_001,30.27,1001.04,87.98,0,0.0787,NORMAL,None,[],0.0952,0.1664,0.1259,0,normal
2024-07-12 19:50:00,AWS_Chennai_001,30.07,1000.94,89.11,0,0.0765,NORMAL,None,[],0.0821,0.1748,0.1283,0,normal
2024-07-12 20:00:00,AWS_Chennai_001,29.97,1001.19,90.46,0,0.0815,NORMAL,None,[],0.0948,0.1805,0.13,0,normal
2024-07-12 20:10:00,AWS_Chennai_001,29.87,1001.16,91.39,0,0.0804,NORMAL,None,[],0.079,0.2023,0.1318,0,normal
2024-07-12 20:20:00,AWS_Chennai_001,28.98,1001.17,92.44,0,0.0995,NORMAL,None,[],0.1178,0.2462,0.1362,0,normal
2024-07-12 20:30:00,AWS_Chennai_001,28.3,1000.99,89.65,0,0.0905,NORMAL,None,[],0.1279,0.1723,0.1316,0,normal
2024-07-12 20:40:00,AWS_Chennai_001,28.3,1001.1,87.68,0,0.0997,NORMAL,None,[],0.1444,0.1938,0.1364,0,normal
2024-07-12 20:50:00,AWS_Chennai_001,28.04,1000.93,88.77,0,0.0909,NORMAL,None,[],0.1321,0.1648,0.1329,0,normal
2024-07-12 21:00:00,AWS_Chennai_001,27.6,1000.81,89.61,0,0.0926,NORMAL,None,[],0.1116,0.2161,0.1336,0,normal
2024-07-12 21:10:00,AWS_Chennai_001,28.17,1000.71,88.76,0,0.0945,NORMAL,None,[],0.1269,0.1984,0.1333,0,normal
2024-07-12 21:20:00,AWS_Chennai_001,27.92,1000.83,89.26,0,0.0836,NORMAL,None,[],0.1104,0.1528,0.1377,0,normal
2024-07-12 21:30:00,AWS_Chennai_001,27.58,1000.78,88.61,0,0.0789,NORMAL,None,[],0.0837,0.1715,0.1401,0,normal
2024-07-12 21:40:00,AWS_Chennai_001,27.12,1000.95,88.28,0,0.0722,NORMAL,None,[],0.0651,0.1559,0.1466,0,normal
2024-07-12 21:50:00,AWS_Chennai_001,27.17,1000.87,88.67,0,0.0674,NORMAL,None,[],0.0627,0.1308,0.1449,0,normal
2024-07-12 22:00:00,AWS_Chennai_001,27.38,1001.15,90.34,0,0.0844,NORMAL,None,[],0.0746,0.2346,0.1343,0,normal
2024-07-12 22:10:00,AWS_Chennai_001,26.99,1000.98,90.43,0,0.077,NORMAL,None,[],0.084,0.1668,0.1339,0,normal
2024-07-12 22:20:00,AWS_Chennai_001,27.04,1001.28,90.44,0,0.0898,NORMAL,None,[],0.0755,0.2719,0.1321,0,normal
2024-07-12 22:30:00,AWS_Chennai_001,27.18,1001.36,88.74,0,0.0856,NORMAL,None,[],0.068,0.2541,0.1355,0,normal
2024-07-12 22:40:00,AWS_Chennai_001,27.26,1001.38,90.26,0,0.0867,NORMAL,None,[],0.0823,0.226,0.1406,0,normal
2024-07-12 22:50:00,AWS_Chennai_001,26.74,1001.53,90.21,0,0.0921,NORMAL,None,[],0.072,0.2716,0.1486,0,normal
2024-07-12 23:00:00,AWS_Chennai_001,26.5,1001.83,91.59,0,0.1198,NORMAL,None,[],0.1114,0.3978,0.1334,0,normal
2024-07-12 23:10:00,AWS_Chennai_001,26.67,1001.85,89.92,0,0.0893,NORMAL,None,[],0.0761,0.2629,0.1353,0,normal
2024-07-12 23:20:00,AWS_Chennai_001,26.2,1001.85,87.99,0,0.1186,NORMAL,None,[],0.1196,0.3676,0.1378,0,normal
2024-07-12 23:30:00,AWS_Chennai_001,26.0,1001.89,87.71,0,0.1175,NORMAL,None,[],0.118,0.3633,0.1379,0,normal
2024-07-12 23:40:00,AWS_Chennai_001,26.01,1001.59,89.16,0,0.0861,NORMAL,None,[],0.0982,0.1975,0.1349,0,normal
2024-07-12 23:50:00,AWS_Chennai_001,25.92,1001.73,88.8,0,0.0867,NORMAL,None,[],0.0799,0.2344,0.1377,0,normal
2024-07-13 00:00:00,AWS_Chennai_001,25.83,1001.64,89.37,0,0.068,NORMAL,None,[],0.0559,0.1649,0.1325,0,normal
2024-07-13 00:10:00,AWS_Chennai_001,25.58,1001.76,90.85,0,0.0884,NORMAL,None,[],0.0594,0.2879,0.137,0,normal
2024-07-13 00:20:00,AWS_Chennai_001,25.6,1002.13,91.59,0,0.1226,NORMAL,None,[],0.1399,0.3583,0.1346,0,normal
2024-07-13 00:30:00,AWS_Chennai_001,25.55,1002.22,91.92,0,0.115,NORMAL,None,[],0.1174,0.3544,0.1333,0,normal
2024-07-13 00:40:00,AWS_Chennai_001,25.71,1002.19,92.49,0,0.104,NORMAL,None,[],0.098,0.3195,0.1336,0,normal
2024-07-13 00:50:00,AWS_Chennai_001,25.4,1002.27,93.51,0,0.1115,NORMAL,None,[],0.1,0.368,0.1316,0,normal
2024-07-13 01:00:00,AWS_Chennai_001,25.64,1002.27,95.3,0,0.129,NORMAL,None,[],0.1631,0.3493,0.1385,0,normal
2024-07-13 01:10:00,AWS_Chennai_001,25.55,1002.15,95.36,0,0.1127,NORMAL,None,[],0.1319,0.2927,0.146,0,normal
2024-07-13 01:20:00,AWS_Chennai_001,25.74,1002.12,93.2,0,0.0867,NORMAL,None,[],0.1078,0.1721,0.1426,0,normal
2024-07-13 01:30:00,AWS_Chennai_001,25.7,1002.17,92.01,0,0.0805,NORMAL,None,[],0.1095,0.1342,0.1377,0,normal
2024-07-13 01:40:00,AWS_Chennai_001,26.07,1002.36,93.57,0,0.0982,NORMAL,None,[],0.1346,0.2095,0.1318,0,normal
2024-07-13 01:50:00,AWS_Chennai_001,25.63,1002.37,92.81,0,0.0916,NORMAL,None,[],0.1232,0.1916,0.1295,0,normal
2024-07-13 02:00:00,AWS_Chennai_001,25.48,1002.57,91.97,0,0.0881,NORMAL,None,[],0.0955,0.2237,0.1294,0,normal
2024-07-13 02:10:00,AWS_Chennai_001,25.27,1002.76,94.72,0,0.1282,NORMAL,None,[],0.1586,0.3751,0.1219,0,normal
2024-07-13 02:20:00,AWS_Chennai_001,25.65,1002.66,91.58,0,0.0844,NORMAL,None,[],0.1338,0.137,0.1185,0,normal
2024-07-13 02:30:00,AWS_Chennai_001,25.38,1002.67,92.13,0,0.0773,NORMAL,None,[],0.0792,0.1985,0.1187,0,normal
2024-07-13 02:40:00,AWS_Chennai_001,25.21,1002.87,93.04,0,0.0947,NORMAL,None,[],0.0939,0.2881,0.1165,0,normal
2024-07-13 02:50:00,AWS_Chennai_001,25.2,1002.68,94.78,0,0.0983,NORMAL,None,[],0.1046,0.2949,0.1133,0,normal
2024-07-13 03:00:00,AWS_Chennai_001,25.18,1002.42,96.53,0,0.0933,NORMAL,None,[],0.0894,0.2839,0.1192,0,normal
2024-07-13 03:10:00,AWS_Chennai_001,25.74,1002.4,94.82,0,0.0775,NORMAL,None,[],0.1075,0.1346,0.1251,0,normal
2024-07-13 03:20:00,AWS_Chennai_001,26.04,1002.63,95.79,0,0.1006,NORMAL,None,[],0.1019,0.3011,0.1244,0,normal
2024-07-13 03:30:00,AWS_Chennai_001,25.36,1002.54,94.3,0,0.079,NORMAL,None,[],0.1233,0.1091,0.1281,0,normal
2024-07-13 03:40:00,AWS_Chennai_001,25.52,1002.77,94.25,0,0.0784,NORMAL,None,[],0.1145,0.1175,0.1321,0,normal
2024-07-13 03:50:00,AWS_Chennai_001,25.44,1002.55,92.19,0,0.0772,NORMAL,None,[],0.1109,0.126,0.125,0,normal
2024-07-13 04:00:00,AWS_Chennai_001,25.42,1002.74,91.49,0,0.0822,NORMAL,None,[],0.0933,0.2032,0.1187,0,normal
2024-07-13 04:10:00,AWS_Chennai_001,25.23,1002.54,89.66,0,0.0887,NORMAL,None,[],0.0973,0.234,0.1219,0,normal
2024-07-13 04:20:00,AWS_Chennai_001,25.5,1002.47,91.06,0,0.0639,NORMAL,None,[],0.0696,0.1256,0.1208,0,normal
2024-07-13 04:30:00,AWS_Chennai_001,24.93,1002.4,93.41,0,0.0841,NORMAL,None,[],0.0901,0.2268,0.1155,0,normal
2024-07-13 04:40:00,AWS_Chennai_001,24.58,1002.22,93.2,0,0.0945,NORMAL,None,[],0.0673,0.3388,0.1175,0,normal
2024-07-13 04:50:00,AWS_Chennai_001,24.6,1002.25,93.01,0,0.0828,NORMAL,None,[],0.0547,0.286,0.1176,0,normal
2024-07-13 05:00:00,AWS_Chennai_001,24.84,1002.21,91.38,0,0.0788,NORMAL,None,[],0.04,0.2864,0.1193,0,normal
2024-07-13 05:10:00,AWS_Chennai_001,24.91,1001.96,91.49,0,0.0961,NORMAL,None,[],0.0886,0.3015,0.1217,0,normal
2024-07-13 05:20:00,AWS_Chennai_001,24.85,1002.0,92.11,0,0.0886,NORMAL,None,[],0.095,0.2428,0.1183,0,normal
2024-07-13 05:30:00,AWS_Chennai_001,24.43,1002.09,92.92,0,0.0857,NORMAL,None,[],0.0922,0.2303,0.1173,0,normal
2024-07-13 05:40:00,AWS_Chennai_001,24.69,1001.72,89.86,0,0.1281,NORMAL,None,[],0.1659,0.3571,0.124,0,normal
2024-07-13 05:50:00,AWS_Chennai_001,25.14,1001.62,90.2,0,0.0972,NORMAL,None,[],0.1139,0.2483,0.129,0,normal
2024-07-13 06:00:00,AWS_Chennai_001,24.59,1001.64,88.86,0,0.1127,NORMAL,None,[],0.1127,0.341,0.1384,0,normal
2024-07-13 06:10:00,AWS_Chennai_001,24.68,1001.74,88.14,0,0.0995,NORMAL,None,[],0.093,0.2923,0.139,0,normal
2024-07-13 06:20:00,AWS_Chennai_001,25.11,1001.56,90.93,0,0.08,NORMAL,None,[],0.1066,0.1654,0.1161,0,normal
2024-07-13 06:30:00,AWS_Chennai_001,25.16,1001.64,89.86,0,0.0957,NORMAL,None,[],0.1425,0.191,0.1213,0,normal
2024-07-13 06:40:00,AWS_Chennai_001,25.5,1001.56,89.25,0,0.1073,NORMAL,None,[],0.129,0.2891,0.1261,0,normal
2024-07-13 06:50:00,AWS_Chennai_001,25.69,1001.38,89.64,0,0.1043,NORMAL,None,[],0.1098,0.3111,0.1233,0,normal
2024-07-13 07:00:00,AWS_Chennai_001,26.12,1001.33,91.28,0,0.1211,NORMAL,None,[],0.1591,0.3103,0.1343,0,normal
2024-07-13 07:10:00,AWS_Chennai_001,26.71,1001.18,91.05,0,0.1305,NORMAL,None,[],0.1734,0.3277,0.1467,0,normal
2024-07-13 07:20:00,AWS_Chennai_001,27.34,1001.13,90.67,0,0.1244,NORMAL,None,[],0.1504,0.3343,0.1458,0,normal
2024-07-13 07:30:00,AWS_Chennai_001,27.5,1001.02,91.59,0,0.1282,NORMAL,None,[],0.1686,0.3319,0.139,0,normal
2024-07-13 07:40:00,AWS_Chennai_001,27.85,1001.09,91.4,0,0.1204,NORMAL,None,[],0.1562,0.2943,0.1469,0,normal
2024-07-13 07:50:00,AWS_Chennai_001,27.96,1000.91,90.47,0,0.1114,NORMAL,None,[],0.1381,0.2689,0.1481,0,normal
2024-07-13 08:00:00,AWS_Chennai_001,28.47,1000.96,87.59,0,0.1376,NORMAL,None,[],0.1649,0.3949,0.1446,0,normal
2024-07-13 08:10:00,AWS_Chennai_001,29.32,1000.85,87.12,0,0.1409,NORMAL,None,[],0.1745,0.4084,0.1363,0,normal
2024-07-13 08:20:00,AWS_Chennai_001,29.65,1001.09,85.55,0,0.1452,NORMAL,None,[],0.2034,0.3706,0.143,0,normal
2024-07-13 08:30:00,AWS_Chennai_001,29.65,1000.93,85.66,0,0.1517,NORMAL,None,[],0.2307,0.355,0.1461,0,normal
2024-07-13 08:40:00,AWS_Chennai_001,30.07,1000.94,88.19,0,0.1145,NORMAL,None,[],0.1639,0.2401,0.1463,0,normal
2024-07-13 08:50:00,AWS_Chennai_001,30.2,1000.96,85.16,0,0.1379,NORMAL,None,[],0.2096,0.3088,0.1437,0,normal
2024-07-13 09:00:00,AWS_Chennai_001,29.77,1001.05,85.65,0,0.1197,NORMAL,None,[],0.1897,0.2245,0.1455,0,normal
2024-07-13 09:10:00,AWS_Chennai_001,29.73,1001.05,86.24,0,0.115,NORMAL,None,[],0.194,0.1835,0.1465,0,normal
2024-07-13 09:20:00,AWS_Chennai_001,29.95,1000.94,85.79,0,0.1247,NORMAL,None,[],0.2079,0.216,0.1498,0,normal
2024-07-13 09:30:00,AWS_Chennai_001,30.85,1001.08,84.81,0,0.1274,NORMAL,None,[],0.223,0.2051,0.1488,0,normal
2024-07-13 09:40:00,AWS_Chennai_001,31.37,1001.13,84.65,0,0.1356,NORMAL,None,[],0.219,0.2477,0.1636,0,normal
2024-07-13 09:50:00,AWS_Chennai_001,31.7,1001.18,82.41,0,0.153,NORMAL,None,[],0.229,0.3351,0.1704,0,normal
2024-07-13 10:00:00,AWS_Chennai_001,32.03,1001.17,82.14,0,0.1433,NORMAL,None,[],0.1938,0.342,0.1691,0,normal
2024-07-13 10:10:00,AWS_Chennai_001,31.98,1001.27,82.25,0,0.137,NORMAL,None,[],0.1573,0.3689,0.1723,0,normal
2024-07-13 10:20:00,AWS_Chennai_001,32.21,1001.35,82.58,0,0.1294,NORMAL,None,[],0.1357,0.3651,0.1696,0,normal
2024-07-13 10:30:00,AWS_Chennai_001,32.72,1001.17,84.89,0,0.1094,NORMAL,None,[],0.1464,0.2051,0.1738,0,normal
2024-07-13 10:40:00,AWS_Chennai_001,32.94,1001.15,85.9,0,0.1003,NORMAL,None,[],0.1393,0.1837,0.1548,0,normal
2024-07-13 10:50:00,AWS_Chennai_001,33.11,1001.44,85.83,0,0.1275,NORMAL,None,[],0.1672,0.3105,0.1537,0,normal
2024-07-13 11:00:00,AWS_Chennai_001,33.6,1001.51,84.94,0,0.1178,NORMAL,None,[],0.145,0.2885,0.1553,0,normal
2024-07-13 11:10:00,AWS_Chennai_001,33.98,1001.8,86.42,0,0.1558,NORMAL,None,[],0.2072,0.3975,0.1702,0,normal
2024-07-13 11:20:00,AWS_Chennai_001,34.32,1001.97,87.54,0,0.1576,NORMAL,None,[],0.2086,0.4192,0.1606,0,normal
2024-07-13 11:30:00,AWS_Chennai_001,34.77,1002.18,84.12,0,0.1469,NORMAL,None,[],0.1987,0.346,0.177,0,normal
2024-07-13 11:40:00,AWS_Chennai_001,34.68,1002.33,84.91,0,0.1281,NORMAL,None,[],0.1669,0.2823,0.1784,0,normal
2024-07-13 11:50:00,AWS_Chennai_001,34.19,1002.31,82.18,0,0.1313,NORMAL,None,[],0.157,0.3249,0.1774,0,normal
2024-07-13 12:00:00,AWS_Chennai_001,33.94,1002.37,81.03,0,0.1211,NORMAL,None,[],0.1323,0.3206,0.1664,0,normal
2024-07-13 12:10:00,AWS_Chennai_001,33.93,1002.35,81.27,0,0.103,NORMAL,None,[],0.099,0.2712,0.1631,0,normal
2024-07-13 12:20:00,AWS_Chennai_001,34.32,1002.26,80.86,0,0.1018,NORMAL,None,[],0.0921,0.2655,0.1716,0,normal
2024-07-13 12:30:00,AWS_Chennai_001,34.52,1002.26,81.84,0,0.1047,NORMAL,None,[],0.1176,0.2198,0.1824,0,normal
2024-07-13 12:40:00,AWS_Chennai_001,34.65,1002.49,80.06,0,0.127,NORMAL,None,[],0.1679,0.2901,0.1656,0,normal
2024-07-13 12:50:00,AWS_Chennai_001,35.5,1002.44,82.08,0,0.1325,NORMAL,None,[],0.2003,0.2515,0.1734,0,normal
2024-07-13 13:00:00,AWS_Chennai_001,35.86,1002.75,83.13,0,0.1511,NORMAL,None,[],0.2552,0.2568,0.1799,0,normal
2024-07-13 13:10:00,AWS_Chennai_001,35.66,1002.34,81.83,0,0.1301,NORMAL,None,[],0.2085,0.2115,0.1789,0,normal
2024-07-13 13:20:00,AWS_Chennai_001,35.99,1002.44,80.17,0,0.1341,NORMAL,None,[],0.1905,0.2792,0.1751,0,normal
2024-07-13 13:30:00,AWS_Chennai_001,35.62,1002.31,79.41,0,0.1195,NORMAL,None,[],0.1667,0.2246,0.1788,0,normal
2024-07-13 13:40:00,AWS_Chennai_001,35.59,1002.6,79.83,0,0.1218,NORMAL,None,[],0.1677,0.2436,0.1745,0,normal
2024-07-13 13:50:00,AWS_Chennai_001,35.43,1002.71,78.61,0,0.1171,NORMAL,None,[],0.1411,0.2684,0.1725,0,normal
2024-07-13 14:00:00,AWS_Chennai_001,35.85,1002.51,79.61,0,0.1106,NORMAL,None,[],0.1463,0.2107,0.1755,0,normal
2024-07-13 14:10:00,AWS_Chennai_001,35.38,1002.49,80.65,0,0.0958,NORMAL,None,[],0.1484,0.1088,0.1749,0,normal
2024-07-13 14:20:00,AWS_Chennai_001,35.48,1002.49,80.81,0,0.0943,NORMAL,None,[],0.1657,0.0945,0.1523,0,normal
2024-07-13 14:30:00,AWS_Chennai_001,34.97,1002.31,81.63,0,0.104,NORMAL,None,[],0.1981,0.1007,0.1474,0,normal
2024-07-13 14:40:00,AWS_Chennai_001,35.49,1002.48,81.98,0,0.1197,NORMAL,None,[],0.2394,0.1253,0.1457,0,normal
2024-07-13 14:50:00,AWS_Chennai_001,35.75,1002.55,83.28,0,0.1322,NORMAL,None,[],0.2214,0.2442,0.1456,0,normal
2024-07-13 15:00:00,AWS_Chennai_001,35.73,1002.57,80.9,0,0.1095,NORMAL,None,[],0.2123,0.1128,0.1446,0,normal
2024-07-13 15:10:00,AWS_Chennai_001,35.71,1002.64,82.16,0,0.1185,NORMAL,None,[],0.2059,0.1908,0.1403,0,normal
2024-07-13 15:20:00,AWS_Chennai_001,35.53,1002.69,81.44,0,0.0988,NORMAL,None,[],0.1745,0.1264,0.1374,0,normal
2024-07-13 15:30:00,AWS_Chennai_001,35.88,1002.62,80.67,0,0.101,NORMAL,None,[],0.1703,0.1473,0.1389,0,normal
2024-07-13 15:40:00,AWS_Chennai_001,35.75,1002.37,79.47,0,0.1074,NORMAL,None,[],0.1682,0.2064,0.1297,0,normal
2024-07-13 15:50:00,AWS_Chennai_001,35.13,1002.64,80.26,0,0.1224,NORMAL,None,[],0.2091,0.2289,0.1265,0,normal
2024-07-13 16:00:00,AWS_Chennai_001,34.76,1002.46,83.63,0,0.145,NORMAL,None,[],0.2224,0.3608,0.1208,0,normal
2024-07-13 16:10:00,AWS_Chennai_001,34.09,1002.44,85.71,0,0.162,NORMAL,None,[],0.2256,0.4584,0.1277,0,normal
2024-07-13 16:20:00,AWS_Chennai_001,33.75,1002.27,83.72,0,0.1413,NORMAL,None,[],0.1643,0.4265,0.14,0,normal
2024-07-13 16:30:00,AWS_Chennai_001,33.87,1002.15,82.36,0,0.1208,NORMAL,None,[],0.1292,0.3561,0.143,0,normal
2024-07-13 16:40:00,AWS_Chennai_001,33.21,1002.04,83.71,0,0.1387,NORMAL,None,[],0.161,0.4255,0.1329,0,normal
2024-07-13 16:50:00,AWS_Chennai_001,33.28,1002.03,82.93,0,0.105,NORMAL,None,[],0.097,0.3294,0.1325,0,normal
2024-07-13 17:00:00,AWS_Chennai_001,32.85,1001.77,83.72,0,0.1236,NORMAL,None,[],0.1264,0.3965,0.131,0,normal
2024-07-13 17:10:00,AWS_Chennai_001,32.69,1001.73,84.39,0,0.1097,NORMAL,None,[],0.0889,0.3767,0.1327,0,normal
2024-07-13 17:20:00,AWS_Chennai_001,32.74,1001.8,81.59,0,0.092,NORMAL,None,[],0.0744,0.267,0.1483,0,normal
2024-07-13 17:30:00,AWS_Chennai_001,32.45,1001.81,81.81,0,0.0813,NORMAL,None,[],0.0544,0.2429,0.1429,0,normal
2024-07-13 17:40:00,AWS_Chennai_001,32.1,1001.75,84.78,0,0.0906,NORMAL,None,[],0.0568,0.3124,0.1336,0,normal
2024-07-13 17:50:00,AWS_Chennai_001,32.34,1001.74,84.35,0,0.105,NORMAL,None,[],0.077,0.2553,0.2181,0,normal
2024-07-13 18:00:00,AWS_Chennai_001,32.13,1001.83,85.32,0,0.0935,NORMAL,None,[],0.0886,0.2584,0.1408,0,normal
2024-07-13 18:10:00,AWS_Chennai_001,31.46,1001.78,85.94,0,0.0997,NORMAL,None,[],0.0516,0.2925,0.2017,0,normal
2024-07-13 18:20:00,AWS_Chennai_001,30.8,1001.75,87.22,0,0.1089,NORMAL,None,[],0.0776,0.3332,0.1782,0,normal
2024-07-13 18:30:00,AWS_Chennai_001,30.68,1001.9,85.5,0,0.0772,NORMAL,None,[],0.0629,0.2183,0.1278,0,normal
2024-07-13 18:40:00,AWS_Chennai_001,30.47,1001.76,87.17,0,0.0868,NORMAL,None,[],0.0538,0.3003,0.128,0,normal
2024-07-13 18:50:00,AWS_Chennai_001,30.51,1001.51,86.92,0,0.0871,NORMAL,None,[],0.0401,0.3317,0.1264,0,normal
2024-07-13 19:00:00,AWS_Chennai_001,29.94,1001.44,87.15,0,0.0881,NORMAL,None,[],0.0335,0.3565,0.123,0,normal
2024-07-13 19:10:00,AWS_Chennai_001,30.08,1001.47,89.02,0,0.0943,NORMAL,None,[],0.0456,0.3719,0.1244,0,normal
2024-07-13 19:20:00,AWS_Chennai_001,30.12,1001.26,89.3,0,0.0983,NORMAL,None,[],0.048,0.3931,0.1249,0,normal
2024-07-13 19:30:00,AWS_Chennai_001,30.15,1001.43,90.61,0,0.1015,NORMAL,None,[],0.0802,0.332,0.1383,0,normal
2024-07-13 19:40:00,AWS_Chennai_001,29.37,1001.45,90.63,0,0.1002,NORMAL,None,[],0.0761,0.3278,0.1413,0,normal
2024-07-13 19:50:00,AWS_Chennai_001,29.37,1001.3,90.89,0,0.1214,NORMAL,None,[],0.1356,0.3477,0.1428,0,normal
2024-07-13 20:00:00,AWS_Chennai_001,29.05,1001.46,91.91,0,0.1248,NORMAL,None,[],0.1723,0.2938,0.1451,0,normal
2024-07-13 20:10:00,AWS_Chennai_001,28.78,1001.33,91.33,0,0.113,NORMAL,None,[],0.1287,0.3045,0.1434,0,normal
2024-07-13 20:20:00,AWS_Chennai_001,29.09,1001.27,94.46,0,0.1407,NORMAL,None,[],0.1973,0.3383,0.1538,0,normal
2024-07-13 20:30:00,AWS_Chennai_001,28.94,1001.07,96.08,0,0.1422,NORMAL,None,[],0.1734,0.3923,0.1566,0,normal
2024-07-13 20:40:00,AWS_Chennai_001,28.13,1001.07,99.43,0,0.2101,NORMAL,None,[],0.3445,0.429,0.2119,0,normal
2024-07-13 20:50:00,AWS_Chennai_001,28.48,1001.26,100.0,0,0.182,NORMAL,None,[],0.3119,0.3142,0.2064,0,normal
2024-07-13 21:00:00,AWS_Chennai_001,28.67,1001.14,100.0,0,0.2063,NORMAL,None,[],0.3704,0.3004,0.2508,0,normal
2024-07-13 21:10:00,AWS_Chennai_001,28.6,1001.35,100.0,0,0.1946,NORMAL,None,[],0.383,0.2136,0.2383,0,normal
2024-07-13 21:20:00,AWS_Chennai_001,28.28,1001.13,99.72,0,0.1995,NORMAL,None,[],0.3822,0.2775,0.2161,0,normal
2024-07-13 21:30:00,AWS_Chennai_001,28.57,1000.92,99.05,0,0.1906,NORMAL,None,[],0.3517,0.292,0.2064,0,normal
2024-07-13 21:40:00,AWS_Chennai_001,27.81,1000.83,99.3,0,0.1926,NORMAL,None,[],0.3077,0.3604,0.231,0,normal
2024-07-13 21:50:00,AWS_Chennai_001,27.66,1000.73,100.0,0,0.1858,NORMAL,None,[],0.29,0.364,0.2212,0,normal
2024-07-13 22:00:00,AWS_Chennai_001,27.4,1000.51,100.0,0,0.1974,NORMAL,None,[],0.3198,0.3794,0.2227,0,normal
2024-07-13 22:10:00,AWS_Chennai_001,27.6,1000.63,98.2,0,0.1547,NORMAL,None,[],0.2468,0.2619,0.207,0,normal
2024-07-13 22:20:00,AWS_Chennai_001,27.15,1000.72,98.17,0,0.1538,NORMAL,None,[],0.2557,0.2486,0.1989,0,normal
2024-07-13 22:30:00,AWS_Chennai_001,26.61,1000.63,98.64,0,0.1615,NORMAL,None,[],0.2515,0.2918,0.2112,0,normal
2024-07-13 22:40:00,AWS_Chennai_001,26.15,1000.86,97.78,0,0.1452,NORMAL,None,[],0.2358,0.2094,0.2153,0,normal
2024-07-13 22:50:00,AWS_Chennai_001,26.44,1000.83,98.55,0,0.1276,NORMAL,None,[],0.1961,0.1804,0.2087,0,normal
2024-07-13 23:00:00,AWS_Chennai_001,26.44,1001.18,97.3,0,0.1444,NORMAL,None,[],0.2441,0.1972,0.208,0,normal
2024-07-13 23:10:00,AWS_Chennai_001,26.99,1001.48,96.08,0,0.1646,NORMAL,None,[],0.2627,0.3018,0.2025,0,normal
2024-07-13 23:20:00,AWS_Chennai_001,26.72,1001.6,97.07,0,0.1689,NORMAL,None,[],0.2689,0.3043,0.2127,0,normal
2024-07-13 23:30:00,AWS_Chennai_001,26.34,1001.47,94.27,0,0.1779,NORMAL,None,[],0.2604,0.3956,0.2024,0,normal
2024-07-13 23:40:00,AWS_Chennai_001,26.73,1001.53,91.55,0,0.1742,NORMAL,None,[],0.2664,0.3718,0.1926,0,normal
2024-07-13 23:50:00,AWS_Chennai_001,26.56,1001.72,92.23,0,0.1597,NORMAL,None,[],0.2286,0.3432,0.198,0,normal
2024-07-14 00:00:00,AWS_Chennai_001,27.05,1001.83,91.82,0,0.1422,NORMAL,None,[],0.2089,0.2782,0.1888,0,normal
2024-07-14 00:10:00,AWS_Chennai_001,27.04,1002.13,92.87,0,0.1399,NORMAL,None,[],0.1974,0.2542,0.2127,0,normal
2024-07-14 00:20:00,AWS_Chennai_001,26.9,1002.03,92.65,0,0.1281,NORMAL,None,[],0.1744,0.2229,0.2119,0,normal
2024-07-14 00:30:00,AWS_Chennai_001,26.41,1002.16,93.28,0,0.1326,NORMAL,None,[],0.1577,0.2583,0.2326,0,normal
2024-07-14 00:40:00,AWS_Chennai_001,26.04,1002.09,94.52,0,0.1226,NORMAL,None,[],0.1516,0.2463,0.2008,0,normal
2024-07-14 00:50:00,AWS_Chennai_001,25.98,1002.24,93.55,0,0.1161,NORMAL,None,[],0.129,0.2689,0.1853,0,normal
2024-07-14 01:00:00,AWS_Chennai_001,25.69,1002.25,91.76,0,0.1078,NORMAL,None,[],0.1029,0.3247,0.1411,0,normal
2024-07-14 01:10:00,AWS_Chennai_001,25.48,1002.46,90.87,0,0.1192,NORMAL,None,[],0.1231,0.3651,0.1378,0,normal
2024-07-14 01:20:00,AWS_Chennai_001,25.93,1002.65,92.31,0,0.1045,NORMAL,None,[],0.13,0.251,0.1391,0,normal
2024-07-14 01:30:00,AWS_Chennai_001,25.99,1002.59,90.7,0,0.0939,NORMAL,None,[],0.0961,0.2569,0.1328,0,normal
2024-07-14 01:40:00,AWS_Chennai_001,25.59,1002.66,94.42,0,0.11,NORMAL,None,[],0.158,0.2389,0.1336,0,normal
2024-07-14 01:50:00,AWS_Chennai_001,25.71,1002.93,94.12,0,0.1018,NORMAL,None,[],0.1307,0.2432,0.1304,0,normal
2024-07-14 02:00:00,AWS_Chennai_001,25.5,1003.07,93.33,0,0.0964,NORMAL,None,[],0.1126,0.2427,0.1313,0,normal
2024-07-14 02:10:00,AWS_Chennai_001,25.39,1003.1,91.7,0,0.1022,NORMAL,None,[],0.1102,0.2844,0.1323,0,normal
2024-07-14 02:20:00,AWS_Chennai_001,25.44,1003.09,89.81,0,0.1059,NORMAL,None,[],0.0939,0.3412,0.1325,0,normal
2024-07-14 02:30:00,AWS_Chennai_001,25.43,1003.2,88.76,0,0.1164,NORMAL,None,[],0.1219,0.3544,0.1335,0,normal
2024-07-14 02:40:00,AWS_Chennai_001,26.11,1003.02,87.66,0,0.1096,NORMAL,None,[],0.1416,0.262,0.1392,0,normal
2024-07-14 02:50:00,AWS_Chennai_001,26.23,1003.04,86.48,0,0.1004,NORMAL,None,[],0.1001,0.275,0.1454,0,normal
2024-07-14 03:00:00,AWS_Chennai_001,26.38,1002.85,87.94,0,0.0783,NORMAL,None,[],0.0697,0.2076,0.1315,0,normal
2024-07-14 03:10:00,AWS_Chennai_001,26.68,1002.94,88.49,0,0.0831,NORMAL,None,[],0.0617,0.2496,0.1358,0,normal
2024-07-14 03:20:00,AWS_Chennai_001,26.4,1002.79,89.84,0,0.065,NORMAL,None,[],0.0626,0.1394,0.1266,0,normal
2024-07-14 03:30:00,AWS_Chennai_001,26.56,1002.71,90.3,0,0.0581,NORMAL,None,[],0.0344,0.1446,0.1306,0,normal
2024-07-14 03:40:00,AWS_Chennai_001,27.1,1002.65,91.08,0,0.0775,NORMAL,None,[],0.0592,0.2144,0.1378,0,normal
2024-07-14 03:50:00,AWS_Chennai_001,27.1,1002.75,93.8,0,0.1158,NORMAL,None,[],0.1601,0.2569,0.1463,0,normal
2024-07-14 04:00:00,AWS_Chennai_001,27.37,1002.59,94.1,0,0.1247,NORMAL,None,[],0.148,0.3259,0.1572,0,normal
2024-07-14 04:10:00,AWS_Chennai_001,26.6,1002.51,91.17,0,0.0958,NORMAL,None,[],0.1349,0.1718,0.1477,0,normal
2024-07-14 04:20:00,AWS_Chennai_001,26.11,1002.53,94.57,0,0.1118,NORMAL,None,[],0.1653,0.2155,0.1496,0,normal
2024-07-14 04:30:00,AWS_Chennai_001,26.2,1002.77,91.18,0,0.0876,NORMAL,None,[],0.1802,0.0319,0.1441,0,normal
2024-07-14 04:40:00,AWS_Chennai_001,25.78,1002.61,90.17,0,0.0947,NORMAL,None,[],0.142,0.1531,0.1455,0,normal
2024-07-14 04:50:00,AWS_Chennai_001,26.04,1002.42,88.91,0,0.0934,NORMAL,None,[],0.1137,0.1999,0.1467,0,normal
2024-07-14 05:00:00,AWS_Chennai_001,25.98,1002.03,88.19,0,0.1011,NORMAL,None,[],0.0921,0.289,0.1507,0,normal
2024-07-14 05:10:00,AWS_Chennai_001,26.25,1001.95,88.21,0,0.1003,NORMAL,None,[],0.116,0.2333,0.1524,0,normal
2024-07-14 05:20:00,AWS_Chennai_001,26.44,1001.83,87.55,0,0.0953,NORMAL,None,[],0.0976,0.2401,0.1498,0,normal
2024-07-14 05:30:00,AWS_Chennai_001,26.5,1001.82,86.78,0,0.0892,NORMAL,None,[],0.082,0.2395,0.1432,0,normal
2024-07-14 05:40:00,AWS_Chennai_001,26.26,1001.84,84.4,0,0.1033,NORMAL,None,[],0.0846,0.2907,0.1717,0,normal
2024-07-14 05:50:00,AWS_Chennai_001,26.18,1001.74,83.14,0,0.1102,NORMAL,None,[],0.0909,0.3178,0.1763,0,normal
2024-07-14 06:00:00,AWS_Chennai_001,26.17,1001.77,85.85,0,0.0972,NORMAL,None,[],0.091,0.2274,0.179,0,normal
2024-07-14 06:10:00,AWS_Chennai_001,25.94,1001.65,85.95,0,0.1022,NORMAL,None,[],0.0892,0.2586,0.1831,0,normal
2024-07-14 06:20:00,AWS_Chennai_001,26.23,1001.36,86.06,0,0.0971,NORMAL,None,[],0.0995,0.2252,0.1672,0,normal
2024-07-14 06:30:00,AWS_Chennai_001,53.44,1046.15,99.81,1,0.9423,CRITICAL,Multivariate Inconsistency (Hot+Humid) | Spike / Transient Fault - Temperature | Spike / Transient Fault - Pressure,"['impossible_hot_humid', 'spike_temp', 'spike_pressure']",0.9449,0.7748,0.9633,1,multivariate_inconsistency
2024-07-14 06:40:00,AWS_Chennai_001,26.68,1001.23,84.75,1,0.6047,MEDIUM,Spike / Transient Fault - Temperature | Spike / Transient Fault - Pressure,"['spike_temp', 'spike_pressure']",0.749,0.1124,0.0655,0,normal
2024-07-14 06:50:00,AWS_Chennai_001,27.41,1001.33,84.08,0,0.2374,NORMAL,None,[],0.6978,0.1052,0.0616,0,normal
2024-07-14 07:00:00,AWS_Chennai_001,27.76,1001.31,82.04,0,0.2423,NORMAL,None,[],0.7059,0.1238,0.06,0,normal
2024-07-14 07:10:00,AWS_Chennai_001,28.67,1001.36,83.57,0,0.2348,NORMAL,None,[],0.6722,0.0954,0.0944,0,normal
2024-07-14 07:20:00,AWS_Chennai_001,28.65,1001.13,82.76,0,0.2163,NORMAL,None,[],0.6378,0.1012,0.0487,0,normal
2024-07-14 07:30:00,AWS_Chennai_001,28.89,1001.07,81.22,0,0.1754,NORMAL,None,[],0.4722,0.1185,0.0796,0,normal
2024-07-14 07:40:00,AWS_Chennai_001,29.32,1000.96,83.43,0,0.1461,NORMAL,None,[],0.3939,0.0764,0.0824,0,normal
2024-07-14 07:50:00,AWS_Chennai_001,29.45,1000.88,83.15,0,0.1382,NORMAL,None,[],0.3705,0.0751,0.0791,0,normal
2024-07-14 08:00:00,AWS_Chennai_001,29.68,1000.91,81.31,0,0.1466,NORMAL,None,[],0.3852,0.1,0.08,0,normal
2024-07-14 08:10:00,AWS_Chennai_001,30.49,1001.02,83.29,0,0.1536,NORMAL,None,[],0.4296,0.066,0.0739,0,normal
2024-07-14 08:20:00,AWS_Chennai_001,30.33,1001.06,84.59,0,0.1414,NORMAL,None,[],0.4039,0.0347,0.0753,0,normal
2024-07-14 08:30:00,AWS_Chennai_001,30.99,1000.78,83.07,0,0.1579,NORMAL,None,[],0.4415,0.0652,0.0782,0,normal
2024-07-14 08:40:00,AWS_Chennai_001,31.07,1000.83,81.26,0,0.1461,NORMAL,None,[],0.3916,0.0911,0.0746,0,normal
2024-07-14 08:50:00,AWS_Chennai_001,31.62,1000.68,78.31,0,0.1665,NORMAL,None,[],0.4375,0.1373,0.0736,0,normal
2024-07-14 09:00:00,AWS_Chennai_001,31.88,1000.64,78.45,0,0.1587,NORMAL,None,[],0.4179,0.1238,0.0739,0,normal
2024-07-14 09:10:00,AWS_Chennai_001,32.04,1000.88,79.5,0,0.1548,NORMAL,None,[],0.4157,0.096,0.0785,0,normal
2024-07-14 09:20:00,AWS_Chennai_001,32.2,1000.69,78.81,0,0.1526,NORMAL,None,[],0.4074,0.0988,0.078,0,normal
2024-07-14 09:30:00,AWS_Chennai_001,32.25,1000.49,80.01,0,0.1156,NORMAL,None,[],0.1338,0.3,0.1522,0,normal
2024-07-14 09:40:00,AWS_Chennai_001,32.02,1000.32,78.85,0,0.1221,NORMAL,None,[],0.1339,0.3302,0.162,0,normal
2024-07-14 09:50:00,AWS_Chennai_001,31.87,1000.31,76.73,0,0.1203,NORMAL,None,[],0.1317,0.3472,0.1438,0,normal
2024-07-14 10:00:00,AWS_Chennai_001,32.0,1000.35,77.37,0,0.1133,NORMAL,None,[],0.1381,0.289,0.1426,0,normal
2024-07-14 10:10:00,AWS_Chennai_001,32.31,1000.4,77.92,0,0.104,NORMAL,None,[],0.1229,0.2532,0.1459,0,normal
2024-07-14 10:20:00,AWS_Chennai_001,32.45,1000.68,76.84,0,0.0954,NORMAL,None,[],0.1243,0.1927,0.1459,0,normal
2024-07-14 10:30:00,AWS_Chennai_001,32.5,1000.75,75.77,0,0.1009,NORMAL,None,[],0.1224,0.2076,0.1654,0,normal
2024-07-14 10:40:00,AWS_Chennai_001,33.09,1000.91,76.94,0,0.1233,NORMAL,None,[],0.1708,0.2502,0.1728,0,normal
2024-07-14 10:50:00,AWS_Chennai_001,33.43,1001.07,75.95,0,0.1327,NORMAL,None,[],0.1693,0.3244,0.1662,0,normal
2024-07-14 11:00:00,AWS_Chennai_001,33.76,1000.99,74.64,0,0.1304,NORMAL,None,[],0.1529,0.3334,0.1726,0,normal
2024-07-14 11:10:00,AWS_Chennai_001,34.04,1001.07,75.19,0,0.1274,NORMAL,None,[],0.1442,0.3327,0.1712,0,normal
2024-07-14 11:20:00,AWS_Chennai_001,34.01,1001.04,74.79,0,0.1169,NORMAL,None,[],0.1238,0.3214,0.1579,0,normal
2024-07-14 11:30:00,AWS_Chennai_001,34.18,1001.08,76.19,0,0.1172,NORMAL,None,[],0.1465,0.2704,0.1635,0,normal
2024-07-14 11:40:00,AWS_Chennai_001,34.23,1000.92,76.93,0,0.0948,NORMAL,None,[],0.1214,0.1783,0.1584,0,normal
2024-07-14 11:50:00,AWS_Chennai_001,34.71,1001.08,78.26,0,0.1288,NORMAL,None,[],0.195,0.2674,0.1508,0,normal
2024-07-14 12:00:00,AWS_Chennai_001,34.56,1001.24,79.13,0,0.1253,NORMAL,None,[],0.1764,0.3032,0.1343,0,normal
2024-07-14 12:10:00,AWS_Chennai_001,34.66,1001.16,79.26,0,0.1162,NORMAL,None,[],0.1592,0.2783,0.1334,0,normal
2024-07-14 12:20:00,AWS_Chennai_001,35.17,1001.19,82.42,0,0.1597,NORMAL,None,[],0.2457,0.3848,0.1414,0,normal
2024-07-14 12:30:00,AWS_Chennai_001,35.19,1001.35,80.7,0,0.1333,NORMAL,None,[],0.1904,0.3258,0.1368,0,normal
2024-07-14 12:40:00,AWS_Chennai_001,34.62,1001.59,81.49,0,0.1372,NORMAL,None,[],0.2069,0.3268,0.1305,0,normal
2024-07-14 12:50:00,AWS_Chennai_001,33.86,1001.64,80.71,0,0.1177,NORMAL,None,[],0.1932,0.2272,0.1283,0,normal
2024-07-14 13:00:00,AWS_Chennai_001,34.23,1001.84,79.2,0,0.1185,NORMAL,None,[],0.1979,0.2198,0.1307,0,normal
2024-07-14 13:10:00,AWS_Chennai_001,34.61,1001.91,79.36,0,0.1165,NORMAL,None,[],0.1796,0.2449,0.1293,0,normal
2024-07-14 13:20:00,AWS_Chennai_001,34.81,1002.12,76.72,0,0.1264,NORMAL,None,[],0.196,0.2653,0.139,0,normal
2024-07-14 13:30:00,AWS_Chennai_001,34.6,1001.99,77.68,0,0.1006,NORMAL,None,[],0.1649,0.1705,0.128,0,normal
2024-07-14 13:40:00,AWS_Chennai_001,35.34,1001.89,76.51,0,0.1201,NORMAL,None,[],0.1794,0.2672,0.1307,0,normal
2024-07-14 13:50:00,AWS_Chennai_001,35.58,1002.15,77.44,0,0.1276,NORMAL,None,[],0.1915,0.287,0.1357,0,normal
2024-07-14 14:00:00,AWS_Chennai_001,35.63,1001.99,77.12,0,0.1166,NORMAL,None,[],0.1703,0.2551,0.1364,0,normal
2024-07-14 14:10:00,AWS_Chennai_001,35.56,1002.32,77.13,0,0.125,NORMAL,None,[],0.1769,0.2748,0.1536,0,normal
2024-07-14 14:20:00,AWS_Chennai_001,35.48,1002.33,75.72,0,0.1181,NORMAL,None,[],0.1525,0.2993,0.1373,0,normal
2024-07-14 14:30:00,AWS_Chennai_001,36.05,1002.26,74.58,0,0.1349,NORMAL,None,[],0.1743,0.3605,0.1427,0,normal
2024-07-14 14:40:00,AWS_Chennai_001,36.08,1002.17,75.52,0,0.1166,NORMAL,None,[],0.1576,0.2846,0.133,0,normal
2024-07-14 14:50:00,AWS_Chennai_001,36.43,1002.05,75.25,0,0.1127,NORMAL,None,[],0.1511,0.2701,0.1344,0,normal
2024-07-14 15:00:00,AWS_Chennai_001,36.11,1002.13,76.81,0,0.1003,NORMAL,None,[],0.1569,0.178,0.1326,0,normal
2024-07-14 15:10:00,AWS_Chennai_001,35.65,1002.16,76.28,0,0.09,NORMAL,None,[],0.1459,0.1371,0.1283,0,normal
2024-07-14 15:20:00,AWS_Chennai_001,35.62,1002.05,76.43,0,0.0891,NORMAL,None,[],0.1667,0.0871,0.13,0,normal
2024-07-14 15:30:00,AWS_Chennai_001,35.7,1002.07,77.82,0,0.0838,NORMAL,None,[],0.1575,0.0704,0.1301,0,normal
2024-07-14 15:40:00,AWS_Chennai_001,35.51,1002.23,76.43,0,0.1031,NORMAL,None,[],0.1987,0.1095,0.1353,0,normal
2024-07-14 15:50:00,AWS_Chennai_001,35.1,1002.51,76.86,0,0.1262,NORMAL,None,[],0.2229,0.2155,0.1352,0,normal
2024-07-14 16:00:00,AWS_Chennai_001,35.39,1002.69,77.72,0,0.1339,NORMAL,None,[],0.2251,0.2748,0.126,0,normal
2024-07-14 16:10:00,AWS_Chennai_001,34.85,1002.76,77.12,0,0.1468,NORMAL,None,[],0.2433,0.318,0.1309,0,normal
2024-07-14 16:20:00,AWS_Chennai_001,34.48,1002.58,77.13,0,0.126,NORMAL,None,[],0.188,0.29,0.1304,0,normal
2024-07-14 16:30:00,AWS_Chennai_001,34.26,1002.45,75.33,0,0.1266,NORMAL,None,[],0.1797,0.3165,0.1263,0,normal
2024-07-14 16:40:00,AWS_Chennai_001,34.06,1002.23,76.62,0,0.1095,NORMAL,None,[],0.1901,0.1819,0.1258,0,normal
2024-07-14 16:50:00,AWS_Chennai_001,33.69,1001.94,75.17,0,0.13,NORMAL,None,[],0.1664,0.3576,0.1323,0,normal
2024-07-14 17:00:00,AWS_Chennai_001,33.46,1001.96,76.24,0,0.113,NORMAL,None,[],0.1598,0.2508,0.1369,0,normal
2024-07-14 17:10:00,AWS_Chennai_001,32.87,1002.06,78.43,0,0.1355,NORMAL,None,[],0.1857,0.3619,0.1275,0,normal
2024-07-14 17:20:00,AWS_Chennai_001,32.94,1002.14,79.1,0,0.1113,NORMAL,None,[],0.1292,0.3163,0.1255,0,normal
2024-07-14 17:30:00,AWS_Chennai_001,32.93,1002.31,79.78,0,0.109,NORMAL,None,[],0.1299,0.2961,0.1282,0,normal
2024-07-14 17:40:00,AWS_Chennai_001,32.67,1002.15,78.23,0,0.0924,NORMAL,None,[],0.1187,0.211,0.1259,0,normal
2024-07-14 17:50:00,AWS_Chennai_001,33.01,1002.16,81.29,0,0.1147,NORMAL,None,[],0.1463,0.2998,0.129,0,normal
2024-07-14 18:00:00,AWS_Chennai_001,32.86,1002.19,84.45,0,0.1405,NORMAL,None,[],0.2075,0.3229,0.1492,0,normal
2024-07-14 18:10:00,AWS_Chennai_001,32.48,1002.05,83.23,0,0.122,NORMAL,None,[],0.1575,0.3041,0.1454,0,normal
2024-07-14 18:20:00,AWS_Chennai_001,31.86,1001.81,83.38,0,0.1243,NORMAL,None,[],0.1289,0.3689,0.1514,0,normal
2024-07-14 18:30:00,AWS_Chennai_001,31.06,1001.51,80.94,0,0.1182,NORMAL,None,[],0.1168,0.3697,0.1387,0,normal
2024-07-14 18:40:00,AWS_Chennai_001,30.56,1001.43,78.6,0,0.1101,NORMAL,None,[],0.109,0.3081,0.1557,0,normal
2024-07-14 18:50:00,AWS_Chennai_001,30.11,1001.62,81.31,0,0.1298,NORMAL,None,[],0.1575,0.305,0.1842,0,normal
2024-07-14 19:00:00,AWS_Chennai_001,29.9,1001.49,80.37,0,0.1065,NORMAL,None,[],0.1086,0.2805,0.1593,0,normal
2024-07-14 19:10:00,AWS_Chennai_001,29.61,1001.43,82.33,0,0.1,NORMAL,None,[],0.0764,0.3213,0.1446,0,normal
2024-07-14 19:20:00,AWS_Chennai_001,29.53,1001.4,82.79,0,0.0842,NORMAL,None,[],0.028,0.307,0.1487,0,normal
2024-07-14 19:30:00,AWS_Chennai_001,29.04,1000.99,84.27,0,0.112,NORMAL,None,[],0.0768,0.3936,0.1498,0,normal
2024-07-14 19:40:00,AWS_Chennai_001,28.63,1001.1,84.23,0,0.0979,NORMAL,None,[],0.0594,0.3413,0.1445,0,normal
2024-07-14 19:50:00,AWS_Chennai_001,28.4,1000.96,86.56,0,0.1189,NORMAL,None,[],0.1052,0.3862,0.1472,0,normal
2024-07-14 20:00:00,AWS_Chennai_001,28.26,1000.77,86.11,0,0.1006,NORMAL,None,[],0.0682,0.3619,0.1294,0,normal
2024-07-14 20:10:00,AWS_Chennai_001,27.64,1000.76,84.37,0,0.0875,NORMAL,None,[],0.0574,0.2963,0.1294,0,normal
2024-07-14 20:20:00,AWS_Chennai_001,27.05,1001.06,87.96,0,0.1361,NORMAL,None,[],0.189,0.331,0.1488,0,normal
2024-07-14 20:30:00,AWS_Chennai_001,26.94,1001.22,87.41,0,0.1075,NORMAL,None,[],0.1286,0.2602,0.1495,0,normal
2024-07-14 20:40:00,AWS_Chennai_001,26.66,1001.28,88.78,0,0.1024,NORMAL,None,[],0.1037,0.262,0.1602,0,normal
2024-07-14 20:50:00,AWS_Chennai_001,26.54,1001.44,91.18,0,0.1181,NORMAL,None,[],0.1439,0.2758,0.1677,0,normal
2024-07-14 21:00:00,AWS_Chennai_001,26.76,1001.43,93.83,0,0.156,NORMAL,None,[],0.2107,0.2821,0.2525,0,normal
2024-07-14 21:10:00,AWS_Chennai_001,27.07,1001.35,94.15,0,0.1235,NORMAL,None,[],0.1778,0.2328,0.1762,0,normal
2024-07-14 21:20:00,AWS_Chennai_001,27.03,1000.99,93.42,0,0.1066,NORMAL,None,[],0.1187,0.2505,0.167,0,normal
2024-07-14 21:30:00,AWS_Chennai_001,26.99,1001.1,95.06,0,0.1154,NORMAL,None,[],0.1579,0.2167,0.1775,0,normal
2024-07-14 21:40:00,AWS_Chennai_001,27.02,1000.95,94.73,0,0.0982,NORMAL,None,[],0.0987,0.2292,0.171,0,normal
2024-07-14 21:50:00,AWS_Chennai_001,27.47,1001.18,94.16,0,0.0865,NORMAL,None,[],0.1167,0.1152,0.1713,0,normal
2024-07-14 22:00:00,AWS_Chennai_001,27.31,1001.33,92.69,0,0.0798,NORMAL,None,[],0.0799,0.1441,0.1711,0,normal
2024-07-14 22:10:00,AWS_Chennai_001,27.23,1001.51,91.2,0,0.0851,NORMAL,None,[],0.0811,0.1682,0.1776,0,normal
2024-07-14 22:20:00,AWS_Chennai_001,27.53,1001.53,90.48,0,0.0763,NORMAL,None,[],0.0779,0.1337,0.1642,0,normal
2024-07-14 22:30:00,AWS_Chennai_001,26.9,1001.61,91.11,0,0.0861,NORMAL,None,[],0.0854,0.1834,0.1649,0,normal
2024-07-14 22:40:00,AWS_Chennai_001,26.43,1001.28,90.57,0,0.0674,NORMAL,None,[],0.0516,0.1301,0.1621,0,normal
2024-07-14 22:50:00,AWS_Chennai_001,25.91,1001.02,90.65,0,0.087,NORMAL,None,[],0.0696,0.2267,0.1607,0,normal
2024-07-14 23:00:00,AWS_Chennai_001,25.77,1000.98,89.2,0,0.0952,NORMAL,None,[],0.0602,0.2936,0.1652,0,normal
2024-07-14 23:10:00,AWS_Chennai_001,25.82,1001.09,91.2,0,0.0901,NORMAL,None,[],0.101,0.2022,0.1471,0,normal
2024-07-14 23:20:00,AWS_Chennai_001,25.73,1000.87,90.23,0,0.0996,NORMAL,None,[],0.082,0.2963,0.1528,0,normal
2024-07-14 23:30:00,AWS_Chennai_001,25.39,1000.94,88.31,0,0.1037,NORMAL,None,[],0.0677,0.3494,0.1552,0,normal
2024-07-14 23:40:00,AWS_Chennai_001,24.96,1000.84,88.06,0,0.1097,NORMAL,None,[],0.075,0.3823,0.1492,0,normal
2024-07-14 23:50:00,AWS_Chennai_001,25.15,1000.87,87.72,0,0.0896,NORMAL,None,[],0.0367,0.3213,0.1521,0,normal
2024-07-15 00:00:00,AWS_Chennai_001,25.56,1001.18,87.77,0,0.0784,NORMAL,None,[],0.0612,0.1865,0.1603,0,normal
2024-07-15 00:10:00,AWS_Chennai_001,25.27,1001.39,88.04,0,0.0786,NORMAL,None,[],0.0363,0.2457,0.1544,0,normal
2024-07-15 00:20:00,AWS_Chennai_001,25.66,1001.53,87.27,0,0.0889,NORMAL,None,[],0.0709,0.2466,0.1532,0,normal
2024-07-15 00:30:00,AWS_Chennai_001,25.43,1001.75,86.93,0,0.1007,NORMAL,None,[],0.0774,0.2975,0.1641,0,normal
2024-07-15 00:40:00,AWS_Chennai_001,25.16,1002.1,85.53,0,0.1247,NORMAL,None,[],0.1105,0.3828,0.1708,0,normal
2024-07-15 00:50:00,AWS_Chennai_001,24.76,1002.22,85.19,0,0.1135,NORMAL,None,[],0.085,0.3922,0.1461,0,normal
2024-07-15 01:00:00,AWS_Chennai_001,24.87,1002.24,85.79,0,0.095,NORMAL,None,[],0.0593,0.3221,0.1446,0,normal
2024-07-15 01:10:00,AWS_Chennai_001,24.86,1002.21,87.28,0,0.0772,NORMAL,None,[],0.0444,0.2359,0.1422,0,normal
2024-07-15 01:20:00,AWS_Chennai_001,24.78,1002.29,88.28,0,0.0758,NORMAL,None,[],0.0601,0.2006,0.1384,0,normal
2024-07-15 01:30:00,AWS_Chennai_001,24.59,1002.35,90.04,0,0.1012,NORMAL,None,[],0.1044,0.295,0.1282,0,normal
2024-07-15 01:40:00,AWS_Chennai_001,24.58,1002.48,89.91,0,0.0968,NORMAL,None,[],0.0962,0.2909,0.1215,0,normal
2024-07-15 01:50:00,AWS_Chennai_001,24.74,1002.45,90.1,0,0.0829,NORMAL,None,[],0.0708,0.2523,0.1189,0,normal
2024-07-15 02:00:00,AWS_Chennai_001,25.02,1002.69,89.99,0,0.0827,NORMAL,None,[],0.0967,0.2023,0.1167,0,normal
2024-07-15 02:10:00,AWS_Chennai_001,25.0,1002.71,91.29,0,0.09,NORMAL,None,[],0.1018,0.2432,0.1149,0,normal
2024-07-15 02:20:00,AWS_Chennai_001,24.43,1002.93,89.53,0,0.106,NORMAL,None,[],0.1308,0.2892,0.1169,0,normal
2024-07-15 02:30:00,AWS_Chennai_001,24.32,1003.09,89.69,0,0.1035,NORMAL,None,[],0.1159,0.2987,0.1194,0,normal
2024-07-15 02:40:00,AWS_Chennai_001,24.37,1003.12,90.28,0,0.0967,NORMAL,None,[],0.0999,0.2868,0.1183,0,normal
2024-07-15 02:50:00,AWS_Chennai_001,24.33,1003.11,92.15,0,0.1026,NORMAL,None,[],0.1054,0.327,0.1095,0,normal
2024-07-15 03:00:00,AWS_Chennai_001,24.69,1003.44,94.44,0,0.1279,NORMAL,None,[],0.1886,0.3233,0.1143,0,normal
2024-07-15 03:10:00,AWS_Chennai_001,24.91,1003.53,95.24,0,0.1143,NORMAL,None,[],0.1506,0.3039,0.1175,0,normal
2024-07-15 03:20:00,AWS_Chennai_001,24.97,1003.3,95.62,0,0.1076,NORMAL,None,[],0.1314,0.2784,0.132,0,normal
2024-07-15 03:30:00,AWS_Chennai_001,24.77,1003.35,96.89,0,0.1062,NORMAL,None,[],0.1424,0.2426,0.1356,0,normal
2024-07-15 03:40:00,AWS_Chennai_001,24.32,1003.45,96.4,0,0.1152,NORMAL,None,[],0.134,0.3208,0.1343,0,normal
2024-07-15 03:50:00,AWS_Chennai_001,24.63,1003.54,94.83,0,0.098,NORMAL,None,[],0.1391,0.1864,0.1416,0,normal
2024-07-15 04:00:00,AWS_Chennai_001,24.52,1003.53,92.6,0,0.0851,NORMAL,None,[],0.1268,0.1461,0.1258,0,normal
2024-07-15 04:10:00,AWS_Chennai_001,24.5,1003.67,94.02,0,0.0922,NORMAL,None,[],0.1381,0.1883,0.1129,0,normal
2024-07-15 04:20:00,AWS_Chennai_001,25.0,1003.5,92.89,0,0.0922,NORMAL,None,[],0.1447,0.1784,0.1101,0,normal
2024-07-15 04:30:00,AWS_Chennai_001,25.14,1003.34,91.11,0,0.0863,NORMAL,None,[],0.1129,0.199,0.1129,0,normal
2024-07-15 04:40:00,AWS_Chennai_001,25.53,1003.42,90.92,0,0.1045,NORMAL,None,[],0.1308,0.2674,0.1258,0,normal
2024-07-15 04:50:00,AWS_Chennai_001,25.66,1003.59,89.89,0,0.1042,NORMAL,None,[],0.1024,0.3185,0.1286,0,normal
2024-07-15 05:00:00,AWS_Chennai_001,26.25,1003.32,88.09,0,0.1235,NORMAL,None,[],0.1402,0.324,0.1643,0,normal
2024-07-15 05:10:00,AWS_Chennai_001,26.44,1003.14,87.95,0,0.1188,NORMAL,None,[],0.1037,0.3652,0.1647,0,normal
2024-07-15 05:20:00,AWS_Chennai_001,26.5,1003.19,87.32,0,0.1091,NORMAL,None,[],0.0829,0.3415,0.165,0,normal
2024-07-15 05:30:00,AWS_Chennai_001,26.25,1003.08,90.96,0,0.1058,NORMAL,None,[],0.1113,0.2583,0.1682,0,normal
2024-07-15 05:40:00,AWS_Chennai_001,26.04,1003.01,88.9,0,0.1007,NORMAL,None,[],0.0783,0.2948,0.165,0,normal
2024-07-15 05:50:00,AWS_Chennai_001,25.73,1002.83,90.12,0,0.0981,NORMAL,None,[],0.0894,0.2614,0.1604,0,normal
2024-07-15 06:00:00,AWS_Chennai_001,26.41,1002.74,89.65,0,0.1065,NORMAL,None,[],0.0881,0.3103,0.1676,0,normal
2024-07-15 06:10:00,AWS_Chennai_001,26.79,1002.55,89.27,0,0.1079,NORMAL,None,[],0.0761,0.3389,0.1712,0,normal
2024-07-15 06:20:00,AWS_Chennai_001,27.22,1002.22,88.2,0,0.1333,NORMAL,None,[],0.1379,0.3877,0.169,0,normal
2024-07-15 06:30:00,AWS_Chennai_001,27.36,1002.21,85.63,0,0.1322,NORMAL,None,[],0.119,0.4008,0.1819,0,normal
2024-07-15 06:40:00,AWS_Chennai_001,27.0,1001.82,84.41,0,0.1503,NORMAL,None,[],0.193,0.3992,0.1625,0,normal
2024-07-15 06:50:00,AWS_Chennai_001,27.42,1001.83,85.79,0,0.132,NORMAL,None,[],0.1531,0.3469,0.1704,0,normal
2024-07-15 07:00:00,AWS_Chennai_001,27.65,1001.74,85.45,0,0.1118,NORMAL,None,[],0.0902,0.3411,0.1677,0,normal
2024-07-15 07:10:00,AWS_Chennai_001,27.77,1002.06,85.9,0,0.1039,NORMAL,None,[],0.0999,0.2783,0.1609,0,normal
2024-07-15 07:20:00,AWS_Chennai_001,27.78,1001.95,87.12,0,0.0913,NORMAL,None,[],0.0939,0.2278,0.1449,0,normal
2024-07-15 07:30:00,AWS_Chennai_001,27.46,1001.84,88.58,0,0.0821,NORMAL,None,[],0.0899,0.1803,0.1402,0,normal
2024-07-15 07:40:00,AWS_Chennai_001,27.92,1001.7,89.6,0,0.1063,NORMAL,None,[],0.1302,0.2646,0.138,0,normal
2024-07-15 07:50:00,AWS_Chennai_001,28.14,1001.5,88.97,0,0.0921,NORMAL,None,[],0.0881,0.266,0.1289,0,normal
2024-07-15 08:00:00,AWS_Chennai_001,28.86,1001.52,88.53,0,0.0992,NORMAL,None,[],0.1102,0.2739,0.1252,0,normal
2024-07-15 08:10:00,AWS_Chennai_001,28.7,1001.43,89.33,0,0.0992,NORMAL,None,[],0.1131,0.2691,0.1247,0,normal
2024-07-15 08:20:00,AWS_Chennai_001,29.27,1001.15,87.32,0,0.1054,NORMAL,None,[],0.1248,0.2858,0.1258,0,normal
2024-07-15 08:30:00,AWS_Chennai_001,29.46,1001.07,87.95,0,0.0946,NORMAL,None,[],0.1028,0.2562,0.1268,0,normal
2024-07-15 08:40:00,AWS_Chennai_001,29.25,1000.94,88.84,0,0.0911,NORMAL,None,[],0.0801,0.2737,0.1303,0,normal
2024-07-15 08:50:00,AWS_Chennai_001,29.8,1000.71,89.36,0,0.1197,NORMAL,None,[],0.14,0.3425,0.1319,0,normal
2024-07-15 09:00:00,AWS_Chennai_001,29.68,1000.83,89.9,0,0.1146,NORMAL,None,[],0.1357,0.3178,0.1309,0,normal
2024-07-15 09:10:00,AWS_Chennai_001,30.04,1000.7,86.39,0,0.1106,NORMAL,None,[],0.1301,0.2971,0.1351,0,normal
2024-07-15 09:20:00,AWS_Chennai_001,30.77,1000.51,85.03,0,0.1258,NORMAL,None,[],0.1376,0.3767,0.14,0,normal
2024-07-15 09:30:00,AWS_Chennai_001,30.94,1000.55,85.55,0,0.1162,NORMAL,None,[],0.132,0.3236,0.1402,0,normal
2024-07-15 09:40:00,AWS_Chennai_001,31.32,1000.62,84.93,0,0.1208,NORMAL,None,[],0.1417,0.3349,0.1402,0,normal
2024-07-15 09:50:00,AWS_Chennai_001,31.28,1000.8,85.22,0,0.1055,NORMAL,None,[],0.1241,0.268,0.1404,0,normal
2024-07-15 10:00:00,AWS_Chennai_001,31.77,1000.83,85.97,0,0.1066,NORMAL,None,[],0.1376,0.2369,0.1489,0,normal
2024-07-15 10:10:00,AWS_Chennai_001,31.28,1001.05,85.29,0,0.1002,NORMAL,None,[],0.1375,0.186,0.1553,0,normal
2024-07-15 10:20:00,AWS_Chennai_001,31.42,1001.02,83.98,0,0.0917,NORMAL,None,[],0.0966,0.216,0.1517,0,normal
2024-07-15 10:30:00,AWS_Chennai_001,31.69,1001.1,86.11,0,0.0819,NORMAL,None,[],0.0981,0.1542,0.1468,0,normal
2024-07-15 10:40:00,AWS_Chennai_001,31.95,1000.97,89.12,0,0.0882,NORMAL,None,[],0.1096,0.1815,0.1403,0,normal
2024-07-15 10:50:00,AWS_Chennai_001,32.18,1001.0,87.77,0,0.083,NORMAL,None,[],0.1056,0.1534,0.1414,0,normal
2024-07-15 11:00:00,AWS_Chennai_001,32.0,1001.27,85.49,0,0.0959,NORMAL,None,[],0.0922,0.2451,0.1571,0,normal
2024-07-15 11:10:00,AWS_Chennai_001,32.55,1001.3,85.99,0,0.1011,NORMAL,None,[],0.1017,0.2638,0.1553,0,normal
2024-07-15 11:20:00,AWS_Chennai_001,32.68,1001.42,85.58,0,0.1024,NORMAL,None,[],0.0896,0.2924,0.1585,0,normal
2024-07-15 11:30:00,AWS_Chennai_001,32.91,1001.67,85.22,0,0.1256,NORMAL,None,[],0.1446,0.332,0.162,0,normal
2024-07-15 11:40:00,AWS_Chennai_001,32.78,1001.49,84.0,0,0.1148,NORMAL,None,[],0.132,0.2986,0.1523,0,normal
2024-07-15 11:50:00,AWS_Chennai_001,33.19,1001.64,84.9,0,0.1073,NORMAL,None,[],0.1016,0.2863,0.1691,0,normal
2024-07-15 12:00:00,AWS_Chennai_001,33.49,1001.78,83.45,0,0.1144,NORMAL,None,[],0.0907,0.3754,0.1545,0,normal
2024-07-15 12:10:00,AWS_Chennai_001,33.82,1002.08,83.0,0,0.1342,NORMAL,None,[],0.1255,0.4154,0.171,0,normal
2024-07-15 12:20:00,AWS_Chennai_001,34.16,1002.06,84.34,0,0.1237,NORMAL,None,[],0.1361,0.3252,0.1707,0,normal
2024-07-15 12:30:00,AWS_Chennai_001,34.49,1002.14,82.63,0,0.1359,NORMAL,None,[],0.1423,0.3898,0.1735,0,normal
2024-07-15 12:40:00,AWS_Chennai_001,34.71,1002.45,82.61,0,0.1431,NORMAL,None,[],0.1664,0.3921,0.172,0,normal
2024-07-15 12:50:00,AWS_Chennai_001,35.5,1002.3,81.28,0,0.159,NORMAL,None,[],0.2113,0.4057,0.174,0,normal
2024-07-15 13:00:00,AWS_Chennai_001,35.31,1002.36,82.58,0,0.1264,NORMAL,None,[],0.1511,0.3095,0.1731,0,normal
2024-07-15 13:10:00,AWS_Chennai_001,35.18,1002.42,83.28,0,0.1075,NORMAL,None,[],0.1132,0.2538,0.1775,0,normal
2024-07-15 13:20:00,AWS_Chennai_001,35.27,1002.49,82.99,0,0.1069,NORMAL,None,[],0.1114,0.2537,0.1774,0,normal
2024-07-15 13:30:00,AWS_Chennai_001,35.73,1002.42,85.14,0,0.1196,NORMAL,None,[],0.1696,0.2205,0.1781,0,normal
2024-07-15 13:40:00,AWS_Chennai_001,35.56,1002.57,85.71,0,0.1198,NORMAL,None,[],0.1722,0.2541,0.1499,0,normal
2024-07-15 13:50:00,AWS_Chennai_001,35.58,1002.63,86.08,0,0.119,NORMAL,None,[],0.1633,0.2804,0.1395,0,normal
2024-07-15 14:00:00,AWS_Chennai_001,35.48,1002.57,87.52,0,0.1277,NORMAL,None,[],0.1814,0.3005,0.1411,0,normal
2024-07-15 14:10:00,AWS_Chennai_001,35.35,1002.62,86.9,0,0.1126,NORMAL,None,[],0.1558,0.2523,0.1401,0,normal
2024-07-15 14:20:00,AWS_Chennai_001,35.4,1002.76,85.55,0,0.1096,NORMAL,None,[],0.1744,0.2084,0.1304,0,normal
2024-07-15 14:30:00,AWS_Chennai_001,34.68,1003.12,83.55,0,0.1242,NORMAL,None,[],0.2185,0.1791,0.159,0,normal
2024-07-15 14:40:00,AWS_Chennai_001,34.75,1002.98,83.35,0,0.1126,NORMAL,None,[],0.1915,0.1588,0.1564,0,normal
2024-07-15 14:50:00,AWS_Chennai_001,34.2,1003.3,82.93,0,0.1403,NORMAL,None,[],0.2196,0.2844,0.1586,0,normal
2024-07-15 15:00:00,AWS_Chennai_001,34.1,1003.4,81.89,0,0.1367,NORMAL,None,[],0.1749,0.345,0.1621,0,normal
2024-07-15 15:10:00,AWS_Chennai_001,33.53,1003.57,78.88,0,0.1812,NORMAL,None,[],0.2464,0.4859,0.1723,0,normal
2024-07-15 15:20:00,AWS_Chennai_001,33.58,1003.31,79.67,0,0.143,NORMAL,None,[],0.1885,0.3612,0.1612,0,normal
2024-07-15 15:30:00,AWS_Chennai_001,33.73,1003.25,78.99,0,0.1212,NORMAL,None,[],0.1343,0.3171,0.1665,0,normal
2024-07-15 15:40:00,AWS_Chennai_001,33.46,1003.23,78.56,0,0.1222,NORMAL,None,[],0.1314,0.3091,0.1821,0,normal
2024-07-15 15:50:00,AWS_Chennai_001,33.15,1003.16,78.13,0,0.1122,NORMAL,None,[],0.1039,0.2941,0.1844,0,normal
2024-07-15 16:00:00,AWS_Chennai_001,33.88,1003.05,77.72,0,0.1073,NORMAL,None,[],0.1316,0.1939,0.194,0,normal
2024-07-15 16:10:00,AWS_Chennai_001,33.94,1003.28,76.86,0,0.1088,NORMAL,None,[],0.1352,0.2237,0.1736,0,normal
2024-07-15 16:20:00,AWS_Chennai_001,33.75,1003.11,79.12,0,0.0946,NORMAL,None,[],0.1322,0.1383,0.1712,0,normal
2024-07-15 16:30:00,AWS_Chennai_001,33.84,1003.16,78.19,0,0.0836,NORMAL,None,[],0.0954,0.1397,0.1703,0,normal
2024-07-15 16:40:00,AWS_Chennai_001,33.73,1003.26,80.94,0,0.0819,NORMAL,None,[],0.1107,0.0995,0.1688,0,normal
2024-07-15 16:50:00,AWS_Chennai_001,33.52,1003.29,82.72,0,0.0837,NORMAL,None,[],0.1015,0.1404,0.1608,0,normal
2024-07-15 17:00:00,AWS_Chennai_001,33.38,1003.35,80.08,0,0.0827,NORMAL,None,[],0.0896,0.1458,0.1695,0,normal
2024-07-15 17:10:00,AWS_Chennai_001,33.34,1003.26,81.7,0,0.08,NORMAL,None,[],0.0971,0.1275,0.1586,0,normal
2024-07-15 17:20:00,AWS_Chennai_001,33.78,1003.28,79.61,0,0.0769,NORMAL,None,[],0.1384,0.0432,0.1444,0,normal
2024-07-15 17:30:00,AWS_Chennai_001,33.24,1003.28,81.2,0,0.1111,NORMAL,None,[],0.1469,0.1531,0.2204,0,normal
2024-07-15 17:40:00,AWS_Chennai_001,33.55,1003.32,80.14,0,0.091,NORMAL,None,[],0.1623,0.0708,0.1584,0,normal
2024-07-15 17:50:00,AWS_Chennai_001,34.01,1003.17,80.97,0,0.1038,NORMAL,None,[],0.1527,0.2192,0.1256,0,normal
2024-07-15 18:00:00,AWS_Chennai_001,33.36,1003.16,83.89,0,0.1324,NORMAL,None,[],0.2106,0.2953,0.1246,0,normal
2024-07-15 18:10:00,AWS_Chennai_001,33.37,1003.04,84.35,0,0.1287,NORMAL,None,[],0.1684,0.3599,0.1211,0,normal
2024-07-15 18:20:00,AWS_Chennai_001,33.19,1002.89,86.33,0,0.1669,NORMAL,None,[],0.2298,0.4677,0.139,0,normal
2024-07-15 18:30:00,AWS_Chennai_001,33.19,1002.84,85.89,0,0.1358,NORMAL,None,[],0.1619,0.3968,0.1386,0,normal
2024-07-15 18:40:00,AWS_Chennai_001,32.77,1002.94,90.74,0,0.2018,NORMAL,None,[],0.3029,0.458,0.2109,0,normal
2024-07-15 18:50:00,AWS_Chennai_001,32.63,1002.74,89.82,0,0.1829,NORMAL,None,[],0.2653,0.4655,0.1672,0,normal
2024-07-15 19:00:00,AWS_Chennai_001,32.26,1002.77,88.07,0,0.1477,NORMAL,None,[],0.1796,0.4053,0.1653,0,normal
2024-07-15 19:10:00,AWS_Chennai_001,31.95,1002.76,89.53,0,0.1497,NORMAL,None,[],0.1896,0.4034,0.1614,0,normal
2024-07-15 19:20:00,AWS_Chennai_001,31.63,1002.43,91.98,0,0.1814,NORMAL,None,[],0.2433,0.4794,0.1825,0,normal
2024-07-15 19:30:00,AWS_Chennai_001,31.73,1002.36,91.43,0,0.1414,NORMAL,None,[],0.1511,0.4013,0.1793,0,normal
2024-07-15 19:40:00,AWS_Chennai_001,31.35,1002.23,91.84,0,0.1356,NORMAL,None,[],0.1314,0.3999,0.181,0,normal
2024-07-15 19:50:00,AWS_Chennai_001,31.16,1001.95,89.61,0,0.1291,NORMAL,None,[],0.1323,0.3624,0.1754,0,normal
2024-07-15 20:00:00,AWS_Chennai_001,30.78,1001.91,87.75,0,0.1157,NORMAL,None,[],0.1233,0.3085,0.1619,0,normal
2024-07-15 20:10:00,AWS_Chennai_001,30.58,1002.02,87.3,0,0.1037,NORMAL,None,[],0.1158,0.2528,0.1552,0,normal
2024-07-15 20:20:00,AWS_Chennai_001,30.6,1001.82,88.29,0,0.093,NORMAL,None,[],0.0866,0.2591,0.1405,0,normal
2024-07-15 20:30:00,AWS_Chennai_001,29.99,1001.74,86.68,0,0.0958,NORMAL,None,[],0.0927,0.2665,0.1402,0,normal
2024-07-15 20:40:00,AWS_Chennai_001,29.72,1001.77,89.02,0,0.092,NORMAL,None,[],0.0859,0.2563,0.139,0,normal
2024-07-15 20:50:00,AWS_Chennai_001,29.25,1001.65,86.56,0,0.0978,NORMAL,None,[],0.0977,0.2957,0.1209,0,normal
2024-07-15 21:00:00,AWS_Chennai_001,29.22,1001.5,85.57,0,0.0913,NORMAL,None,[],0.0584,0.327,0.1235,0,normal
2024-07-15 21:10:00,AWS_Chennai_001,28.97,1001.67,84.56,0,0.1046,NORMAL,None,[],0.1015,0.3269,0.1256,0,normal
2024-07-15 21:20:00,AWS_Chennai_001,29.11,1001.76,85.05,0,0.0848,NORMAL,None,[],0.0674,0.2653,0.1239,0,normal
2024-07-15 21:30:00,AWS_Chennai_001,29.18,1001.73,83.75,0,0.0802,NORMAL,None,[],0.0442,0.2787,0.1255,0,normal
2024-07-15 21:40:00,AWS_Chennai_001,28.97,1001.68,82.48,0,0.0917,NORMAL,None,[],0.0593,0.2942,0.1486,0,normal
2024-07-15 21:50:00,AWS_Chennai_001,29.08,1001.54,80.62,0,0.0991,NORMAL,None,[],0.0677,0.3119,0.1601,0,normal
2024-07-15 22:00:00,AWS_Chennai_001,28.61,1001.62,82.92,0,0.0881,NORMAL,None,[],0.0688,0.2483,0.1508,0,normal
2024-07-15 22:10:00,AWS_Chennai_001,28.51,1001.67,86.84,0,0.0692,NORMAL,None,[],0.0568,0.1432,0.1534,0,normal
2024-07-15 22:20:00,AWS_Chennai_001,28.07,1001.6,86.74,0,0.076,NORMAL,None,[],0.0606,0.181,0.1536,0,normal
2024-07-15 22:30:00,AWS_Chennai_001,27.57,1001.53,89.72,0,0.1227,NORMAL,None,[],0.1288,0.3043,0.1918,0,normal
2024-07-15 22:40:00,AWS_Chennai_001,27.4,1001.61,88.37,0,0.1061,NORMAL,None,[],0.1005,0.2433,0.197,0,normal
2024-07-15 22:50:00,AWS_Chennai_001,27.23,1001.8,87.77,0,0.0794,NORMAL,None,[],0.0481,0.2325,0.1505,0,normal
2024-07-15 23:00:00,AWS_Chennai_001,27.67,1001.91,90.21,0,0.1025,NORMAL,None,[],0.0863,0.3163,0.1459,0,normal
2024-07-15 23:10:00,AWS_Chennai_001,27.83,1002.07,91.11,0,0.1036,NORMAL,None,[],0.0544,0.3831,0.1488,0,normal
2024-07-15 23:20:00,AWS_Chennai_001,27.81,1002.3,90.2,0,0.1083,NORMAL,None,[],0.0742,0.3709,0.1523,0,normal
2024-07-15 23:30:00,AWS_Chennai_001,27.81,1002.12,92.79,0,0.1326,NORMAL,None,[],0.1806,0.3179,0.1535,0,normal
2024-07-15 23:40:00,AWS_Chennai_001,27.91,1002.23,92.0,0,0.1149,NORMAL,None,[],0.1356,0.2865,0.156,0,normal
2024-07-15 23:50:00,AWS_Chennai_001,27.77,1002.32,88.7,0,0.0969,NORMAL,None,[],0.1094,0.2216,0.154,0,normal
2024-07-16 00:00:00,AWS_Chennai_001,27.78,1002.32,90.96,0,0.1272,NORMAL,None,[],0.1728,0.2363,0.1995,0,normal
2024-07-16 00:10:00,AWS_Chennai_001,27.87,1002.47,92.85,0,0.1281,NORMAL,None,[],0.1669,0.26,0.1954,0,normal
2024-07-16 00:20:00,AWS_Chennai_001,28.0,1002.85,93.67,0,0.15,NORMAL,None,[],0.2589,0.2786,0.1528,0,normal
2024-07-16 00:30:00,AWS_Chennai_001,28.28,1003.12,93.61,0,0.1407,NORMAL,None,[],0.2177,0.3002,0.1517,0,normal
2024-07-16 00:40:00,AWS_Chennai_001,28.43,1003.23,93.26,0,0.1354,NORMAL,None,[],0.1983,0.3015,0.1533,0,normal
2024-07-16 00:50:00,AWS_Chennai_001,28.56,1003.34,97.3,0,0.1864,NORMAL,None,[],0.3032,0.4072,0.1719,0,normal
2024-07-16 01:00:00,AWS_Chennai_001,28.64,1003.5,99.15,0,0.1814,NORMAL,None,[],0.2641,0.436,0.1839,0,normal
2024-07-16 01:10:00,AWS_Chennai_001,28.61,1003.53,99.03,0,0.1623,NORMAL,None,[],0.233,0.3831,0.1749,0,normal
2024-07-16 01:20:00,AWS_Chennai_001,28.0,1003.48,100.0,0,0.1408,NORMAL,None,[],0.2179,0.2514,0.1886,0,normal
2024-07-16 01:30:00,AWS_Chennai_001,28.07,1003.46,100.0,0,0.1838,NORMAL,None,[],0.3018,0.2281,0.295,0,normal
2024-07-16 01:40:00,AWS_Chennai_001,28.38,1003.5,100.0,0,0.2018,NORMAL,None,[],0.3357,0.2613,0.3094,0,normal
2024-07-16 01:50:00,AWS_Chennai_001,28.3,1003.47,100.0,0,0.1756,NORMAL,None,[],0.3307,0.2193,0.2176,0,normal
2024-07-16 02:00:00,AWS_Chennai_001,28.23,1003.55,99.77,0,0.1648,NORMAL,None,[],0.325,0.1854,0.1973,0,normal
2024-07-16 02:10:00,AWS_Chennai_001,28.39,1003.37,99.74,0,0.1852,NORMAL,None,[],0.3449,0.179,0.2747,0,normal
2024-07-16 02:20:00,AWS_Chennai_001,28.18,1003.44,96.43,0,0.1462,NORMAL,None,[],0.3325,0.0589,0.1882,0,normal
2024-07-16 02:30:00,AWS_Chennai_001,28.16,1003.45,93.89,0,0.1396,NORMAL,None,[],0.3023,0.1013,0.1683,0,normal
2024-07-16 02:40:00,AWS_Chennai_001,28.12,1003.45,95.97,0,0.1513,NORMAL,None,[],0.3334,0.0739,0.2013,0,normal
2024-07-16 02:50:00,AWS_Chennai_001,28.03,1003.52,97.54,0,0.1416,NORMAL,None,[],0.2841,0.1232,0.1895,0,normal
2024-07-16 03:00:00,AWS_Chennai_001,28.08,1003.42,98.58,0,0.1323,NORMAL,None,[],0.2805,0.1095,0.1584,0,normal
2024-07-16 03:10:00,AWS_Chennai_001,27.97,1003.33,98.75,0,0.1284,NORMAL,None,[],0.2501,0.1541,0.1511,0,normal
2024-07-16 03:20:00,AWS_Chennai_001,27.42,1003.22,96.47,0,0.1629,NORMAL,None,[],0.2359,0.3635,0.188,0,normal
2024-07-16 03:30:00,AWS_Chennai_001,27.29,1003.0,96.81,0,0.181,NORMAL,None,[],0.2533,0.4342,0.1994,0,normal
2024-07-16 03:40:00,AWS_Chennai_001,27.49,1003.11,94.67,0,0.1531,NORMAL,None,[],0.1935,0.3874,0.1845,0,normal
2024-07-16 03:50:00,AWS_Chennai_001,26.95,1003.0,94.44,0,0.1636,NORMAL,None,[],0.1894,0.4519,0.1949,0,normal
2024-07-16 04:00:00,AWS_Chennai_001,26.4,1002.85,93.37,0,0.1721,NORMAL,None,[],0.1889,0.4983,0.2034,0,normal
2024-07-16 04:10:00,AWS_Chennai_001,26.2,1002.48,91.17,0,0.1928,NORMAL,None,[],0.2122,0.5405,0.2402,0,normal
2024-07-16 04:20:00,AWS_Chennai_001,25.98,1002.34,90.99,0,0.1775,NORMAL,None,[],0.1919,0.4784,0.2408,0,normal
2024-07-16 04:30:00,AWS_Chennai_001,25.79,1002.34,88.76,0,0.1888,NORMAL,None,[],0.239,0.4507,0.2473,0,normal
2024-07-16 04:40:00,AWS_Chennai_001,25.68,1002.08,89.79,0,0.1745,NORMAL,None,[],0.2331,0.4059,0.2182,0,normal
2024-07-16 04:50:00,AWS_Chennai_001,25.94,1001.95,89.77,0,0.1439,NORMAL,None,[],0.2011,0.3493,0.1559,0,normal
2024-07-16 05:00:00,AWS_Chennai_001,26.23,1001.86,89.84,0,0.1301,NORMAL,None,[],0.1803,0.296,0.1578,0,normal
2024-07-16 05:10:00,AWS_Chennai_001,26.12,1002.06,89.6,0,0.1206,NORMAL,None,[],0.1692,0.2542,0.1584,0,normal
2024-07-16 05:20:00,AWS_Chennai_001,0.48,1002.14,90.4,1,0.7604,HIGH,Spike / Transient Fault - Temperature,['spike_temp'],0.5821,0.4353,0.8522,1,spike_temperature
2024-07-16 05:30:00,AWS_Chennai_001,25.82,1002.25,89.94,1,0.6036,MEDIUM,Spike / Transient Fault - Temperature,['spike_temp'],0.4372,0.1301,0.5144,0,normal
2024-07-16 05:40:00,AWS_Chennai_001,25.44,1002.16,88.35,0,0.2368,NORMAL,None,[],0.3956,0.154,0.475,0,normal
2024-07-16 05:50:00,AWS_Chennai_001,25.74,1002.24,88.34,0,0.2336,NORMAL,None,[],0.3974,0.1336,0.4717,0,normal
2024-07-16 06:00:00,AWS_Chennai_001,25.83,1002.02,88.82,0,0.2206,NORMAL,None,[],0.3574,0.1455,0.4575,0,normal
2024-07-16 06:10:00,AWS_Chennai_001,26.05,1001.75,89.77,0,0.2228,NORMAL,None,[],0.371,0.1552,0.4409,0,normal
2024-07-16 06:20:00,AWS_Chennai_001,26.06,1001.79,88.76,0,0.1458,NORMAL,None,[],0.3019,0.1652,0.1523,0,normal
2024-07-16 06:30:00,AWS_Chennai_001,26.1,1001.76,91.67,0,0.1486,NORMAL,None,[],0.3294,0.1491,0.1369,0,normal
2024-07-16 06:40:00,AWS_Chennai_001,26.48,1001.59,92.58,0,0.16,NORMAL,None,[],0.3263,0.2297,0.1381,0,normal
2024-07-16 06:50:00,AWS_Chennai_001,26.63,1001.77,89.97,0,0.1376,NORMAL,None,[],0.3111,0.1055,0.1423,0,normal
2024-07-16 07:00:00,AWS_Chennai_001,27.45,1001.81,88.26,0,0.1502,NORMAL,None,[],0.2802,0.1924,0.1862,0,normal
2024-07-16 07:10:00,AWS_Chennai_001,27.38,1001.89,87.27,0,0.1517,NORMAL,None,[],0.278,0.1983,0.1929,0,normal
2024-07-16 07:20:00,AWS_Chennai_001,27.31,1001.84,87.85,0,0.124,NORMAL,None,[],0.213,0.1626,0.1785,0,normal
2024-07-16 07:30:00,AWS_Chennai_001,27.74,1001.6,86.68,0,0.1448,NORMAL,None,[],0.2294,0.2848,0.1661,0,normal
2024-07-16 07:40:00,AWS_Chennai_001,28.04,1001.37,86.17,0,0.1582,NORMAL,None,[],0.2387,0.3299,0.1856,0,normal
2024-07-16 07:50:00,AWS_Chennai_001,28.29,1001.33,83.08,0,0.1719,NORMAL,None,[],0.2715,0.3746,0.1713,0,normal
2024-07-16 08:00:00,AWS_Chennai_001,28.46,1001.19,81.94,0,0.1728,NORMAL,None,[],0.2794,0.3626,0.1727,0,normal
2024-07-16 08:10:00,AWS_Chennai_001,29.2,1001.24,81.11,0,0.1821,NORMAL,None,[],0.3187,0.3202,0.1921,0,normal
2024-07-16 08:20:00,AWS_Chennai_001,29.88,1001.43,80.85,0,0.1498,NORMAL,None,[],0.1929,0.3637,0.1869,0,normal
2024-07-16 08:30:00,AWS_Chennai_001,29.89,1001.47,78.68,0,0.1548,NORMAL,None,[],0.2247,0.3365,0.1843,0,normal
2024-07-16 08:40:00,AWS_Chennai_001,30.18,1001.37,76.19,0,0.1609,NORMAL,None,[],0.2404,0.3563,0.1764,0,normal
2024-07-16 08:50:00,AWS_Chennai_001,30.81,1001.18,72.91,0,0.2011,NORMAL,None,[],0.3259,0.4146,0.2057,0,normal
2024-07-16 09:00:00,AWS_Chennai_001,30.98,1000.96,75.7,0,0.1875,NORMAL,None,[],0.2878,0.3869,0.2157,0,normal
2024-07-16 09:10:00,AWS_Chennai_001,31.03,1001.29,73.03,0,0.1736,NORMAL,None,[],0.2969,0.2918,0.2039,0,normal
2024-07-16 09:20:00,AWS_Chennai_001,31.94,1001.25,72.68,0,0.1608,NORMAL,None,[],0.2692,0.3024,0.1734,0,normal
2024-07-16 09:30:00,AWS_Chennai_001,32.08,1001.37,71.62,0,0.1564,NORMAL,None,[],0.2794,0.2522,0.1734,0,normal
2024-07-16 09:40:00,AWS_Chennai_001,32.51,1001.26,70.97,0,0.1419,NORMAL,None,[],0.2162,0.2758,0.1783,0,normal
2024-07-16 09:50:00,AWS_Chennai_001,32.59,1001.36,69.95,0,0.136,NORMAL,None,[],0.2128,0.231,0.1876,0,normal
2024-07-16 10:00:00,AWS_Chennai_001,33.37,1001.31,73.64,0,0.1435,NORMAL,None,[],0.2612,0.2026,0.1736,0,normal
2024-07-16 10:10:00,AWS_Chennai_001,33.26,1001.69,75.44,0,0.1539,NORMAL,None,[],0.2668,0.2583,0.1757,0,normal
2024-07-16 10:20:00,AWS_Chennai_001,33.92,1001.5,74.25,0,0.1567,NORMAL,None,[],0.2929,0.2274,0.1739,0,normal
2024-07-16 10:30:00,AWS_Chennai_001,33.77,1001.52,75.51,0,0.126,NORMAL,None,[],0.2012,0.1999,0.1781,0,normal
2024-07-16 10:40:00,AWS_Chennai_001,34.22,1001.62,76.58,0,0.1386,NORMAL,None,[],0.2169,0.2384,0.189,0,normal
2024-07-16 10:50:00,AWS_Chennai_001,34.77,1001.64,76.02,0,0.1307,NORMAL,None,[],0.1909,0.2389,0.1883,0,normal
2024-07-16 11:00:00,AWS_Chennai_001,35.08,1001.77,74.04,0,0.1341,NORMAL,None,[],0.1828,0.2754,0.1899,0,normal
2024-07-16 11:10:00,AWS_Chennai_001,35.23,1002.2,74.32,0,0.1523,NORMAL,None,[],0.2202,0.3228,0.1889,0,normal
2024-07-16 11:20:00,AWS_Chennai_001,35.63,1002.2,76.98,0,0.1717,NORMAL,None,[],0.2716,0.3618,0.1799,0,normal
2024-07-16 11:30:00,AWS_Chennai_001,35.89,1002.14,78.52,0,0.1673,NORMAL,None,[],0.2499,0.3769,0.1792,0,normal
2024-07-16 11:40:00,AWS_Chennai_001,36.5,1002.26,78.64,0,0.1879,NORMAL,None,[],0.2998,0.3788,0.2056,0,normal
2024-07-16 11:50:00,AWS_Chennai_001,36.74,1002.33,79.95,0,0.1863,NORMAL,None,[],0.2869,0.3799,0.2161,0,normal
2024-07-16 12:00:00,AWS_Chennai_001,36.65,1002.24,81.53,0,0.191,NORMAL,None,[],0.3045,0.3514,0.2348,0,normal
2024-07-16 12:10:00,AWS_Chennai_001,37.32,1002.36,81.44,0,0.1969,NORMAL,None,[],0.3404,0.3516,0.2104,0,normal
2024-07-16 12:20:00,AWS_Chennai_001,38.17,1002.58,82.84,0,0.2067,NORMAL,None,[],0.3525,0.3945,0.2088,0,normal
2024-07-16 12:30:00,AWS_Chennai_001,38.2,1002.54,82.07,0,0.1783,NORMAL,None,[],0.2897,0.331,0.2085,0,normal
2024-07-16 12:40:00,AWS_Chennai_001,38.06,1002.37,81.56,0,0.1576,NORMAL,None,[],0.255,0.2593,0.2111,0,normal
2024-07-16 12:50:00,AWS_Chennai_001,38.04,1002.37,81.86,0,0.1646,NORMAL,None,[],0.2797,0.2441,0.2205,0,normal
2024-07-16 13:00:00,AWS_Chennai_001,37.91,1002.45,80.81,0,0.1591,NORMAL,None,[],0.2863,0.2081,0.2101,0,normal
2024-07-16 13:10:00,AWS_Chennai_001,37.72,1002.5,79.62,0,0.1423,NORMAL,None,[],0.2535,0.1616,0.2098,0,normal
2024-07-16 13:20:00,AWS_Chennai_001,37.6,1002.46,81.24,0,0.1425,NORMAL,None,[],0.2629,0.1687,0.1917,0,normal
2024-07-16 13:30:00,AWS_Chennai_001,37.45,1002.59,80.3,0,0.1413,NORMAL,None,[],0.2666,0.1493,0.1944,0,normal
2024-07-16 13:40:00,AWS_Chennai_001,37.31,1002.62,78.37,0,0.1376,NORMAL,None,[],0.2517,0.1427,0.2036,0,normal
2024-07-16 13:50:00,AWS_Chennai_001,36.74,1002.46,79.45,0,0.1236,NORMAL,None,[],0.2538,0.0623,0.1908,0,normal
2024-07-16 14:00:00,AWS_Chennai_001,36.79,1002.46,76.95,0,0.1626,NORMAL,None,[],0.3371,0.1549,0.1912,0,normal
2024-07-16 14:10:00,AWS_Chennai_001,36.91,1002.41,77.52,0,0.1408,NORMAL,None,[],0.2864,0.1291,0.1778,0,normal
2024-07-16 14:20:00,AWS_Chennai_001,36.89,1002.64,77.72,0,0.1636,NORMAL,None,[],0.3044,0.2513,0.1732,0,normal
2024-07-16 14:30:00,AWS_Chennai_001,35.67,1002.77,76.6,0,0.2068,NORMAL,None,[],0.3508,0.4594,0.1634,0,normal
2024-07-16 14:40:00,AWS_Chennai_001,35.16,1002.65,73.4,0,0.1974,NORMAL,None,[],0.317,0.4561,0.1696,0,normal
2024-07-16 14:50:00,AWS_Chennai_001,35.36,1002.51,74.96,0,0.1529,NORMAL,None,[],0.2589,0.2657,0.1766,0,normal
2024-07-16 15:00:00,AWS_Chennai_001,35.2,1002.5,76.27,0,0.1362,NORMAL,None,[],0.2256,0.2154,0.1808,0,normal
2024-07-16 15:10:00,AWS_Chennai_001,34.24,1002.61,76.89,0,0.1583,NORMAL,None,[],0.2771,0.2685,0.1744,0,normal
2024-07-16 15:20:00,AWS_Chennai_001,34.48,1002.55,77.75,0,0.1139,NORMAL,None,[],0.1953,0.1638,0.1536,0,normal
2024-07-16 15:30:00,AWS_Chennai_001,34.17,1002.65,79.17,0,0.1273,NORMAL,None,[],0.2128,0.2282,0.1462,0,normal
2024-07-16 15:40:00,AWS_Chennai_001,33.31,1002.71,77.9,0,0.1323,NORMAL,None,[],0.2137,0.2588,0.1467,0,normal
2024-07-16 15:50:00,AWS_Chennai_001,33.23,1002.67,78.46,0,0.1089,NORMAL,None,[],0.1572,0.2189,0.1445,0,normal
2024-07-16 16:00:00,AWS_Chennai_001,33.26,1002.6,77.91,0,0.0908,NORMAL,None,[],0.1377,0.1334,0.1475,0,normal
2024-07-16 16:10:00,AWS_Chennai_001,32.96,1002.35,75.47,0,0.1233,NORMAL,None,[],0.1337,0.3372,0.163,0,normal
2024-07-16 16:20:00,AWS_Chennai_001,33.24,1002.12,78.36,0,0.1201,NORMAL,None,[],0.1371,0.3385,0.141,0,normal
2024-07-16 16:30:00,AWS_Chennai_001,32.8,1002.22,80.48,0,0.134,NORMAL,None,[],0.1704,0.3658,0.1403,0,normal
2024-07-16 16:40:00,AWS_Chennai_001,32.59,1002.19,81.03,0,0.1241,NORMAL,None,[],0.1411,0.3589,0.1396,0,normal
2024-07-16 16:50:00,AWS_Chennai_001,32.57,1002.07,78.89,0,0.1076,NORMAL,None,[],0.1198,0.2868,0.1431,0,normal
2024-07-16 17:00:00,AWS_Chennai_001,32.46,1002.09,78.32,0,0.0908,NORMAL,None,[],0.0904,0.2332,0.1437,0,normal
2024-07-16 17:10:00,AWS_Chennai_001,32.65,1001.96,79.95,0,0.1042,NORMAL,None,[],0.1068,0.2911,0.1425,0,normal
2024-07-16 17:20:00,AWS_Chennai_001,32.69,1001.68,81.58,0,0.1002,NORMAL,None,[],0.0592,0.3597,0.1421,0,normal
2024-07-16 17:30:00,AWS_Chennai_001,31.79,1001.7,80.73,0,0.0966,NORMAL,None,[],0.0572,0.3403,0.1421,0,normal
2024-07-16 17:40:00,AWS_Chennai_001,31.68,1001.85,81.94,0,0.0905,NORMAL,None,[],0.0452,0.3251,0.1411,0,normal
2024-07-16 17:50:00,AWS_Chennai_001,31.72,1001.97,81.52,0,0.0756,NORMAL,None,[],0.0258,0.2598,0.1445,0,normal
2024-07-16 18:00:00,AWS_Chennai_001,31.55,1001.93,81.38,0,0.067,NORMAL,None,[],0.0,0.256,0.1429,0,normal
2024-07-16 18:10:00,AWS_Chennai_001,31.32,1001.75,82.84,0,0.0879,NORMAL,None,[],0.0358,0.3305,0.1381,0,normal
2024-07-16 18:20:00,AWS_Chennai_001,30.59,1001.9,82.81,0,0.0894,NORMAL,None,[],0.0465,0.3171,0.1393,0,normal
2024-07-16 18:30:00,AWS_Chennai_001,30.45,1001.78,82.17,0,0.0785,NORMAL,None,[],0.0189,0.2958,0.1425,0,normal
2024-07-16 18:40:00,AWS_Chennai_001,30.15,1001.96,82.76,0,0.0778,NORMAL,None,[],0.0361,0.2542,0.1442,0,normal
2024-07-16 18:50:00,AWS_Chennai_001,29.64,1001.63,83.37,0,0.0982,NORMAL,None,[],0.052,0.3525,0.1484,0,normal
2024-07-16 19:00:00,AWS_Chennai_001,29.44,1001.45,84.71,0,0.109,NORMAL,None,[],0.0557,0.4153,0.1499,0,normal
2024-07-16 19:10:00,AWS_Chennai_001,29.28,1001.41,85.61,0,0.0995,NORMAL,None,[],0.0276,0.4234,0.1383,0,normal
2024-07-16 19:20:00,AWS_Chennai_001,28.71,1001.4,85.93,0,0.102,NORMAL,None,[],0.0451,0.4064,0.1373,0,normal
2024-07-16 19:30:00,AWS_Chennai_001,28.86,1001.27,87.26,0,0.1128,NORMAL,None,[],0.069,0.4094,0.1532,0,normal
2024-07-16 19:40:00,AWS_Chennai_001,28.66,1001.37,91.27,0,0.158,NORMAL,None,[],0.2019,0.41,0.1797,0,normal
2024-07-16 19:50:00,AWS_Chennai_001,28.57,1001.24,91.62,0,0.1434,NORMAL,None,[],0.1713,0.3897,0.1679,0,normal
2024-07-16 20:00:00,AWS_Chennai_001,28.54,1001.14,91.32,0,0.1156,NORMAL,None,[],0.0956,0.3615,0.1633,0,normal
2024-07-16 20:10:00,AWS_Chennai_001,28.26,1001.34,91.5,0,0.1038,NORMAL,None,[],0.0951,0.2896,0.1592,0,normal
2024-07-16 20:20:00,AWS_Chennai_001,28.23,1001.15,89.66,0,0.0978,NORMAL,None,[],0.0843,0.2763,0.1554,0,normal
2024-07-16 20:30:00,AWS_Chennai_001,27.69,1001.16,88.63,0,0.0809,NORMAL,None,[],0.0405,0.2537,0.1536,0,normal
2024-07-16 20:40:00,AWS_Chennai_001,27.3,1001.23,90.31,0,0.0874,NORMAL,None,[],0.0586,0.2602,0.1539,0,normal
2024-07-16 20:50:00,AWS_Chennai_001,26.98,1000.66,88.39,0,0.1221,NORMAL,None,[],0.1383,0.3236,0.1601,0,normal
2024-07-16 21:00:00,AWS_Chennai_001,26.37,1000.93,88.16,0,0.1018,NORMAL,None,[],0.1092,0.261,0.1493,0,normal
2024-07-16 21:10:00,AWS_Chennai_001,25.96,1001.2,86.39,0,0.0904,NORMAL,None,[],0.1002,0.1998,0.152,0,normal
2024-07-16 21:20:00,AWS_Chennai_001,25.96,1001.08,84.5,0,0.1213,NORMAL,None,[],0.1759,0.2514,0.1542,0,normal
2024-07-16 21:30:00,AWS_Chennai_001,25.61,1001.26,84.62,0,0.1118,NORMAL,None,[],0.1652,0.2067,0.1561,0,normal
2024-07-16 21:40:00,AWS_Chennai_001,25.83,1001.17,83.95,0,0.1011,NORMAL,None,[],0.1178,0.2219,0.1623,0,normal
2024-07-16 21:50:00,AWS_Chennai_001,25.67,1001.33,83.49,0,0.1032,NORMAL,None,[],0.1116,0.2578,0.1551,0,normal
2024-07-16 22:00:00,AWS_Chennai_001,25.35,1001.15,83.13,0,0.0985,NORMAL,None,[],0.1073,0.2361,0.1545,0,normal
2024-07-16 22:10:00,AWS_Chennai_001,24.9,1001.51,84.02,0,0.1221,NORMAL,None,[],0.1406,0.3229,0.1573,0,normal
2024-07-16 22:20:00,AWS_Chennai_001,24.46,1001.62,83.47,0,0.1146,NORMAL,None,[],0.1044,0.3574,0.1486,0,normal
2024-07-16 22:30:00,AWS_Chennai_001,24.49,1001.46,83.62,0,0.0977,NORMAL,None,[],0.0887,0.2679,0.1546,0,normal
2024-07-16 22:40:00,AWS_Chennai_001,24.6,1001.44,85.44,0,0.0783,NORMAL,None,[],0.0714,0.1961,0.1371,0,normal
2024-07-16 22:50:00,AWS_Chennai_001,24.93,1001.7,83.75,0,0.1009,NORMAL,None,[],0.1078,0.2677,0.142,0,normal
2024-07-16 23:00:00,AWS_Chennai_001,25.01,1001.99,83.41,0,0.1078,NORMAL,None,[],0.1204,0.2955,0.1367,0,normal
2024-07-16 23:10:00,AWS_Chennai_001,25.36,1002.05,82.56,0,0.0972,NORMAL,None,[],0.1005,0.2666,0.1352,0,normal
2024-07-16 23:20:00,AWS_Chennai_001,25.18,1002.12,82.24,0,0.0918,NORMAL,None,[],0.0865,0.2616,0.1331,0,normal
2024-07-16 23:30:00,AWS_Chennai_001,25.51,1002.26,82.2,0,0.0917,NORMAL,None,[],0.101,0.2188,0.1428,0,normal
2024-07-16 23:40:00,AWS_Chennai_001,25.08,1002.29,85.54,0,0.1006,NORMAL,None,[],0.1465,0.2055,0.1291,0,normal
2024-07-16 23:50:00,AWS_Chennai_001,25.4,1002.47,87.09,0,0.1065,NORMAL,None,[],0.1329,0.2708,0.1301,0,normal
2024-07-17 00:00:00,AWS_Chennai_001,25.91,1002.55,90.27,0,0.1667,NORMAL,None,[],0.1916,0.4402,0.2156,0,normal
2024-07-17 00:10:00,AWS_Chennai_001,25.93,1002.54,92.72,0,0.1936,NORMAL,None,[],0.2109,0.4212,0.3356,0,normal
2024-07-17 00:20:00,AWS_Chennai_001,25.91,1002.63,93.18,0,0.1857,NORMAL,None,[],0.2047,0.3783,0.3379,0,normal
2024-07-17 00:30:00,AWS_Chennai_001,26.08,1002.68,91.46,0,0.1254,NORMAL,None,[],0.1166,0.331,0.2036,0,normal
2024-07-17 00:40:00,AWS_Chennai_001,26.24,1002.76,91.06,0,0.1084,NORMAL,None,[],0.0982,0.3219,0.1534,0,normal
2024-07-17 00:50:00,AWS_Chennai_001,25.94,1002.89,89.77,0,0.103,NORMAL,None,[],0.1205,0.2502,0.1465,0,normal
2024-07-17 01:00:00,AWS_Chennai_001,25.72,1002.63,89.49,0,0.079,NORMAL,None,[],0.0855,0.1641,0.1437,0,normal
2024-07-17 01:10:00,AWS_Chennai_001,25.96,1002.67,88.09,0,0.085,NORMAL,None,[],0.1083,0.1556,0.1457,0,normal
2024-07-17 01:20:00,AWS_Chennai_001,26.41,1002.79,87.23,0,0.0909,NORMAL,None,[],0.1076,0.1923,0.1487,0,normal
2024-07-17 01:30:00,AWS_Chennai_001,26.44,1002.79,84.74,0,0.1192,NORMAL,None,[],0.1764,0.231,0.1579,0,normal
2024-07-17 01:40:00,AWS_Chennai_001,26.52,1002.73,87.71,0,0.0958,NORMAL,None,[],0.1297,0.1766,0.1519,0,normal
2024-07-17 01:50:00,AWS_Chennai_001,26.82,1002.62,85.8,0,0.0985,NORMAL,None,[],0.1236,0.1976,0.1591,0,normal
2024-07-17 02:00:00,AWS_Chennai_001,26.61,1002.78,87.15,0,0.0984,NORMAL,None,[],0.1373,0.1736,0.1559,0,normal
2024-07-17 02:10:00,AWS_Chennai_001,27.03,1002.83,85.28,0,0.1125,NORMAL,None,[],0.1316,0.27,0.1627,0,normal
2024-07-17 02:20:00,AWS_Chennai_001,26.82,1002.66,87.21,0,0.0814,NORMAL,None,[],0.1001,0.1272,0.1614,0,normal
2024-07-17 02:30:00,AWS_Chennai_001,26.89,1002.6,87.35,0,0.0638,NORMAL,None,[],0.0352,0.1574,0.1481,0,normal
2024-07-17 02:40:00,AWS_Chennai_001,27.2,1002.84,87.33,0,0.0861,NORMAL,None,[],0.0605,0.2587,0.1455,0,normal
2024-07-17 02:50:00,AWS_Chennai_001,26.96,1003.01,86.65,0,0.0942,NORMAL,None,[],0.0632,0.3127,0.1415,0,normal
2024-07-17 03:00:00,AWS_Chennai_001,26.6,1003.04,86.77,0,0.0814,NORMAL,None,[],0.0651,0.2264,0.1394,0,normal
2024-07-17 03:10:00,AWS_Chennai_001,26.38,1003.28,86.9,0,0.1036,NORMAL,None,[],0.1118,0.2567,0.1575,0,normal
2024-07-17 03:20:00,AWS_Chennai_001,26.24,1003.2,87.4,0,0.0852,NORMAL,None,[],0.0897,0.1975,0.1436,0,normal
2024-07-17 03:30:00,AWS_Chennai_001,26.09,1003.18,85.18,0,0.0866,NORMAL,None,[],0.0519,0.2855,0.1408,0,normal
2024-07-17 03:40:00,AWS_Chennai_001,25.69,1003.39,87.16,0,0.1051,NORMAL,None,[],0.1171,0.2855,0.1359,0,normal
2024-07-17 03:50:00,AWS_Chennai_001,26.0,1003.34,85.63,0,0.0862,NORMAL,None,[],0.0582,0.2739,0.1381,0,normal
2024-07-17 04:00:00,AWS_Chennai_001,26.24,1003.41,84.77,0,0.095,NORMAL,None,[],0.0768,0.2932,0.1397,0,normal
2024-07-17 04:10:00,AWS_Chennai_001,27.01,1003.42,86.43,0,0.0876,NORMAL,None,[],0.0986,0.1952,0.1439,0,normal
2024-07-17 04:20:00,AWS_Chennai_001,26.56,1003.66,86.99,0,0.0959,NORMAL,None,[],0.1385,0.18,0.1368,0,normal
2024-07-17 04:30:00,AWS_Chennai_001,26.65,1003.57,87.98,0,0.0934,NORMAL,None,[],0.1077,0.2245,0.1373,0,normal
2024-07-17 04:40:00,AWS_Chennai_001,26.15,1003.62,88.91,0,0.1053,NORMAL,None,[],0.0941,0.3285,0.1392,0,normal
2024-07-17 04:50:00,AWS_Chennai_001,25.62,1003.71,89.11,0,0.1159,NORMAL,None,[],0.1041,0.3872,0.133,0,normal
2024-07-17 05:00:00,AWS_Chennai_001,26.24,1003.47,86.44,0,0.0816,NORMAL,None,[],0.124,0.1136,0.1366,0,normal
2024-07-17 05:10:00,AWS_Chennai_001,26.46,1003.43,89.45,0,0.0919,NORMAL,None,[],0.1239,0.1813,0.1376,0,normal
2024-07-17 05:20:00,AWS_Chennai_001,26.4,1003.39,90.97,0,0.0878,NORMAL,None,[],0.1022,0.1982,0.137,0,normal
2024-07-17 05:30:00,AWS_Chennai_001,26.6,1003.32,88.8,0,0.0711,NORMAL,None,[],0.0887,0.1118,0.1385,0,normal
2024-07-17 05:40:00,AWS_Chennai_001,27.01,1003.21,92.22,0,0.133,NORMAL,None,[],0.1753,0.3489,0.1406,0,normal
2024-07-17 05:50:00,AWS_Chennai_001,27.48,1003.04,91.11,0,0.1387,NORMAL,None,[],0.1574,0.412,0.1485,0,normal
2024-07-17 06:00:00,AWS_Chennai_001,27.28,1002.92,92.38,0,0.1336,NORMAL,None,[],0.141,0.4139,0.1459,0,normal
2024-07-17 06:10:00,AWS_Chennai_001,27.62,1003.0,91.14,0,0.1175,NORMAL,None,[],0.1197,0.3411,0.1523,0,normal
2024-07-17 06:20:00,AWS_Chennai_001,28.13,1002.87,92.76,0,0.1334,NORMAL,None,[],0.135,0.4159,0.1523,0,normal
2024-07-17 06:30:00,AWS_Chennai_001,27.83,1002.66,91.36,0,0.1233,NORMAL,None,[],0.1349,0.343,0.157,0,normal
2024-07-17 06:40:00,AWS_Chennai_001,28.23,1002.33,90.89,0,0.1206,NORMAL,None,[],0.1212,0.3638,0.1485,0,normal
2024-07-17 06:50:00,AWS_Chennai_001,28.71,1002.35,90.67,0,0.1146,NORMAL,None,[],0.1202,0.3305,0.1447,0,normal
2024-07-17 07:00:00,AWS_Chennai_001,29.38,1002.33,90.7,0,0.1123,NORMAL,None,[],0.1182,0.3213,0.1435,0,normal
2024-07-17 07:10:00,AWS_Chennai_001,29.48,1002.51,92.73,0,0.1219,NORMAL,None,[],0.1502,0.3264,0.1396,0,normal
2024-07-17 07:20:00,AWS_Chennai_001,29.77,1002.46,92.56,0,0.1128,NORMAL,None,[],0.1236,0.3033,0.1511,0,normal
2024-07-17 07:30:00,AWS_Chennai_001,29.95,1002.34,92.87,0,0.1159,NORMAL,None,[],0.1325,0.3036,0.1529,0,normal
2024-07-17 07:40:00,AWS_Chennai_001,29.88,1002.13,91.11,0,0.095,NORMAL,None,[],0.1133,0.224,0.1371,0,normal
2024-07-17 07:50:00,AWS_Chennai_001,30.31,1001.76,93.33,0,0.133,NORMAL,None,[],0.1746,0.3558,0.1364,0,normal
2024-07-17 08:00:00,AWS_Chennai_001,30.34,1001.52,92.64,0,0.1258,NORMAL,None,[],0.1673,0.3234,0.1354,0,normal
2024-07-17 08:10:00,AWS_Chennai_001,30.24,1001.39,91.35,0,0.1137,NORMAL,None,[],0.166,0.2539,0.1289,0,normal
2024-07-17 08:20:00,AWS_Chennai_001,30.43,1001.04,91.46,0,0.1388,NORMAL,None,[],0.196,0.2629,0.203,0,normal
2024-07-17 08:30:00,AWS_Chennai_001,30.46,1000.73,91.08,0,0.1472,NORMAL,None,[],0.1845,0.3066,0.2294,0,normal
2024-07-17 08:40:00,AWS_Chennai_001,30.916,1000.708,89.76,0,0.1429,NORMAL,None,[],0.1928,0.3845,0.1366,1,missing_data
2024-07-17 08:50:00,AWS_Chennai_001,31.372,1000.686,88.44,0,0.1487,NORMAL,None,[],0.1918,0.4224,0.139,1,missing_data
2024-07-17 09:00:00,AWS_Chennai_001,31.828000000000003,1000.664,87.12,0,0.1484,NORMAL,None,[],0.1791,0.43,0.1509,1,missing_data
2024-07-17 09:10:00,AWS_Chennai_001,32.284,1000.642,85.8,0,0.1489,NORMAL,None,[],0.1789,0.425,0.1571,1,missing_data
2024-07-17 09:20:00,AWS_Chennai_001,32.74,1000.62,84.48,0,0.1686,NORMAL,None,[],0.2153,0.4131,0.2103,0,normal
2024-07-17 09:30:00,AWS_Chennai_001,33.01,1000.64,84.14,0,0.1583,NORMAL,None,[],0.188,0.3741,0.2292,0,normal
2024-07-17 09:40:00,AWS_Chennai_001,33.18,1000.67,83.06,0,0.1561,NORMAL,None,[],0.1834,0.3508,0.2423,0,normal
2024-07-17 09:50:00,AWS_Chennai_001,33.5,1000.54,85.8,0,0.133,NORMAL,None,[],0.1936,0.2844,0.1612,0,normal
2024-07-17 10:00:00,AWS_Chennai_001,32.84,1000.74,86.73,0,0.1226,NORMAL,None,[],0.2102,0.1869,0.1573,0,normal
2024-07-17 10:10:00,AWS_Chennai_001,32.94,1000.62,86.41,0,0.1122,NORMAL,None,[],0.1769,0.19,0.153,0,normal
2024-07-17 10:20:00,AWS_Chennai_001,32.84,1000.64,84.67,0,0.1139,NORMAL,None,[],0.17,0.1978,0.1659,0,normal
2024-07-17 10:30:00,AWS_Chennai_001,33.33,1000.7,86.09,0,0.1111,NORMAL,None,[],0.1793,0.165,0.163,0,normal
2024-07-17 10:40:00,AWS_Chennai_001,33.49,1000.5,85.96,0,0.1157,NORMAL,None,[],0.18,0.1947,0.1626,0,normal
2024-07-17 10:50:00,AWS_Chennai_001,34.07,1000.55,83.73,0,0.1262,NORMAL,None,[],0.1814,0.249,0.1722,0,normal
2024-07-17 11:00:00,AWS_Chennai_001,34.11,1000.5,84.86,0,0.1164,NORMAL,None,[],0.1676,0.222,0.1638,0,normal
2024-07-17 11:10:00,AWS_Chennai_001,33.91,1000.46,84.42,0,0.1083,NORMAL,None,[],0.1265,0.2476,0.1658,0,normal
2024-07-17 11:20:00,AWS_Chennai_001,34.44,1000.43,83.76,0,0.1197,NORMAL,None,[],0.1223,0.3243,0.172,0,normal
2024-07-17 11:30:00,AWS_Chennai_001,34.44,1000.49,80.2,0,0.1673,NORMAL,None,[],0.2401,0.366,0.2021,0,normal
2024-07-17 11:40:00,AWS_Chennai_001,34.15,1000.48,80.53,0,0.1585,NORMAL,None,[],0.2175,0.3113,0.2326,0,normal
2024-07-17 11:50:00,AWS_Chennai_001,34.12,1000.36,79.88,0,0.1548,NORMAL,None,[],0.2207,0.3683,0.1667,0,normal
2024-07-17 12:00:00,AWS_Chennai_001,34.35,1000.74,80.29,0,0.1334,NORMAL,None,[],0.1773,0.3197,0.1614,0,normal
2024-07-17 12:10:00,AWS_Chennai_001,34.17,1000.87,79.76,0,0.1347,NORMAL,None,[],0.1746,0.343,0.1543,0,normal
2024-07-17 12:20:00,AWS_Chennai_001,33.87,1001.0,81.8,0,0.1184,NORMAL,None,[],0.1698,0.2501,0.1496,0,normal
2024-07-17 12:30:00,AWS_Chennai_001,34.4,1000.7,81.37,0,0.1082,NORMAL,None,[],0.1694,0.1785,0.1528,0,normal
2024-07-17 12:40:00,AWS_Chennai_001,34.38,1000.79,81.35,0,0.0988,NORMAL,None,[],0.1255,0.2,0.1557,0,normal
2024-07-17 12:50:00,AWS_Chennai_001,34.1,1000.88,80.81,0,0.0962,NORMAL,None,[],0.1238,0.1925,0.1508,0,normal
2024-07-17 13:00:00,AWS_Chennai_001,34.73,1000.81,80.85,0,0.1028,NORMAL,None,[],0.1258,0.2291,0.1534,0,normal
2024-07-17 13:10:00,AWS_Chennai_001,34.25,1001.15,80.18,0,0.1252,NORMAL,None,[],0.1814,0.2634,0.1562,0,normal
2024-07-17 13:20:00,AWS_Chennai_001,34.39,1001.22,78.05,0,0.1156,NORMAL,None,[],0.1241,0.3255,0.1477,0,normal
2024-07-17 13:30:00,AWS_Chennai_001,55.76,1045.06,93.89,1,0.9295,CRITICAL,Multivariate Inconsistency (Hot+Humid) | Spike / Transient Fault - Temperature | Spike / Transient Fault - Pressure,"['impossible_hot_humid', 'spike_temp', 'spike_pressure']",0.868,0.8338,0.97,1,multivariate_inconsistency
2024-07-17 13:40:00,AWS_Chennai_001,34.64,1001.46,79.18,1,0.5933,MEDIUM,Spike / Transient Fault - Temperature | Spike / Transient Fault - Pressure,"['spike_temp', 'spike_pressure']",0.7378,0.0826,0.0479,0,normal
2024-07-17 13:50:00,AWS_Chennai_001,34.98,1001.68,79.54,0,0.2111,NORMAL,None,[],0.6444,0.0647,0.0405,0,normal
2024-07-17 14:00:00,AWS_Chennai_001,34.99,1001.68,78.18,0,0.2375,NORMAL,None,[],0.7183,0.0865,0.0452,0,normal
2024-07-17 14:10:00,AWS_Chennai_001,35.27,1001.59,78.16,0,0.2065,NORMAL,None,[],0.6202,0.078,0.0438,0,normal
2024-07-17 14:20:00,AWS_Chennai_001,34.86,1001.63,77.57,0,0.2147,NORMAL,None,[],0.6458,0.0895,0.038,0,normal
2024-07-17 14:30:00,AWS_Chennai_001,35.04,1001.54,73.85,0,0.1873,NORMAL,None,[],0.5022,0.147,0.0729,0,normal
2024-07-17 14:40:00,AWS_Chennai_001,35.13,1001.77,73.32,0,0.1614,NORMAL,None,[],0.4255,0.1379,0.0652,0,normal
2024-07-17 14:50:00,AWS_Chennai_001,35.13,1001.81,73.14,0,0.1648,NORMAL,None,[],0.4425,0.1284,0.0639,0,normal
2024-07-17 15:00:00,AWS_Chennai_001,35.2,1001.94,74.67,0,0.1472,NORMAL,None,[],0.3978,0.0951,0.0677,0,normal
2024-07-17 15:10:00,AWS_Chennai_001,35.09,1002.0,75.14,0,0.1421,NORMAL,None,[],0.3882,0.0848,0.0648,0,normal
2024-07-17 15:20:00,AWS_Chennai_001,35.08,1002.01,73.49,0,0.1475,NORMAL,None,[],0.3881,0.1032,0.0781,0,normal
2024-07-17 15:30:00,AWS_Chennai_001,35.02,1002.09,74.26,0,0.1537,NORMAL,None,[],0.4197,0.0863,0.074,0,normal
2024-07-17 15:40:00,AWS_Chennai_001,35.26,1002.22,75.98,0,0.1429,NORMAL,None,[],0.4089,0.0528,0.0616,0,normal
2024-07-17 15:50:00,AWS_Chennai_001,34.81,1002.35,76.09,0,0.1375,NORMAL,None,[],0.3925,0.0543,0.0582,0,normal
2024-07-17 16:00:00,AWS_Chennai_001,34.34,1002.49,74.4,0,0.1312,NORMAL,None,[],0.3582,0.0815,0.0574,0,normal
2024-07-17 16:10:00,AWS_Chennai_001,33.69,1002.42,79.03,0,0.1621,NORMAL,None,[],0.4513,0.0788,0.0747,0,normal
2024-07-17 16:20:00,AWS_Chennai_001,33.61,1002.54,79.55,0,0.1518,NORMAL,None,[],0.4177,0.0855,0.0682,0,normal
2024-07-17 16:30:00,AWS_Chennai_001,33.23,1002.64,78.1,0,0.1414,NORMAL,None,[],0.1968,0.3662,0.1369,0,normal
2024-07-17 16:40:00,AWS_Chennai_001,33.28,1002.29,76.77,0,0.1083,NORMAL,None,[],0.1598,0.2173,0.1386,0,normal
2024-07-17 16:50:00,AWS_Chennai_001,33.66,1002.52,75.81,0,0.1126,NORMAL,None,[],0.1885,0.1883,0.1387,0,normal
2024-07-17 17:00:00,AWS_Chennai_001,33.65,1002.6,77.26,0,0.1004,NORMAL,None,[],0.13,0.2269,0.1368,0,normal
2024-07-17 17:10:00,AWS_Chennai_001,33.4,1002.24,80.28,0,0.1207,NORMAL,None,[],0.191,0.2525,0.1277,0,normal
2024-07-17 17:20:00,AWS_Chennai_001,32.97,1002.34,82.28,0,0.136,NORMAL,None,[],0.1992,0.3153,0.1446,0,normal
2024-07-17 17:30:00,AWS_Chennai_001,32.67,1002.33,82.82,0,0.1306,NORMAL,None,[],0.1808,0.2937,0.1615,0,normal
2024-07-17 17:40:00,AWS_Chennai_001,32.22,1002.27,83.67,0,0.1368,NORMAL,None,[],0.1821,0.2829,0.1989,0,normal
2024-07-17 17:50:00,AWS_Chennai_001,32.49,1002.45,82.18,0,0.1168,NORMAL,None,[],0.1659,0.2461,0.1506,0,normal
2024-07-17 18:00:00,AWS_Chennai_001,32.43,1002.05,82.33,0,0.1201,NORMAL,None,[],0.1557,0.2878,0.1513,0,normal
2024-07-17 18:10:00,AWS_Chennai_001,31.7,1002.12,83.59,0,0.1291,NORMAL,None,[],0.1652,0.3165,0.1604,0,normal
2024-07-17 18:20:00,AWS_Chennai_001,30.88,1001.93,84.3,0,0.1385,NORMAL,None,[],0.157,0.4128,0.1473,0,normal
2024-07-17 18:30:00,AWS_Chennai_001,30.56,1001.82,84.31,0,0.1253,NORMAL,None,[],0.1236,0.4094,0.1344,0,normal
2024-07-17 18:40:00,AWS_Chennai_001,29.81,1001.98,86.4,0,0.1476,NORMAL,None,[],0.1904,0.3886,0.1612,0,normal
2024-07-17 18:50:00,AWS_Chennai_001,29.8,1001.91,87.23,0,0.1377,NORMAL,None,[],0.1698,0.3723,0.1547,0,normal
2024-07-17 19:00:00,AWS_Chennai_001,29.98,1001.76,87.3,0,0.1157,NORMAL,None,[],0.1103,0.3593,0.1435,0,normal
2024-07-17 19:10:00,AWS_Chennai_001,29.14,1001.72,87.65,0,0.1222,NORMAL,None,[],0.1306,0.3614,0.144,0,normal
2024-07-17 19:20:00,AWS_Chennai_001,28.78,1001.74,88.41,0,0.1161,NORMAL,None,[],0.1241,0.3381,0.1408,0,normal
2024-07-17 19:30:00,AWS_Chennai_001,29.0,1001.53,87.8,0,0.1152,NORMAL,None,[],0.1254,0.3251,0.1443,0,normal
2024-07-17 19:40:00,AWS_Chennai_001,29.04,1001.45,88.0,0,0.1046,NORMAL,None,[],0.0991,0.3038,0.1464,0,normal
2024-07-17 19:50:00,AWS_Chennai_001,29.52,1001.22,88.12,0,0.1112,NORMAL,None,[],0.1262,0.2973,0.1439,0,normal
2024-07-17 20:00:00,AWS_Chennai_001,29.07,1001.34,87.47,0,0.0977,NORMAL,None,[],0.1162,0.2558,0.1225,0,normal
2024-07-17 20:10:00,AWS_Chennai_001,28.97,1001.42,88.86,0,0.0981,NORMAL,None,[],0.1118,0.2584,0.129,0,normal
2024-07-17 20:20:00,AWS_Chennai_001,28.85,1001.38,87.89,0,0.0828,NORMAL,None,[],0.0817,0.2195,0.1268,0,normal
2024-07-17 20:30:00,AWS_Chennai_001,28.65,1001.37,88.91,0,0.0904,NORMAL,None,[],0.0963,0.2401,0.1272,0,normal
2024-07-17 20:40:00,AWS_Chennai_001,28.42,1001.61,88.88,0,0.0804,NORMAL,None,[],0.0929,0.1788,0.1285,0,normal
2024-07-17 20:50:00,AWS_Chennai_001,28.6,1001.95,91.79,0,0.1246,NORMAL,None,[],0.1811,0.2893,0.1346,0,normal
2024-07-17 21:00:00,AWS_Chennai_001,28.64,1001.87,93.84,0,0.1272,NORMAL,None,[],0.1805,0.3015,0.139,0,normal
2024-07-17 21:10:00,AWS_Chennai_001,28.14,1001.71,94.39,0,0.1237,NORMAL,None,[],0.1712,0.2924,0.1423,0,normal
2024-07-17 21:20:00,AWS_Chennai_001,28.08,1001.72,95.78,0,0.1394,NORMAL,None,[],0.2043,0.3039,0.1626,0,normal
2024-07-17 21:30:00,AWS_Chennai_001,27.79,1001.91,96.68,0,0.1465,NORMAL,None,[],0.1907,0.3784,0.1629,0,normal
2024-07-17 21:40:00,AWS_Chennai_001,27.5,1002.06,98.09,0,0.162,NORMAL,None,[],0.2162,0.4265,0.1656,0,normal
2024-07-17 21:50:00,AWS_Chennai_001,27.47,1001.85,95.68,0,0.1267,NORMAL,None,[],0.1747,0.289,0.1547,0,normal
2024-07-17 22:00:00,AWS_Chennai_001,27.36,1001.66,97.88,0,0.1308,NORMAL,None,[],0.1997,0.2574,0.1616,0,normal
2024-07-17 22:10:00,AWS_Chennai_001,27.89,1001.56,100.0,0,0.1502,NORMAL,None,[],0.2775,0.2188,0.1705,0,normal
2024-07-17 22:20:00,AWS_Chennai_001,27.84,1001.58,100.0,0,0.1878,NORMAL,None,[],0.3378,0.1909,0.2889,0,normal
2024-07-17 22:30:00,AWS_Chennai_001,27.95,1001.53,100.0,0,0.1767,NORMAL,None,[],0.3323,0.1744,0.2541,0,normal
2024-07-17 22:40:00,AWS_Chennai_001,28.05,1001.91,100.0,0,0.1891,NORMAL,None,[],0.3717,0.1977,0.2397,0,normal
2024-07-17 22:50:00,AWS_Chennai_001,28.02,1002.05,98.72,0,0.1767,NORMAL,None,[],0.3316,0.1991,0.2369,0,normal
2024-07-17 23:00:00,AWS_Chennai_001,28.09,1001.94,100.0,0,0.1816,NORMAL,None,[],0.3588,0.1531,0.2551,0,normal
2024-07-17 23:10:00,AWS_Chennai_001,28.02,1001.97,100.0,0,0.1854,NORMAL,None,[],0.3521,0.1515,0.2855,0,normal
2024-07-17 23:20:00,AWS_Chennai_001,27.64,1001.91,99.38,0,0.1765,NORMAL,None,[],0.3486,0.1695,0.2328,0,normal
2024-07-17 23:30:00,AWS_Chennai_001,27.37,1002.21,97.49,0,0.1805,NORMAL,None,[],0.3385,0.2619,0.1984,0,normal
2024-07-17 23:40:00,AWS_Chennai_001,27.38,1002.1,95.11,0,0.171,NORMAL,None,[],0.3369,0.2565,0.1571,0,normal
2024-07-17 23:50:00,AWS_Chennai_001,26.61,1002.29,93.51,0,0.2205,NORMAL,None,[],0.4007,0.4598,0.1564,0,normal
2024-07-18 00:00:00,AWS_Chennai_001,26.35,1002.4,94.61,0,0.2061,NORMAL,None,[],0.3583,0.4321,0.1689,0,normal
2024-07-18 00:10:00,AWS_Chennai_001,26.01,1002.53,96.99,0,0.1782,NORMAL,None,[],0.3073,0.3579,0.1616,0,normal
2024-07-18 00:20:00,AWS_Chennai_001,26.03,1002.47,94.89,0,0.1657,NORMAL,None,[],0.2699,0.3581,0.1549,0,normal
2024-07-18 00:30:00,AWS_Chennai_001,26.03,1002.51,96.15,0,0.1701,NORMAL,None,[],0.2865,0.286,0.2065,0,normal
2024-07-18 00:40:00,AWS_Chennai_001,26.13,1002.46,93.81,0,0.1794,NORMAL,None,[],0.3222,0.3027,0.1867,0,normal
2024-07-18 00:50:00,AWS_Chennai_001,25.65,1002.52,93.7,0,0.172,NORMAL,None,[],0.2927,0.3212,0.18,0,normal
2024-07-18 01:00:00,AWS_Chennai_001,25.63,1002.48,94.63,0,0.1495,NORMAL,None,[],0.2802,0.2554,0.1358,0,normal
2024-07-18 01:10:00,AWS_Chennai_001,25.74,1002.76,94.91,0,0.15,NORMAL,None,[],0.2674,0.2665,0.1491,0,normal
2024-07-18 01:20:00,AWS_Chennai_001,25.72,1002.87,94.25,0,0.1509,NORMAL,None,[],0.2652,0.2786,0.1477,0,normal
2024-07-18 01:30:00,AWS_Chennai_001,25.96,1002.94,94.76,0,0.1341,NORMAL,None,[],0.1939,0.2379,0.2013,0,normal
2024-07-18 01:40:00,AWS_Chennai_001,26.21,1003.22,94.97,0,0.1392,NORMAL,None,[],0.2092,0.2272,0.2117,0,normal
2024-07-18 01:50:00,AWS_Chennai_001,26.05,1003.31,94.0,0,0.1409,NORMAL,None,[],0.216,0.2465,0.1959,0,normal
2024-07-18 02:00:00,AWS_Chennai_001,25.87,1003.56,93.73,0,0.1514,NORMAL,None,[],0.2229,0.2722,0.2185,0,normal
2024-07-18 02:10:00,AWS_Chennai_001,25.51,1003.5,92.71,0,0.1268,NORMAL,None,[],0.1644,0.3155,0.1508,0,normal
2024-07-18 02:20:00,AWS_Chennai_001,25.38,1003.24,92.44,0,0.1093,NORMAL,None,[],0.1185,0.2978,0.1453,0,normal
2024-07-18 02:30:00,AWS_Chennai_001,25.17,1003.42,94.0,0,0.1078,NORMAL,None,[],0.15,0.2446,0.1305,0,normal
2024-07-18 02:40:00,AWS_Chennai_001,25.01,1003.19,92.94,0,0.122,NORMAL,None,[],0.1713,0.2934,0.1327,0,normal
2024-07-18 02:50:00,AWS_Chennai_001,25.28,1003.18,91.05,0,0.1047,NORMAL,None,[],0.1083,0.3106,0.1279,0,normal
2024-07-18 03:00:00,AWS_Chennai_001,25.27,1003.31,90.62,0,0.1106,NORMAL,None,[],0.1321,0.3057,0.1255,0,normal
2024-07-18 03:10:00,AWS_Chennai_001,25.09,1003.18,90.27,0,0.1046,NORMAL,None,[],0.1189,0.2931,0.1246,0,normal
2024-07-18 03:20:00,AWS_Chennai_001,25.15,1003.36,90.76,0,0.1035,NORMAL,None,[],0.1339,0.2592,0.122,0,normal
2024-07-18 03:30:00,AWS_Chennai_001,25.38,1003.37,89.48,0,0.098,NORMAL,None,[],0.1232,0.2384,0.1264,0,normal
2024-07-18 03:40:00,AWS_Chennai_001,25.77,1003.2,88.74,0,0.088,NORMAL,None,[],0.1066,0.2047,0.1265,0,normal
2024-07-18 03:50:00,AWS_Chennai_001,25.94,1003.25,87.4,0,0.0867,NORMAL,None,[],0.0787,0.2501,0.128,0,normal
2024-07-18 04:00:00,AWS_Chennai_001,25.49,1003.32,89.21,0,0.072,NORMAL,None,[],0.0876,0.1324,0.1295,0,normal
2024-07-18 04:10:00,AWS_Chennai_001,25.5,1003.11,89.41,0,0.0646,NORMAL,None,[],0.0583,0.1425,0.1286,0,normal
2024-07-18 04:20:00,AWS_Chennai_001,25.87,1003.1,88.63,0,0.0756,NORMAL,None,[],0.0474,0.2337,0.1317,0,normal
2024-07-18 04:30:00,AWS_Chennai_001,26.06,1003.34,92.04,0,0.0942,NORMAL,None,[],0.1472,0.1581,0.1314,0,normal
2024-07-18 04:40:00,AWS_Chennai_001,26.17,1003.26,89.85,0,0.0794,NORMAL,None,[],0.085,0.1815,0.1334,0,normal
2024-07-18 04:50:00,AWS_Chennai_001,25.89,1003.39,91.18,0,0.0782,NORMAL,None,[],0.1015,0.1426,0.1317,0,normal
2024-07-18 05:00:00,AWS_Chennai_001,26.1,1003.16,92.16,0,0.0869,NORMAL,None,[],0.0816,0.2417,0.131,0,normal
2024-07-18 05:10:00,AWS_Chennai_001,26.43,1003.14,90.82,0,0.0815,NORMAL,None,[],0.0603,0.234,0.1417,0,normal
2024-07-18 05:20:00,AWS_Chennai_001,26.35,1002.85,87.37,0,0.127,NORMAL,None,[],0.1013,0.4385,0.1541,0,normal
2024-07-18 05:30:00,AWS_Chennai_001,26.32,1002.81,86.7,0,0.1191,NORMAL,None,[],0.0901,0.4101,0.1529,0,normal
2024-07-18 05:40:00,AWS_Chennai_001,26.79,1002.54,88.74,0,0.1289,NORMAL,None,[],0.1324,0.3956,0.1492,0,normal
2024-07-18 05:50:00,AWS_Chennai_001,27.15,1002.28,92.58,0,0.1532,NORMAL,None,[],0.1613,0.4857,0.1598,0,normal
2024-07-18 06:00:00,AWS_Chennai_001,27.28,1002.05,90.77,0,0.1357,NORMAL,None,[],0.1582,0.3797,0.1562,0,normal
2024-07-18 06:10:00,AWS_Chennai_001,27.33,1001.93,89.63,0,0.1081,NORMAL,None,[],0.1101,0.3048,0.1466,0,normal
2024-07-18 06:20:00,AWS_Chennai_001,27.6,1002.06,88.42,0,0.1204,NORMAL,None,[],0.1348,0.3188,0.1608,0,normal
2024-07-18 06:30:00,AWS_Chennai_001,27.86,1002.15,87.5,0,0.1081,NORMAL,None,[],0.0904,0.3267,0.1601,0,normal
2024-07-18 06:40:00,AWS_Chennai_001,27.81,1002.1,82.59,0,0.1644,NORMAL,None,[],0.2018,0.4157,0.2077,0,normal
2024-07-18 06:50:00,AWS_Chennai_001,27.95,1002.34,82.07,0,0.1464,NORMAL,None,[],0.1761,0.3417,0.2115,0,normal
2024-07-18 07:00:00,AWS_Chennai_001,28.7,1002.31,81.77,0,0.1426,NORMAL,None,[],0.1642,0.3515,0.2031,0,normal
2024-07-18 07:10:00,AWS_Chennai_001,28.98,1002.29,80.88,0,0.125,NORMAL,None,[],0.1197,0.3358,0.1935,0,normal
2024-07-18 07:20:00,AWS_Chennai_001,28.75,1002.15,79.94,0,0.1128,NORMAL,None,[],0.1015,0.3085,0.1802,0,normal
2024-07-18 07:30:00,AWS_Chennai_001,29.14,1002.17,79.43,0,0.1073,NORMAL,None,[],0.0901,0.2981,0.1776,0,normal
2024-07-18 07:40:00,AWS_Chennai_001,29.49,1002.15,76.25,0,0.1325,NORMAL,None,[],0.1671,0.3205,0.1717,0,normal
2024-07-18 07:50:00,AWS_Chennai_001,29.96,1001.87,76.24,0,0.1363,NORMAL,None,[],0.1744,0.3533,0.155,0,normal
2024-07-18 08:00:00,AWS_Chennai_001,30.68,1001.93,74.48,0,0.1574,NORMAL,None,[],0.2442,0.3575,0.1526,0,normal
2024-07-18 08:10:00,AWS_Chennai_001,30.9,1001.88,75.21,0,0.1282,NORMAL,None,[],0.1588,0.3327,0.1532,0,normal
2024-07-18 08:20:00,AWS_Chennai_001,30.67,1002.15,76.15,0,0.117,NORMAL,None,[],0.1835,0.2044,0.1563,0,normal
2024-07-18 08:30:00,AWS_Chennai_001,51.43,1048.27,98.01,1,0.9366,CRITICAL,Multivariate Inconsistency (Hot+Humid) | Spike / Transient Fault - Temperature | Spike / Transient Fault - Pressure,"['impossible_hot_humid', 'spike_temp', 'spike_pressure']",0.9327,0.7432,0.9766,1,multivariate_inconsistency
2024-07-18 08:40:00,AWS_Chennai_001,31.28,1002.03,75.37,1,0.608,MEDIUM,Spike / Transient Fault - Temperature | Spike / Transient Fault - Pressure,"['spike_temp', 'spike_pressure']",0.7799,0.1101,0.0376,0,normal
2024-07-18 08:50:00,AWS_Chennai_001,31.62,1001.96,75.58,0,0.2271,NORMAL,None,[],0.6828,0.1023,0.0346,0,normal
2024-07-18 09:00:00,AWS_Chennai_001,31.95,1001.75,71.85,1,0.256,LOW,Multivariate Statistical Outlier (Isolation Forest),[],0.7703,0.1348,0.0236,0,normal
2024-07-18 09:10:00,AWS_Chennai_001,32.07,1001.52,72.76,0,0.2328,NORMAL,None,[],0.6939,0.1157,0.0363,0,normal
2024-07-18 09:20:00,AWS_Chennai_001,32.59,1001.48,70.97,0,0.236,NORMAL,None,[],0.6998,0.1297,0.0332,0,normal
2024-07-18 09:30:00,AWS_Chennai_001,32.72,1001.34,73.1,0,0.1703,NORMAL,None,[],0.4627,0.0972,0.0847,0,normal
2024-07-18 09:40:00,AWS_Chennai_001,32.88,1001.52,72.19,0,0.145,NORMAL,None,[],0.3756,0.098,0.0882,0,normal
2024-07-18 09:50:00,AWS_Chennai_001,33.03,1001.39,73.28,0,0.1415,NORMAL,None,[],0.3712,0.0783,0.0922,0,normal
2024-07-18 10:00:00,AWS_Chennai_001,33.12,1001.31,71.41,0,0.1364,NORMAL,None,[],0.3522,0.0919,0.0848,0,normal
2024-07-18 10:10:00,AWS_Chennai_001,33.56,1001.44,70.92,0,0.1412,NORMAL,None,[],0.3701,0.0928,0.0814,0,normal
2024-07-18 10:20:00,AWS_Chennai_001,33.49,1001.54,73.17,0,0.1291,NORMAL,None,[],0.3476,0.0557,0.0824,0,normal
2024-07-18 10:30:00,AWS_Chennai_001,32.58,1001.73,73.91,0,0.1371,NORMAL,None,[],0.3854,0.0379,0.0789,0,normal
2024-07-18 10:40:00,AWS_Chennai_001,32.93,1001.68,72.63,0,0.1327,NORMAL,None,[],0.3631,0.0488,0.0824,0,normal
2024-07-18 10:50:00,AWS_Chennai_001,33.22,1001.45,74.88,0,0.1171,NORMAL,None,[],0.3265,0.0226,0.0788,0,normal
2024-07-18 11:00:00,AWS_Chennai_001,33.55,1001.36,75.92,0,0.1267,NORMAL,None,[],0.3546,0.0326,0.0772,0,normal
2024-07-18 11:10:00,AWS_Chennai_001,33.28,1001.52,77.19,0,0.137,NORMAL,None,[],0.3823,0.0516,0.073,0,normal
2024-07-18 11:20:00,AWS_Chennai_001,33.48,1001.67,75.77,0,0.1257,NORMAL,None,[],0.3551,0.0326,0.0714,0,normal
2024-07-18 11:30:00,AWS_Chennai_001,32.9,1001.83,77.39,0,0.1175,NORMAL,None,[],0.1821,0.2282,0.1432,0,normal
2024-07-18 11:40:00,AWS_Chennai_001,33.48,1001.86,75.89,0,0.1222,NORMAL,None,[],0.1834,0.2562,0.1437,0,normal
2024-07-18 11:50:00,AWS_Chennai_001,32.93,1002.4,77.01,0,0.1677,NORMAL,None,[],0.2765,0.3426,0.1666,0,normal
2024-07-18 12:00:00,AWS_Chennai_001,33.24,1002.34,77.38,0,0.1468,NORMAL,None,[],0.2428,0.3053,0.1411,0,normal
2024-07-18 12:10:00,AWS_Chennai_001,33.47,1002.33,77.94,0,0.1331,NORMAL,None,[],0.2,0.3193,0.1261,0,normal
2024-07-18 12:20:00,AWS_Chennai_001,33.64,1002.62,75.48,0,0.1321,NORMAL,None,[],0.214,0.2855,0.1252,0,normal
2024-07-18 12:30:00,AWS_Chennai_001,33.67,1002.66,75.72,0,0.121,NORMAL,None,[],0.1883,0.2656,0.1234,0,normal
2024-07-18 12:40:00,AWS_Chennai_001,33.0,1002.67,76.64,0,0.1127,NORMAL,None,[],0.179,0.2334,0.1199,0,normal
2024-07-18 12:50:00,AWS_Chennai_001,32.35,1002.89,77.77,0,0.1324,NORMAL,None,[],0.1703,0.3843,0.1185,0,normal
2024-07-18 13:00:00,AWS_Chennai_001,33.21,1002.79,76.52,0,0.1062,NORMAL,None,[],0.2003,0.1384,0.1265,0,normal
2024-07-18 13:10:00,AWS_Chennai_001,32.98,1002.77,76.12,0,0.092,NORMAL,None,[],0.1538,0.1399,0.1244,0,normal
2024-07-18 13:20:00,AWS_Chennai_001,32.52,1002.65,77.45,0,0.1087,NORMAL,None,[],0.1592,0.2492,0.1179,0,normal
2024-07-18 13:30:00,AWS_Chennai_001,32.45,1002.93,75.31,0,0.1137,NORMAL,None,[],0.1568,0.2734,0.128,0,normal
2024-07-18 13:40:00,AWS_Chennai_001,32.82,1002.84,75.91,0,0.0985,NORMAL,None,[],0.1622,0.1716,0.1205,0,normal
2024-07-18 13:50:00,AWS_Chennai_001,32.99,1002.95,73.0,0,0.1309,NORMAL,None,[],0.1934,0.3122,0.1301,0,normal
2024-07-18 14:00:00,AWS_Chennai_001,33.27,1002.98,73.34,0,0.104,NORMAL,None,[],0.1273,0.2669,0.1289,0,normal
2024-07-18 14:10:00,AWS_Chennai_001,33.75,1003.23,76.06,0,0.1163,NORMAL,None,[],0.1818,0.2275,0.1383,0,normal
2024-07-18 14:20:00,AWS_Chennai_001,33.38,1003.39,75.69,0,0.1085,NORMAL,None,[],0.171,0.202,0.1346,0,normal
2024-07-18 14:30:00,AWS_Chennai_001,33.08,1003.36,73.97,0,0.1016,NORMAL,None,[],0.1321,0.2292,0.1378,0,normal
2024-07-18 14:40:00,AWS_Chennai_001,33.09,1003.47,73.61,0,0.1084,NORMAL,None,[],0.1448,0.2444,0.1416,0,normal
2024-07-18 14:50:00,AWS_Chennai_001,33.27,1003.66,74.51,0,0.1101,NORMAL,None,[],0.158,0.2316,0.1397,0,normal
2024-07-18 15:00:00,AWS_Chennai_001,33.81,1003.68,73.03,0,0.1315,NORMAL,None,[],0.1653,0.3576,0.1414,0,normal
2024-07-18 15:10:00,AWS_Chennai_001,33.59,1003.62,73.89,0,0.1104,NORMAL,None,[],0.1507,0.2485,0.1397,0,normal
2024-07-18 15:20:00,AWS_Chennai_001,33.85,1003.43,73.96,0,0.1046,NORMAL,None,[],0.1311,0.2325,0.1521,0,normal
2024-07-18 15:30:00,AWS_Chennai_001,33.91,1003.45,77.17,0,0.1115,NORMAL,None,[],0.148,0.2659,0.136,0,normal
2024-07-18 15:40:00,AWS_Chennai_001,33.34,1003.5,77.92,0,0.0994,NORMAL,None,[],0.1428,0.2022,0.1312,0,normal
2024-07-18 15:50:00,AWS_Chennai_001,33.41,1003.71,77.26,0,0.1037,NORMAL,None,[],0.1528,0.2131,0.1293,0,normal
2024-07-18 16:00:00,AWS_Chennai_001,32.88,1003.39,76.85,0,0.1081,NORMAL,None,[],0.1954,0.1569,0.1296,0,normal
2024-07-18 16:10:00,AWS_Chennai_001,32.88,1003.33,79.77,0,0.1216,NORMAL,None,[],0.207,0.2277,0.1268,0,normal
2024-07-18 16:20:00,AWS_Chennai_001,32.41,1003.27,78.7,0,0.1266,NORMAL,None,[],0.2016,0.2694,0.1285,0,normal
2024-07-18 16:30:00,AWS_Chennai_001,32.1,1003.28,80.49,0,0.1346,NORMAL,None,[],0.1929,0.3388,0.1293,0,normal
2024-07-18 16:40:00,AWS_Chennai_001,32.04,1003.11,79.04,0,0.1356,NORMAL,None,[],0.1993,0.3305,0.1314,0,normal
2024-07-18 16:50:00,AWS_Chennai_001,31.9,1003.02,80.58,0,0.1422,NORMAL,None,[],0.1923,0.3865,0.1327,0,normal
2024-07-18 17:00:00,AWS_Chennai_001,31.37,1003.21,85.2,0,0.1816,NORMAL,None,[],0.2765,0.4204,0.1777,0,normal
2024-07-18 17:10:00,AWS_Chennai_001,31.31,1003.15,85.7,0,0.1629,NORMAL,None,[],0.2148,0.3886,0.2011,0,normal
2024-07-18 17:20:00,AWS_Chennai_001,31.37,1002.92,86.05,0,0.1724,NORMAL,None,[],0.2397,0.3986,0.2035,0,normal
2024-07-18 17:30:00,AWS_Chennai_001,31.2,1002.78,87.64,0,0.1718,NORMAL,None,[],0.226,0.4058,0.2157,0,normal
2024-07-18 17:40:00,AWS_Chennai_001,30.85,1002.84,88.28,0,0.1591,NORMAL,None,[],0.2315,0.3663,0.1734,0,normal
2024-07-18 17:50:00,AWS_Chennai_001,31.07,1002.75,87.63,0,0.1417,NORMAL,None,[],0.2087,0.3196,0.1556,0,normal
2024-07-18 18:00:00,AWS_Chennai_001,30.75,1002.79,90.09,0,0.1468,NORMAL,None,[],0.2211,0.3274,0.1566,0,normal
2024-07-18 18:10:00,AWS_Chennai_001,30.72,1002.37,91.92,0,0.1722,NORMAL,None,[],0.2792,0.3911,0.149,0,normal
2024-07-18 18:20:00,AWS_Chennai_001,30.44,1002.3,88.35,0,0.1366,NORMAL,None,[],0.1905,0.326,0.1526,0,normal
2024-07-18 18:30:00,AWS_Chennai_001,29.96,1002.32,86.94,0,0.123,NORMAL,None,[],0.1615,0.2973,0.1497,0,normal
2024-07-18 18:40:00,AWS_Chennai_001,28.95,1002.22,85.66,0,0.1444,NORMAL,None,[],0.2293,0.3119,0.1443,0,normal
2024-07-18 18:50:00,AWS_Chennai_001,28.9,1002.29,86.23,0,0.1339,NORMAL,None,[],0.2103,0.2763,0.1467,0,normal
2024-07-18 19:00:00,AWS_Chennai_001,28.63,1002.11,86.69,0,0.1213,NORMAL,None,[],0.1678,0.2883,0.1384,0,normal
2024-07-18 19:10:00,AWS_Chennai_001,28.22,1002.05,88.58,0,0.1139,NORMAL,None,[],0.131,0.3151,0.1367,0,normal
2024-07-18 19:20:00,AWS_Chennai_001,28.0,1002.0,89.52,0,0.1135,NORMAL,None,[],0.1285,0.3139,0.1395,0,normal
2024-07-18 19:30:00,AWS_Chennai_001,27.69,1001.93,88.63,0,0.1043,NORMAL,None,[],0.1131,0.2836,0.139,0,normal
2024-07-18 19:40:00,AWS_Chennai_001,27.29,1001.96,87.14,0,0.0914,NORMAL,None,[],0.1005,0.2282,0.1349,0,normal
2024-07-18 19:50:00,AWS_Chennai_001,27.17,1001.84,86.2,0,0.1005,NORMAL,None,[],0.1146,0.2795,0.1209,0,normal
2024-07-18 20:00:00,AWS_Chennai_001,27.17,1001.56,84.87,0,0.1269,NORMAL,None,[],0.168,0.3505,0.1196,0,normal
2024-07-18 20:10:00,AWS_Chennai_001,26.78,1001.33,84.38,0,0.1364,NORMAL,None,[],0.1831,0.3816,0.1211,0,normal
2024-07-18 20:20:00,AWS_Chennai_001,26.7,1001.29,85.01,0,0.1246,NORMAL,None,[],0.1697,0.3292,0.1217,0,normal
2024-07-18 20:30:00,AWS_Chennai_001,26.51,1001.26,87.35,0,0.0936,NORMAL,None,[],0.1117,0.2242,0.1323,0,normal
2024-07-18 20:40:00,AWS_Chennai_001,25.87,1001.28,87.26,0,0.0928,NORMAL,None,[],0.1087,0.2255,0.1318,0,normal
2024-07-18 20:50:00,AWS_Chennai_001,25.71,1001.12,84.52,0,0.1133,NORMAL,None,[],0.1216,0.3247,0.1408,0,normal
2024-07-18 21:00:00,AWS_Chennai_001,25.66,1000.94,85.97,0,0.0968,NORMAL,None,[],0.0926,0.2722,0.1412,0,normal
2024-07-18 21:10:00,AWS_Chennai_001,25.38,1000.85,85.7,0,0.0925,NORMAL,None,[],0.0723,0.2784,0.1454,0,normal
2024-07-18 21:20:00,AWS_Chennai_001,25.52,1000.98,87.01,0,0.0817,NORMAL,None,[],0.0716,0.214,0.1405,0,normal
2024-07-18 21:30:00,AWS_Chennai_001,25.31,1001.09,85.15,0,0.083,NORMAL,None,[],0.0651,0.2361,0.1402,0,normal
2024-07-18 21:40:00,AWS_Chennai_001,25.47,1001.16,86.33,0,0.0709,NORMAL,None,[],0.0725,0.144,0.1377,0,normal
2024-07-18 21:50:00,AWS_Chennai_001,25.2,1001.13,88.56,0,0.0862,NORMAL,None,[],0.0791,0.2392,0.1329,0,normal
2024-07-18 22:00:00,AWS_Chennai_001,24.72,1001.2,88.13,0,0.0749,NORMAL,None,[],0.0535,0.2168,0.1319,0,normal
2024-07-18 22:10:00,AWS_Chennai_001,24.69,1001.28,86.73,0,0.057,NORMAL,None,[],0.038,0.1269,0.1326,0,normal
2024-07-18 22:20:00,AWS_Chennai_001,24.87,994.77,86.67,1,0.277,LOW,None,[],0.3649,0.3909,0.5445,1,noise_burst_pressure
2024-07-18 22:30:00,AWS_Chennai_001,24.38,994.53,84.98,1,0.2797,LOW,None,[],0.399,0.394,0.5048,1,noise_burst_pressure
2024-07-18 22:40:00,AWS_Chennai_001,24.51,1002.85,84.77,0,0.2345,NORMAL,None,[],0.2703,0.2481,0.5808,1,noise_burst_pressure
2024-07-18 22:50:00,AWS_Chennai_001,24.25,1001.5,85.53,0,0.189,NORMAL,None,[],0.2691,0.1679,0.4155,0,normal
2024-07-18 23:00:00,AWS_Chennai_001,23.92,1001.54,88.79,0,0.2193,NORMAL,None,[],0.2785,0.2916,0.4598,0,normal
2024-07-18 23:10:00,AWS_Chennai_001,24.16,1001.45,89.22,0,0.2,NORMAL,None,[],0.2153,0.2599,0.4819,0,normal
2024-07-18 23:20:00,AWS_Chennai_001,24.1,1001.43,87.99,0,0.1783,NORMAL,None,[],0.1901,0.1886,0.4648,0,normal
2024-07-18 23:30:00,AWS_Chennai_001,24.71,1001.13,89.58,0,0.1928,NORMAL,None,[],0.2501,0.1712,0.4606,0,normal
2024-07-18 23:40:00,AWS_Chennai_001,24.56,1001.42,87.83,0,0.1068,NORMAL,None,[],0.1969,0.1093,0.1567,0,normal
2024-07-18 23:50:00,AWS_Chennai_001,24.75,1001.65,88.23,0,0.0913,NORMAL,None,[],0.1576,0.0966,0.1473,0,normal
2024-07-19 00:00:00,AWS_Chennai_001,24.84,1001.6,87.51,0,0.0751,NORMAL,None,[],0.1216,0.0647,0.1444,0,normal
2024-07-19 00:10:00,AWS_Chennai_001,24.74,1001.73,85.7,0,0.0892,NORMAL,None,[],0.1445,0.1114,0.1457,0,normal
2024-07-19 00:20:00,AWS_Chennai_001,24.17,1001.67,86.82,0,0.0895,NORMAL,None,[],0.1438,0.1269,0.1368,0,normal
2024-07-19 00:30:00,AWS_Chennai_001,24.0,1001.66,87.65,0,0.0907,NORMAL,None,[],0.1377,0.1484,0.1357,0,normal
2024-07-19 00:40:00,AWS_Chennai_001,24.05,1001.78,88.56,0,0.1027,NORMAL,None,[],0.1587,0.1795,0.1405,0,normal
2024-07-19 00:50:00,AWS_Chennai_001,23.98,1001.67,86.47,0,0.0972,NORMAL,None,[],0.1487,0.166,0.1385,0,normal
2024-07-19 01:00:00,AWS_Chennai_001,23.53,1001.87,84.32,0,0.1307,NORMAL,None,[],0.18,0.321,0.1427,0,normal
2024-07-19 01:10:00,AWS_Chennai_001,23.82,1001.87,85.37,0,0.1181,NORMAL,None,[],0.2027,0.1965,0.139,0,normal
2024-07-19 01:20:00,AWS_Chennai_001,24.02,1001.93,86.32,0,0.0952,NORMAL,None,[],0.175,0.1037,0.1356,0,normal
2024-07-19 01:30:00,AWS_Chennai_001,24.16,1002.16,84.58,0,0.1028,NORMAL,None,[],0.1696,0.212,0.1008,0,normal
2024-07-19 01:40:00,AWS_Chennai_001,24.25,1002.15,84.08,0,0.1082,NORMAL,None,[],0.158,0.2631,0.1066,0,normal
2024-07-19 01:50:00,AWS_Chennai_001,24.13,1002.41,82.43,0,0.1409,NORMAL,None,[],0.2274,0.3425,0.1064,0,normal
2024-07-19 02:00:00,AWS_Chennai_001,24.13,1002.36,84.23,0,0.1278,NORMAL,None,[],0.2376,0.2328,0.1081,0,normal
2024-07-19 02:10:00,AWS_Chennai_001,23.87,1002.36,86.07,0,0.123,NORMAL,None,[],0.2414,0.1914,0.1093,0,normal
2024-07-19 02:20:00,AWS_Chennai_001,24.21,1002.38,86.41,0,0.1093,NORMAL,None,[],0.2373,0.1117,0.1067,0,normal
2024-07-19 02:30:00,AWS_Chennai_001,24.43,1002.41,85.56,0,0.1123,NORMAL,None,[],0.2097,0.1722,0.1177,0,normal
2024-07-19 02:40:00,AWS_Chennai_001,24.02,1002.48,84.24,0,0.1321,NORMAL,None,[],0.254,0.2124,0.1201,0,normal
2024-07-19 02:50:00,AWS_Chennai_001,24.14,1002.37,85.0,0,0.1145,NORMAL,None,[],0.2496,0.105,0.1194,0,normal
2024-07-19 03:00:00,AWS_Chennai_001,24.0,1002.27,88.46,0,0.1287,NORMAL,None,[],0.2537,0.2,0.1131,0,normal
2024-07-19 03:10:00,AWS_Chennai_001,23.96,1002.5,86.01,0,0.1038,NORMAL,None,[],0.204,0.138,0.1096,0,normal
2024-07-19 03:20:00,AWS_Chennai_001,23.79,1002.69,85.53,0,0.0986,NORMAL,None,[],0.1501,0.2127,0.1082,0,normal
2024-07-19 03:30:00,AWS_Chennai_001,24.04,1002.43,85.78,0,0.08,NORMAL,None,[],0.1632,0.0688,0.1036,0,normal
2024-07-19 03:40:00,AWS_Chennai_001,23.93,1002.52,84.62,0,0.0832,NORMAL,None,[],0.1405,0.1414,0.0992,0,normal
2024-07-19 03:50:00,AWS_Chennai_001,23.7,1002.61,84.97,0,0.0878,NORMAL,None,[],0.1208,0.2103,0.1,0,normal
2024-07-19 04:00:00,AWS_Chennai_001,24.09,1002.4,86.11,0,0.0828,NORMAL,None,[],0.1559,0.0849,0.1163,0,normal
2024-07-19 04:10:00,AWS_Chennai_001,24.06,1002.13,86.46,0,0.0847,NORMAL,None,[],0.1287,0.1597,0.1108,0,normal
2024-07-19 04:20:00,AWS_Chennai_001,23.84,1002.07,83.95,0,0.1023,NORMAL,None,[],0.1256,0.2918,0.104,0,normal
2024-07-19 04:30:00,AWS_Chennai_001,23.49,1002.22,85.29,0,0.0955,NORMAL,None,[],0.1296,0.2466,0.098,0,normal
2024-07-19 04:40:00,AWS_Chennai_001,23.33,1002.27,83.87,0,0.1017,NORMAL,None,[],0.1142,0.3102,0.1048,0,normal
2024-07-19 04:50:00,AWS_Chennai_001,23.05,1002.18,83.85,0,0.1121,NORMAL,None,[],0.1162,0.3701,0.1085,0,normal
2024-07-19 05:00:00,AWS_Chennai_001,22.95,1002.08,85.27,0,0.0962,NORMAL,None,[],0.1076,0.2904,0.102,0,normal
2024-07-19 05:10:00,AWS_Chennai_001,23.55,1001.91,84.71,0,0.0953,NORMAL,None,[],0.121,0.2411,0.1145,0,normal
2024-07-19 05:20:00,AWS_Chennai_001,23.43,1001.84,81.64,0,0.1276,NORMAL,None,[],0.1615,0.39,0.1034,0,normal
2024-07-19 05:30:00,AWS_Chennai_001,23.84,1001.84,82.02,0,0.1235,NORMAL,None,[],0.2049,0.2807,0.0994,0,normal
2024-07-19 05:40:00,AWS_Chennai_001,24.26,1001.62,83.76,0,0.1268,NORMAL,None,[],0.1867,0.3049,0.1253,0,normal
2024-07-19 05:50:00,AWS_Chennai_001,24.64,1001.53,85.63,0,0.1422,NORMAL,None,[],0.214,0.3309,0.1415,0,normal
2024-07-19 06:00:00,AWS_Chennai_001,25.04,1001.51,85.47,0,0.1426,NORMAL,None,[],0.2061,0.3417,0.1475,0,normal
2024-07-19 06:10:00,AWS_Chennai_001,25.44,1001.58,82.28,0,0.1654,NORMAL,None,[],0.2452,0.393,0.1647,0,normal
2024-07-19 06:20:00,AWS_Chennai_001,25.31,1001.53,82.32,0,0.1492,NORMAL,None,[],0.22,0.3357,0.1643,0,normal
2024-07-19 06:30:00,AWS_Chennai_001,25.28,1001.55,79.66,0,0.1553,NORMAL,None,[],0.211,0.3795,0.1751,0,normal
2024-07-19 06:40:00,AWS_Chennai_001,25.83,1001.62,78.96,0,0.1581,NORMAL,None,[],0.2202,0.3667,0.1851,0,normal
2024-07-19 06:50:00,AWS_Chennai_001,26.04,1001.49,78.73,0,0.1546,NORMAL,None,[],0.2116,0.3608,0.1849,0,normal
2024-07-19 07:00:00,AWS_Chennai_001,26.59,1001.51,78.93,0,0.1443,NORMAL,None,[],0.1907,0.3372,0.1826,0,normal
2024-07-19 07:10:00,AWS_Chennai_001,26.34,1001.72,79.7,0,0.1187,NORMAL,None,[],0.1793,0.2127,0.1651,0,normal
2024-07-19 07:20:00,AWS_Chennai_001,26.57,1001.89,78.38,0,0.1213,NORMAL,None,[],0.1565,0.2504,0.1841,0,normal
2024-07-19 07:30:00,AWS_Chennai_001,26.61,1002.06,79.09,0,0.1279,NORMAL,None,[],0.171,0.2644,0.1845,0,normal
2024-07-19 07:40:00,AWS_Chennai_001,26.95,1002.04,80.11,0,0.1156,NORMAL,None,[],0.1412,0.2416,0.1851,0,normal
2024-07-19 07:50:00,AWS_Chennai_001,27.1,1001.75,82.13,0,0.0989,NORMAL,None,[],0.1549,0.1256,0.1681,0,normal
2024-07-19 08:00:00,AWS_Chennai_001,27.56,1001.82,80.7,0,0.1108,NORMAL,None,[],0.1658,0.1796,0.1703,0,normal
2024-07-19 08:10:00,AWS_Chennai_001,28.01,1001.47,79.5,0,0.1248,NORMAL,None,[],0.1725,0.2632,0.1678,0,normal
2024-07-19 08:20:00,AWS_Chennai_001,28.3,1001.42,81.53,0,0.1208,NORMAL,None,[],0.1743,0.2386,0.1634,0,normal
2024-07-19 08:30:00,AWS_Chennai_001,28.18,1001.37,81.89,0,0.1069,NORMAL,None,[],0.132,0.2391,0.157,0,normal
2024-07-19 08:40:00,AWS_Chennai_001,28.81,1001.07,82.64,0,0.1414,NORMAL,None,[],0.1956,0.3549,0.1476,0,normal
2024-07-19 08:50:00,AWS_Chennai_001,29.26,1000.71,84.13,0,0.1646,NORMAL,None,[],0.2251,0.4553,0.1438,0,normal
2024-07-19 09:00:00,AWS_Chennai_001,30.09,1000.66,86.44,0,0.1898,NORMAL,None,[],0.28,0.5095,0.1467,0,normal
2024-07-19 09:10:00,AWS_Chennai_001,30.44,1000.38,85.62,0,0.1768,NORMAL,None,[],0.2591,0.4532,0.1554,0,normal
2024-07-19 09:20:00,AWS_Chennai_001,30.91,1000.47,87.07,0,0.1818,NORMAL,None,[],0.2809,0.4253,0.1685,0,normal
2024-07-19 09:30:00,AWS_Chennai_001,31.13,1000.24,88.54,0,0.1811,NORMAL,None,[],0.277,0.4232,0.1724,0,normal
2024-07-19 09:40:00,AWS_Chennai_001,31.27,1000.62,88.23,0,0.1507,NORMAL,None,[],0.2217,0.3258,0.1764,0,normal
2024-07-19 09:50:00,AWS_Chennai_001,31.68,1000.48,84.14,0,0.1377,NORMAL,None,[],0.2278,0.2386,0.1678,0,normal
2024-07-19 10:00:00,AWS_Chennai_001,31.98,1000.58,83.56,0,0.1236,NORMAL,None,[],0.2029,0.1963,0.1663,0,normal
2024-07-19 10:10:00,AWS_Chennai_001,32.23,1000.72,83.39,0,0.1108,NORMAL,None,[],0.1792,0.161,0.1645,0,normal
2024-07-19 10:20:00,AWS_Chennai_001,32.88,1000.83,85.06,0,0.1264,NORMAL,None,[],0.2146,0.1844,0.1718,0,normal
2024-07-19 10:30:00,AWS_Chennai_001,33.39,1001.12,85.1,0,0.1106,NORMAL,None,[],0.1726,0.1745,0.163,0,normal
2024-07-19 10:40:00,AWS_Chennai_001,33.98,1001.17,84.21,0,0.1203,NORMAL,None,[],0.1839,0.1655,0.2014,0,normal
2024-07-19 10:50:00,AWS_Chennai_001,33.8,1001.07,81.13,0,0.1173,NORMAL,None,[],0.163,0.2217,0.1756,0,normal
2024-07-19 11:00:00,AWS_Chennai_001,34.56,1001.24,83.62,0,0.127,NORMAL,None,[],0.2074,0.2108,0.1656,0,normal
2024-07-19 11:10:00,AWS_Chennai_001,34.52,1001.13,83.47,0,0.1059,NORMAL,None,[],0.1471,0.1986,0.1599,0,normal
2024-07-19 11:20:00,AWS_Chennai_001,34.55,1001.38,82.87,0,0.1169,NORMAL,None,[],0.1459,0.2688,0.1644,0,normal
2024-07-19 11:30:00,AWS_Chennai_001,34.58,1012.61,79.9,1,0.3711,LOW,Pattern-Based Anomaly (Learned),[],0.3729,0.5352,0.8946,1,noise_burst_pressure
2024-07-19 11:40:00,AWS_Chennai_001,34.61,994.94,79.02,1,0.5874,MEDIUM,Spike / Transient Fault - Pressure,['spike_pressure'],0.4086,0.38,0.2889,1,noise_burst_pressure
2024-07-19 11:50:00,AWS_Chennai_001,34.58,999.06,82.21,0,0.2263,NORMAL,None,[],0.39,0.1778,0.4131,1,noise_burst_pressure
2024-07-19 12:00:00,AWS_Chennai_001,35.0,1013.38,84.66,1,0.3037,LOW,Pattern-Based Anomaly (Learned),[],0.3898,0.3079,0.7031,1,noise_burst_pressure
2024-07-19 12:10:00,AWS_Chennai_001,35.31,1010.73,81.93,1,0.3023,LOW,Pattern-Based Anomaly (Learned),[],0.3777,0.2796,0.735,1,noise_burst_pressure
2024-07-19 12:20:00,AWS_Chennai_001,35.26,1002.5,81.27,0,0.1885,NORMAL,None,[],0.3275,0.1528,0.3368,0,normal
2024-07-19 12:30:00,AWS_Chennai_001,35.49,1002.56,81.72,0,0.1749,NORMAL,None,[],0.3604,0.1377,0.2308,0,normal
2024-07-19 12:40:00,AWS_Chennai_001,35.47,1002.75,84.16,0,0.1734,NORMAL,None,[],0.3198,0.1405,0.2819,0,normal
2024-07-19 12:50:00,AWS_Chennai_001,35.06,1002.73,84.98,0,0.1722,NORMAL,None,[],0.322,0.1409,0.2725,0,normal
2024-07-19 13:00:00,AWS_Chennai_001,35.49,1002.66,84.96,0,0.17,NORMAL,None,[],0.3528,0.1639,0.198,0,normal
2024-07-19 13:10:00,AWS_Chennai_001,34.81,1002.63,87.73,0,0.162,NORMAL,None,[],0.3495,0.179,0.1515,0,normal
2024-07-19 13:20:00,AWS_Chennai_001,34.86,1002.38,88.66,0,0.1574,NORMAL,None,[],0.3312,0.183,0.153,0,normal
2024-07-19 13:30:00,AWS_Chennai_001,34.89,1002.52,88.79,0,0.1425,NORMAL,None,[],0.2984,0.1593,0.1455,0,normal
2024-07-19 13:40:00,AWS_Chennai_001,35.01,1002.45,85.88,0,0.1151,NORMAL,None,[],0.2416,0.0919,0.144,0,normal
2024-07-19 13:50:00,AWS_Chennai_001,35.08,1002.64,84.33,0,0.1182,NORMAL,None,[],0.2787,0.0508,0.1347,0,normal
2024-07-19 14:00:00,AWS_Chennai_001,34.83,1002.74,87.0,0,0.1271,NORMAL,None,[],0.2734,0.1179,0.1369,0,normal
2024-07-19 14:10:00,AWS_Chennai_001,35.34,1002.61,87.64,0,0.1375,NORMAL,None,[],0.2775,0.1732,0.1414,0,normal
2024-07-19 14:20:00,AWS_Chennai_001,35.36,1002.71,87.18,0,0.1328,NORMAL,None,[],0.2753,0.1511,0.1376,0,normal
2024-07-19 14:30:00,AWS_Chennai_001,35.18,1002.91,85.47,0,0.1121,NORMAL,None,[],0.2601,0.0417,0.139,0,normal
2024-07-19 14:40:00,AWS_Chennai_001,35.24,1003.18,85.24,0,0.1106,NORMAL,None,[],0.2651,0.0403,0.1253,0,normal
2024-07-19 14:50:00,AWS_Chennai_001,35.4,1003.38,83.75,0,0.1275,NORMAL,None,[],0.2831,0.1316,0.1142,0,normal
2024-07-19 15:00:00,AWS_Chennai_001,34.96,1003.21,86.79,0,0.1281,NORMAL,None,[],0.2977,0.1109,0.1106,0,normal
2024-07-19 15:10:00,AWS_Chennai_001,34.75,1003.2,85.7,0,0.1223,NORMAL,None,[],0.2156,0.2263,0.1184,0,normal
2024-07-19 15:20:00,AWS_Chennai_001,34.43,1003.12,87.32,0,0.1351,NORMAL,None,[],0.2214,0.2977,0.1203,0,normal
2024-07-19 15:30:00,AWS_Chennai_001,34.45,1003.18,86.47,0,0.1178,NORMAL,None,[],0.192,0.2323,0.1269,0,normal
2024-07-19 15:40:00,AWS_Chennai_001,34.6,1003.21,84.29,0,0.1218,NORMAL,None,[],0.1884,0.2691,0.1247,0,normal
2024-07-19 15:50:00,AWS_Chennai_001,34.66,1003.03,85.65,0,0.1115,NORMAL,None,[],0.224,0.1368,0.1192,0,normal
2024-07-19 16:00:00,AWS_Chennai_001,34.48,1002.85,86.39,0,0.0958,NORMAL,None,[],0.1884,0.1114,0.1127,0,normal
2024-07-19 16:10:00,AWS_Chennai_001,34.02,1002.86,84.03,0,0.1178,NORMAL,None,[],0.17,0.2795,0.1243,0,normal
2024-07-19 16:20:00,AWS_Chennai_001,33.96,1002.89,82.63,0,0.1241,NORMAL,None,[],0.1789,0.3055,0.1228,0,normal
2024-07-19 16:30:00,AWS_Chennai_001,33.51,1002.71,81.01,0,0.1492,NORMAL,None,[],0.2025,0.4193,0.1278,0,normal
2024-07-19 16:40:00,AWS_Chennai_001,33.42,1002.59,79.9,0,0.1408,NORMAL,None,[],0.166,0.4306,0.1323,0,normal
2024-07-19 16:50:00,AWS_Chennai_001,33.35,1002.36,80.57,0,0.1259,NORMAL,None,[],0.1211,0.4168,0.1353,0,normal
2024-07-19 17:00:00,AWS_Chennai_001,33.52,1002.65,79.63,0,0.1209,NORMAL,None,[],0.1531,0.3075,0.1439,0,normal
2024-07-19 17:10:00,AWS_Chennai_001,33.03,1002.38,82.57,0,0.1186,NORMAL,None,[],0.1567,0.3075,0.127,0,normal
2024-07-19 17:20:00,AWS_Chennai_001,33.37,1002.57,81.87,0,0.0994,NORMAL,None,[],0.1297,0.2268,0.1325,0,normal
2024-07-19 17:30:00,AWS_Chennai_001,33.67,1002.47,79.53,0,0.0941,NORMAL,None,[],0.0937,0.2562,0.138,0,normal
2024-07-19 17:40:00,AWS_Chennai_001,32.9,1002.48,77.76,0,0.1284,NORMAL,None,[],0.1537,0.3332,0.1616,0,normal
2024-07-19 17:50:00,AWS_Chennai_001,32.96,1002.58,80.99,0,0.1042,NORMAL,None,[],0.1403,0.2046,0.1572,0,normal
2024-07-19 18:00:00,AWS_Chennai_001,32.42,1002.35,80.42,0,0.1166,NORMAL,None,[],0.1355,0.2949,0.1587,0,normal
2024-07-19 18:10:00,AWS_Chennai_001,32.02,1002.17,80.8,0,0.1016,NORMAL,None,[],0.0737,0.3188,0.1583,0,normal
2024-07-19 18:20:00,AWS_Chennai_001,32.01,1002.06,80.09,0,0.0961,NORMAL,None,[],0.0618,0.3164,0.1504,0,normal
2024-07-19 18:30:00,AWS_Chennai_001,31.67,1001.81,80.69,0,0.1018,NORMAL,None,[],0.0872,0.3266,0.1329,0,normal
2024-07-19 18:40:00,AWS_Chennai_001,31.73,1001.65,80.02,0,0.1153,NORMAL,None,[],0.1196,0.3277,0.1514,0,normal
2024-07-19 18:50:00,AWS_Chennai_001,31.34,1001.93,80.62,0,0.1011,NORMAL,None,[],0.1205,0.2488,0.1383,0,normal
2024-07-19 19:00:00,AWS_Chennai_001,30.65,1001.94,82.15,0,0.0919,NORMAL,None,[],0.0703,0.3133,0.1193,0,normal
2024-07-19 19:10:00,AWS_Chennai_001,30.8,1001.92,80.86,0,0.0742,NORMAL,None,[],0.054,0.2214,0.1238,0,normal
2024-07-19 19:20:00,AWS_Chennai_001,30.11,1001.79,83.37,0,0.1203,NORMAL,None,[],0.1181,0.4047,0.1206,0,normal
2024-07-19 19:30:00,AWS_Chennai_001,29.6,1001.79,82.98,0,0.1049,NORMAL,None,[],0.0925,0.3567,0.118,0,normal
2024-07-19 19:40:00,AWS_Chennai_001,29.49,1001.94,83.84,0,0.1184,NORMAL,None,[],0.1544,0.3194,0.121,0,normal
2024-07-19 19:50:00,AWS_Chennai_001,29.08,1001.94,87.61,0,0.1645,NORMAL,None,[],0.2511,0.3885,0.1547,0,normal
2024-07-19 20:00:00,AWS_Chennai_001,28.76,1001.93,89.33,0,0.1689,NORMAL,None,[],0.2481,0.3636,0.1998,0,normal
2024-07-19 20:10:00,AWS_Chennai_001,28.87,1001.98,90.08,0,0.163,NORMAL,None,[],0.2612,0.2993,0.1988,0,normal
2024-07-19 20:20:00,AWS_Chennai_001,29.12,1002.1,89.55,0,0.1308,NORMAL,None,[],0.1929,0.2338,0.1896,0,normal
2024-07-19 20:30:00,AWS_Chennai_001,29.05,1002.08,89.14,0,0.1224,NORMAL,None,[],0.1919,0.2082,0.1681,0,normal
2024-07-19 20:40:00,AWS_Chennai_001,28.25,1002.14,88.61,0,0.1211,NORMAL,None,[],0.1762,0.245,0.1575,0,normal
2024-07-19 20:50:00,AWS_Chennai_001,27.99,1002.12,87.47,0,0.0984,NORMAL,None,[],0.1035,0.2344,0.1611,0,normal
2024-07-19 21:00:00,AWS_Chennai_001,27.98,1002.29,88.08,0,0.1131,NORMAL,None,[],0.1188,0.3118,0.1534,0,normal
2024-07-19 21:10:00,AWS_Chennai_001,28.19,1002.13,89.14,0,0.1061,NORMAL,None,[],0.1312,0.2316,0.1599,0,normal
2024-07-19 21:20:00,AWS_Chennai_001,28.01,1001.78,91.05,0,0.1224,NORMAL,None,[],0.1617,0.2671,0.1692,0,normal
2024-07-19 21:30:00,AWS_Chennai_001,47.31,1001.82,90.85,1,0.7095,HIGH,Spike / Transient Fault - Temperature,['spike_temp'],0.5225,0.437,0.6858,1,noise_burst_temperature
2024-07-19 21:40:00,AWS_Chennai_001,30.34,1001.75,90.29,1,0.5888,MEDIUM,Spike / Transient Fault - Temperature,['spike_temp'],0.4185,0.1756,0.4345,1,noise_burst_temperature
2024-07-19 21:50:00,AWS_Chennai_001,24.74,1001.64,89.46,1,0.2621,LOW,None,[],0.4216,0.2652,0.4795,1,noise_burst_temperature
2024-07-19 22:00:00,AWS_Chennai_001,22.52,1002.06,88.65,1,0.27,LOW,None,[],0.4912,0.1718,0.4843,1,noise_burst_temperature
2024-07-19 22:10:00,AWS_Chennai_001,27.34,1001.87,88.73,0,0.2395,NORMAL,None,[],0.4236,0.0798,0.5023,1,noise_burst_temperature
2024-07-19 22:20:00,AWS_Chennai_001,30.26,1001.77,87.9,1,0.2593,LOW,None,[],0.4165,0.1131,0.5869,1,noise_burst_temperature
2024-07-19 22:30:00,AWS_Chennai_001,23.13,1001.68,90.52,0,0.2327,NORMAL,None,[],0.3304,0.2649,0.4691,1,noise_burst_temperature
2024-07-19 22:40:00,AWS_Chennai_001,44.06,1001.41,91.21,1,0.7147,HIGH,Spike / Transient Fault - Temperature,['spike_temp'],0.5366,0.4605,0.6729,1,noise_burst_temperature
2024-07-19 22:50:00,AWS_Chennai_001,26.99,1001.49,92.05,1,0.6191,MEDIUM,Spike / Transient Fault - Temperature,['spike_temp'],0.4459,0.3006,0.4514,0,normal
2024-07-19 23:00:00,AWS_Chennai_001,26.8,1001.64,93.56,0,0.2491,NORMAL,None,[],0.3888,0.2798,0.4527,0,normal
2024-07-19 23:10:00,AWS_Chennai_001,26.78,1001.9,95.49,0,0.2386,NORMAL,None,[],0.3985,0.233,0.4203,0,normal
2024-07-19 23:20:00,AWS_Chennai_001,26.83,1001.82,94.61,0,0.2204,NORMAL,None,[],0.3761,0.1745,0.4071,0,normal
2024-07-19 23:30:00,AWS_Chennai_001,26.82,1001.84,93.27,0,0.192,NORMAL,None,[],0.2991,0.11,0.4287,0,normal
2024-07-19 23:40:00,AWS_Chennai_001,26.99,1001.82,91.71,0,0.1118,NORMAL,None,[],0.2594,0.0547,0.1288,0,normal
2024-07-19 23:50:00,AWS_Chennai_001,27.04,1001.77,90.34,0,0.1003,NORMAL,None,[],0.218,0.0551,0.1333,0,normal
2024-07-20 00:00:00,AWS_Chennai_001,26.97,1002.27,89.72,0,0.1404,NORMAL,None,[],0.2455,0.2354,0.1571,0,normal
2024-07-20 00:10:00,AWS_Chennai_001,26.86,1002.27,89.93,0,0.1365,NORMAL,None,[],0.2555,0.2167,0.1366,0,normal
2024-07-20 00:20:00,AWS_Chennai_001,26.34,1002.28,91.63,0,0.1257,NORMAL,None,[],0.2436,0.1783,0.1297,0,normal
2024-07-20 00:30:00,AWS_Chennai_001,25.88,1002.55,89.14,0,0.1454,NORMAL,None,[],0.2657,0.2591,0.1344,0,normal
2024-07-20 00:40:00,AWS_Chennai_001,26.11,1002.74,90.96,0,0.1332,NORMAL,None,[],0.2542,0.1898,0.1423,0,normal
2024-07-20 00:50:00,AWS_Chennai_001,26.09,1002.81,92.17,0,0.1232,NORMAL,None,[],0.2197,0.2047,0.1328,0,normal
2024-07-20 01:00:00,AWS_Chennai_001,25.62,1002.93,90.98,0,0.1261,NORMAL,None,[],0.2418,0.1887,0.1261,0,normal
2024-07-20 01:10:00,AWS_Chennai_001,25.59,1003.17,91.94,0,0.124,NORMAL,None,[],0.2337,0.1968,0.1217,0,normal
2024-07-20 01:20:00,AWS_Chennai_001,25.31,1003.42,90.08,0,0.132,NORMAL,None,[],0.2305,0.2487,0.1275,0,normal
2024-07-20 01:30:00,AWS_Chennai_001,25.05,1003.57,89.13,0,0.1325,NORMAL,None,[],0.2181,0.2796,0.1256,0,normal
2024-07-20 01:40:00,AWS_Chennai_001,25.26,1003.67,89.51,0,0.1215,NORMAL,None,[],0.1597,0.319,0.1287,0,normal
2024-07-20 01:50:00,AWS_Chennai_001,25.44,1003.59,88.64,0,0.1104,NORMAL,None,[],0.1383,0.2894,0.1274,0,normal
2024-07-20 02:00:00,AWS_Chennai_001,25.38,1003.57,87.47,0,0.1039,NORMAL,None,[],0.1114,0.2979,0.129,0,normal
2024-07-20 02:10:00,AWS_Chennai_001,24.78,1003.73,89.13,0,0.1175,NORMAL,None,[],0.168,0.2818,0.1241,0,normal
2024-07-20 02:20:00,AWS_Chennai_001,24.82,1003.59,93.38,0,0.1417,NORMAL,None,[],0.2346,0.3121,0.1226,0,normal
2024-07-20 02:30:00,AWS_Chennai_001,25.15,1003.35,94.25,0,0.1295,NORMAL,None,[],0.2144,0.268,0.1248,0,normal
2024-07-20 02:40:00,AWS_Chennai_001,25.06,1003.6,95.03,0,0.1552,NORMAL,None,[],0.2465,0.2912,0.1881,0,normal
2024-07-20 02:50:00,AWS_Chennai_001,24.72,1003.41,92.93,0,0.1102,NORMAL,None,[],0.1754,0.2054,0.134,0,normal
2024-07-20 03:00:00,AWS_Chennai_001,24.79,1003.13,88.84,0,0.1065,NORMAL,None,[],0.1845,0.1615,0.1346,0,normal
2024-07-20 03:10:00,AWS_Chennai_001,24.65,1002.93,88.5,0,0.1115,NORMAL,None,[],0.177,0.2261,0.1226,0,normal
2024-07-20 03:20:00,AWS_Chennai_001,24.02,1002.9,88.74,0,0.1215,NORMAL,None,[],0.1702,0.2968,0.1294,0,normal
2024-07-20 03:30:00,AWS_Chennai_001,23.73,1002.6,88.83,0,0.1182,NORMAL,None,[],0.1338,0.3563,0.123,0,normal
2024-07-20 03:40:00,AWS_Chennai_001,24.14,1002.24,89.04,0,0.1259,NORMAL,None,[],0.1641,0.326,0.139,0,normal
2024-07-20 03:50:00,AWS_Chennai_001,23.4,1002.36,88.29,0,0.144,NORMAL,None,[],0.206,0.3671,0.1357,0,normal
2024-07-20 04:00:00,AWS_Chennai_001,23.46,1002.13,90.28,0,0.11,NORMAL,None,[],0.1486,0.2842,0.1138,0,normal
2024-07-20 04:10:00,AWS_Chennai_001,23.79,1002.35,88.81,0,0.0955,NORMAL,None,[],0.129,0.2329,0.1096,0,normal
2024-07-20 04:20:00,AWS_Chennai_001,24.09,1002.94,86.81,0,0.1032,NORMAL,None,[],0.1497,0.1664,0.1666,0,normal
2024-07-20 04:30:00,AWS_Chennai_001,24.1,1002.81,85.38,0,0.1027,NORMAL,None,[],0.1647,0.1988,0.1174,0,normal
2024-07-20 04:40:00,AWS_Chennai_001,24.33,1002.83,83.14,0,0.1107,NORMAL,None,[],0.1757,0.1887,0.1485,0,normal
2024-07-20 04:50:00,AWS_Chennai_001,24.27,1002.52,80.04,0,0.1598,NORMAL,None,[],0.2341,0.2492,0.2611,0,normal
2024-07-20 05:00:00,AWS_Chennai_001,24.69,1002.58,79.45,0,0.1518,NORMAL,None,[],0.2415,0.2493,0.21,0,normal
2024-07-20 05:10:00,AWS_Chennai_001,24.6,1002.53,80.78,0,0.1127,NORMAL,None,[],0.1678,0.2003,0.1617,0,normal
2024-07-20 05:20:00,AWS_Chennai_001,25.59,1002.52,83.88,0,0.136,NORMAL,None,[],0.2129,0.2536,0.1704,0,normal
2024-07-20 05:30:00,AWS_Chennai_001,26.19,1002.23,81.73,0,0.1472,NORMAL,None,[],0.1934,0.3535,0.1808,0,normal
2024-07-20 05:40:00,AWS_Chennai_001,26.39,1002.23,80.06,0,0.1501,NORMAL,None,[],0.1942,0.354,0.1939,0,normal
2024-07-20 05:50:00,AWS_Chennai_001,26.3,1002.12,79.58,0,0.1389,NORMAL,None,[],0.1672,0.341,0.1879,0,normal
2024-07-20 06:00:00,AWS_Chennai_001,26.8,1002.09,81.55,0,0.1368,NORMAL,None,[],0.1746,0.3062,0.1926,0,normal
2024-07-20 06:10:00,AWS_Chennai_001,26.91,1001.88,82.18,0,0.1282,NORMAL,None,[],0.1504,0.3057,0.1863,0,normal
2024-07-20 06:20:00,AWS_Chennai_001,27.7,1002.05,83.18,0,0.1337,NORMAL,None,[],0.2004,0.2486,0.1815,0,normal
2024-07-20 06:30:00,AWS_Chennai_001,27.35,1001.87,82.38,0,0.1238,NORMAL,None,[],0.1628,0.251,0.1863,0,normal
2024-07-20 06:40:00,AWS_Chennai_001,27.83,1002.23,81.35,0,0.1203,NORMAL,None,[],0.1737,0.1878,0.1999,0,normal
2024-07-20 06:50:00,AWS_Chennai_001,27.86,1002.26,82.5,0,0.0926,NORMAL,None,[],0.1133,0.1359,0.1912,0,normal
2024-07-20 07:00:00,AWS_Chennai_001,27.9,1002.24,85.34,0,0.095,NORMAL,None,[],0.103,0.1995,0.1708,0,normal
2024-07-20 07:10:00,AWS_Chennai_001,27.71,1002.12,85.1,0,0.0993,NORMAL,None,[],0.1188,0.2196,0.1535,0,normal
2024-07-20 07:20:00,AWS_Chennai_001,28.49,1002.1,84.35,0,0.1014,NORMAL,None,[],0.1155,0.2325,0.1596,0,normal
2024-07-20 07:30:00,AWS_Chennai_001,28.23,1001.92,83.11,0,0.0973,NORMAL,None,[],0.1181,0.2117,0.1505,0,normal
2024-07-20 07:40:00,AWS_Chennai_001,28.11,1001.71,83.76,0,0.1007,NORMAL,None,[],0.0995,0.2728,0.1494,0,normal
2024-07-20 07:50:00,AWS_Chennai_001,28.33,1001.51,83.4,0,0.1019,NORMAL,None,[],0.1008,0.2821,0.147,0,normal
2024-07-20 08:00:00,AWS_Chennai_001,28.73,1001.33,82.01,0,0.1133,NORMAL,None,[],0.1281,0.2944,0.1537,0,normal
2024-07-20 08:10:00,AWS_Chennai_001,29.12,1001.36,80.85,0,0.1213,NORMAL,None,[],0.1269,0.3427,0.1591,0,normal
2024-07-20 08:20:00,AWS_Chennai_001,29.38,1001.44,81.57,0,0.1005,NORMAL,None,[],0.0897,0.2822,0.1563,0,normal
2024-07-20 08:30:00,AWS_Chennai_001,29.25,1001.37,80.64,0,0.0985,NORMAL,None,[],0.0724,0.2987,0.1597,0,normal
2024-07-20 08:40:00,AWS_Chennai_001,29.3,1001.21,78.31,0,0.1172,NORMAL,None,[],0.0865,0.3897,0.1641,0,normal
2024-07-20 08:50:00,AWS_Chennai_001,30.24,1001.18,80.39,0,0.124,NORMAL,None,[],0.1306,0.3543,0.1583,0,normal
2024-07-20 09:00:00,AWS_Chennai_001,30.58,1000.78,80.94,0,0.1333,NORMAL,None,[],0.1586,0.3683,0.1523,0,normal
2024-07-20 09:10:00,AWS_Chennai_001,31.46,1000.81,80.09,0,0.1435,NORMAL,None,[],0.1788,0.389,0.1578,0,normal
2024-07-20 09:20:00,AWS_Chennai_001,31.55,1000.79,82.18,0,0.1203,NORMAL,None,[],0.1661,0.266,0.1529,0,normal
2024-07-20 09:30:00,AWS_Chennai_001,31.61,1000.63,82.8,0,0.1121,NORMAL,None,[],0.1358,0.276,0.1499,0,normal
2024-07-20 09:40:00,AWS_Chennai_001,32.3,1000.47,86.22,0,0.1668,NORMAL,None,[],0.2549,0.4003,0.1515,0,normal
2024-07-20 09:50:00,AWS_Chennai_001,32.35,1000.74,86.29,0,0.1381,NORMAL,None,[],0.2037,0.3232,0.1428,0,normal
2024-07-20 10:00:00,AWS_Chennai_001,32.84,1000.86,85.7,0,0.1192,NORMAL,None,[],0.162,0.2821,0.1416,0,normal
2024-07-20 10:10:00,AWS_Chennai_001,32.37,1000.48,85.61,0,0.1205,NORMAL,None,[],0.1589,0.2917,0.1456,0,normal
2024-07-20 10:20:00,AWS_Chennai_001,32.52,1000.64,82.64,0,0.0899,NORMAL,None,[],0.1175,0.1658,0.1491,0,normal
2024-07-20 10:30:00,AWS_Chennai_001,32.51,1000.68,84.12,0,0.0812,NORMAL,None,[],0.0821,0.1902,0.1401,0,normal
2024-07-20 10:40:00,AWS_Chennai_001,33.01,1000.53,82.38,0,0.0876,NORMAL,None,[],0.1003,0.184,0.1499,0,normal
2024-07-20 10:50:00,AWS_Chennai_001,33.32,1000.65,82.58,0,0.0796,NORMAL,None,[],0.0909,0.1538,0.1461,0,normal
2024-07-20 11:00:00,AWS_Chennai_001,33.95,1000.82,83.53,0,0.0904,NORMAL,None,[],0.1252,0.1554,0.1476,0,normal
2024-07-20 11:10:00,AWS_Chennai_001,34.37,1000.86,81.17,0,0.0934,NORMAL,None,[],0.1216,0.1765,0.1524,0,normal
2024-07-20 11:20:00,AWS_Chennai_001,35.1,1000.99,79.88,0,0.1243,NORMAL,None,[],0.1754,0.2747,0.1524,0,normal
2024-07-20 11:30:00,AWS_Chennai_001,34.94,1001.19,77.36,0,0.1547,NORMAL,None,[],0.2081,0.3867,0.1715,0,normal
2024-07-20 11:40:00,AWS_Chennai_001,34.44,1001.11,80.8,0,0.1096,NORMAL,None,[],0.1265,0.2483,0.172,0,normal
2024-07-20 11:50:00,AWS_Chennai_001,34.84,1001.36,80.21,0,0.1319,NORMAL,None,[],0.1515,0.3418,0.1759,0,normal
2024-07-20 12:00:00,AWS_Chennai_001,35.07,1001.5,79.88,0,0.1329,NORMAL,None,[],0.1524,0.3474,0.1752,0,normal
2024-07-20 12:10:00,AWS_Chennai_001,35.14,1001.56,79.12,0,0.1229,NORMAL,None,[],0.1288,0.3402,0.1663,0,normal
2024-07-20 12:20:00,AWS_Chennai_001,35.22,1001.56,78.71,0,0.1259,NORMAL,None,[],0.1492,0.3138,0.1705,0,normal
2024-07-20 12:30:00,AWS_Chennai_001,35.14,1001.6,79.52,0,0.1284,NORMAL,None,[],0.1815,0.2627,0.1725,0,normal
2024-07-20 12:40:00,AWS_Chennai_001,35.51,1001.64,80.14,0,0.136,NORMAL,None,[],0.2059,0.2458,0.1868,0,normal
2024-07-20 12:50:00,AWS_Chennai_001,35.65,1001.8,80.08,0,0.1289,NORMAL,None,[],0.1972,0.2502,0.1609,0,normal
2024-07-20 13:00:00,AWS_Chennai_001,35.6,1001.83,79.87,0,0.1217,NORMAL,None,[],0.1832,0.2275,0.1631,0,normal
2024-07-20 13:10:00,AWS_Chennai_001,35.61,1001.72,78.74,0,0.1188,NORMAL,None,[],0.1757,0.2325,0.1561,0,normal
2024-07-20 13:20:00,AWS_Chennai_001,35.15,1001.67,78.93,0,0.0941,NORMAL,None,[],0.1281,0.1633,0.1556,0,normal
2024-07-20 13:30:00,AWS_Chennai_001,35.33,1001.49,80.17,0,0.0749,NORMAL,None,[],0.1138,0.0758,0.147,0,normal
2024-07-20 13:40:00,AWS_Chennai_001,35.52,1001.98,82.06,0,0.122,NORMAL,None,[],0.1804,0.2681,0.1382,0,normal
2024-07-20 13:50:00,AWS_Chennai_001,35.08,1001.98,85.6,0,0.1594,NORMAL,None,[],0.2821,0.3124,0.1393,0,normal
2024-07-20 14:00:00,AWS_Chennai_001,34.35,1002.13,87.76,0,0.2168,NORMAL,None,[],0.3342,0.4759,0.2258,0,normal
2024-07-20 14:10:00,AWS_Chennai_001,34.63,1002.15,88.67,0,0.2024,NORMAL,None,[],0.2982,0.3958,0.2676,0,normal
2024-07-20 14:20:00,AWS_Chennai_001,34.79,1002.17,89.2,0,0.179,NORMAL,None,[],0.2763,0.3299,0.2332,0,normal
2024-07-20 14:30:00,AWS_Chennai_001,34.71,1002.41,89.54,0,0.167,NORMAL,None,[],0.2676,0.3557,0.1671,0,normal
2024-07-20 14:40:00,AWS_Chennai_001,34.55,1002.58,86.81,0,0.153,NORMAL,None,[],0.2303,0.3433,0.162,0,normal
2024-07-20 14:50:00,AWS_Chennai_001,34.44,1002.97,86.76,0,0.1619,NORMAL,None,[],0.2474,0.37,0.1608,0,normal
2024-07-20 15:00:00,AWS_Chennai_001,34.53,1003.01,86.11,0,0.1515,NORMAL,None,[],0.25,0.2972,0.1595,0,normal
2024-07-20 15:10:00,AWS_Chennai_001,34.32,1002.89,87.09,0,0.1339,NORMAL,None,[],0.2019,0.2893,0.1496,0,normal
2024-07-20 15:20:00,AWS_Chennai_001,34.12,1002.99,89.14,0,0.1362,NORMAL,None,[],0.1847,0.3246,0.1603,0,normal
2024-07-20 15:30:00,AWS_Chennai_001,34.1,1002.96,88.64,0,0.1196,NORMAL,None,[],0.1531,0.2776,0.16,0,normal
2024-07-20 15:40:00,AWS_Chennai_001,33.9,1002.89,89.3,0,0.1232,NORMAL,None,[],0.1661,0.2718,0.163,0,normal
2024-07-20 15:50:00,AWS_Chennai_001,33.56,1002.96,87.66,0,0.1198,NORMAL,None,[],0.166,0.258,0.1566,0,normal
2024-07-20 16:00:00,AWS_Chennai_001,33.45,1002.59,88.77,0,0.1179,NORMAL,None,[],0.1849,0.2107,0.1538,0,normal
2024-07-20 16:10:00,AWS_Chennai_001,33.87,1002.47,88.16,0,0.0996,NORMAL,None,[],0.1672,0.1122,0.1629,0,normal
2024-07-20 16:20:00,AWS_Chennai_001,33.86,1002.69,89.2,0,0.1095,NORMAL,None,[],0.186,0.1546,0.1525,0,normal
2024-07-20 16:30:00,AWS_Chennai_001,33.3,1002.66,90.96,0,0.1155,NORMAL,None,[],0.1588,0.2581,0.1456,0,normal
2024-07-20 16:40:00,AWS_Chennai_001,33.67,1002.66,90.49,0,0.1209,NORMAL,None,[],0.2162,0.1941,0.1348,0,normal
2024-07-20 16:50:00,AWS_Chennai_001,33.56,1002.66,90.62,0,0.1218,NORMAL,None,[],0.2173,0.1932,0.1384,0,normal
2024-07-20 17:00:00,AWS_Chennai_001,33.14,1002.5,92.81,0,0.1569,NORMAL,None,[],0.2582,0.3497,0.1346,0,normal
2024-07-20 17:10:00,AWS_Chennai_001,32.58,1002.33,94.32,0,0.171,NORMAL,None,[],0.2471,0.4512,0.1456,0,normal
2024-07-20 17:20:00,AWS_Chennai_001,32.13,1002.19,94.03,0,0.1747,NORMAL,None,[],0.2537,0.4653,0.1442,0,normal
2024-07-20 17:30:00,AWS_Chennai_001,31.55,1002.68,91.22,0,0.1413,NORMAL,None,[],0.2542,0.242,0.1438,0,normal
2024-07-20 17:40:00,AWS_Chennai_001,31.74,1002.84,90.17,0,0.1165,NORMAL,None,[],0.2033,0.1914,0.1342,0,normal
2024-07-20 17:50:00,AWS_Chennai_001,31.52,1002.64,88.78,0,0.0971,NORMAL,None,[],0.1365,0.1901,0.1381,0,normal
2024-07-20 18:00:00,AWS_Chennai_001,31.45,1002.44,86.36,0,0.127,NORMAL,None,[],0.1353,0.3153,0.1957,0,normal
2024-07-20 18:10:00,AWS_Chennai_001,31.18,1002.38,87.22,0,0.1096,NORMAL,None,[],0.1121,0.2976,0.1569,0,normal
2024-07-20 18:20:00,AWS_Chennai_001,30.29,1002.66,88.81,0,0.1039,NORMAL,None,[],0.1491,0.2019,0.1445,0,normal
2024-07-20 18:30:00,AWS_Chennai_001,29.74,1002.39,88.57,0,0.1127,NORMAL,None,[],0.1509,0.2716,0.1337,0,normal
2024-07-20 18:40:00,AWS_Chennai_001,29.89,1002.43,87.76,0,0.0856,NORMAL,None,[],0.0689,0.2443,0.1414,0,normal
2024-07-20 18:50:00,AWS_Chennai_001,29.71,1002.57,88.12,0,0.073,NORMAL,None,[],0.0563,0.1848,0.142,0,normal
2024-07-20 19:00:00,AWS_Chennai_001,29.01,1002.38,86.79,0,0.0982,NORMAL,None,[],0.0918,0.2891,0.1366,0,normal
2024-07-20 19:10:00,AWS_Chennai_001,28.59,1002.32,88.7,0,0.0865,NORMAL,None,[],0.0727,0.2488,0.1368,0,normal
2024-07-20 19:20:00,AWS_Chennai_001,28.24,1002.3,90.42,0,0.0814,NORMAL,None,[],0.065,0.232,0.1355,0,normal
2024-07-20 19:30:00,AWS_Chennai_001,28.03,1001.94,88.84,0,0.0972,NORMAL,None,[],0.0707,0.325,0.1363,0,normal
2024-07-20 19:40:00,AWS_Chennai_001,27.97,1001.73,86.73,0,0.0972,NORMAL,None,[],0.0452,0.3802,0.1331,0,normal
2024-07-20 19:50:00,AWS_Chennai_001,27.22,1001.98,84.58,0,0.126,NORMAL,None,[],0.1415,0.3568,0.1504,0,normal
2024-07-20 20:00:00,AWS_Chennai_001,27.27,1002.16,86.07,0,0.0833,NORMAL,None,[],0.057,0.2397,0.151,0,normal
2024-07-20 20:10:00,AWS_Chennai_001,27.35,1001.98,84.67,0,0.0838,NORMAL,None,[],0.0298,0.2994,0.1498,0,normal
2024-07-20 20:20:00,AWS_Chennai_001,27.54,1001.93,85.71,0,0.0671,NORMAL,None,[],0.0074,0.2547,0.1331,0,normal
2024-07-20 20:30:00,AWS_Chennai_001,27.31,1001.89,88.5,0,0.06,NORMAL,None,[],0.0063,0.2138,0.1304,0,normal
2024-07-20 20:40:00,AWS_Chennai_001,26.69,1002.01,88.79,0,0.0682,NORMAL,None,[],0.0314,0.2171,0.131,0,normal
2024-07-20 20:50:00,AWS_Chennai_001,27.07,1002.08,88.18,0,0.0579,NORMAL,None,[],0.0351,0.1417,0.1302,0,normal
2024-07-20 21:00:00,AWS_Chennai_001,27.38,1002.2,88.11,0,0.0424,NORMAL,None,[],0.0108,0.0845,0.1325,0,normal
2024-07-20 21:10:00,AWS_Chennai_001,26.9,1002.07,88.59,0,0.0561,NORMAL,None,[],0.0233,0.151,0.1324,0,normal
2024-07-20 21:20:00,AWS_Chennai_001,26.65,1002.21,88.37,0,0.0654,NORMAL,None,[],0.0463,0.1458,0.1484,0,normal
2024-07-20 21:30:00,AWS_Chennai_001,27.18,1002.39,90.84,0,0.0885,NORMAL,None,[],0.0731,0.26,0.1379,0,normal
2024-07-20 21:40:00,AWS_Chennai_001,27.2,1002.45,92.02,0,0.0832,NORMAL,None,[],0.0392,0.2889,0.1403,0,normal
2024-07-20 21:50:00,AWS_Chennai_001,26.88,1002.57,93.75,0,0.1136,NORMAL,None,[],0.085,0.3747,0.1595,0,normal
2024-07-20 22:00:00,AWS_Chennai_001,27.48,1002.61,94.47,0,0.1034,NORMAL,None,[],0.0863,0.3033,0.1601,0,normal
2024-07-20 22:10:00,AWS_Chennai_001,27.59,1002.28,95.11,0,0.0843,NORMAL,None,[],0.0598,0.2233,0.1644,0,normal
2024-07-20 22:20:00,AWS_Chennai_001,27.57,1002.2,94.62,0,0.0735,NORMAL,None,[],0.0478,0.1847,0.1574,0,normal
2024-07-20 22:30:00,AWS_Chennai_001,26.97,1001.88,94.33,0,0.089,NORMAL,None,[],0.0743,0.2349,0.1576,0,normal
2024-07-20 22:40:00,AWS_Chennai_001,27.32,1001.74,95.69,0,0.1164,NORMAL,None,[],0.1459,0.2637,0.1653,0,normal
2024-07-20 22:50:00,AWS_Chennai_001,27.15,1001.76,96.71,0,0.1035,NORMAL,None,[],0.1146,0.2336,0.1707,0,normal
2024-07-20 23:00:00,AWS_Chennai_001,26.94,1001.77,95.01,0,0.0885,NORMAL,None,[],0.0696,0.2266,0.1683,0,normal
2024-07-20 23:10:00,AWS_Chennai_001,27.1,1001.88,97.37,0,0.0942,NORMAL,None,[],0.1091,0.1867,0.1675,0,normal
2024-07-20 23:20:00,AWS_Chennai_001,26.89,1002.1,96.08,0,0.0771,NORMAL,None,[],0.0791,0.1436,0.159,0,normal
2024-07-20 23:30:00,AWS_Chennai_001,27.42,1002.11,95.81,0,0.0796,NORMAL,None,[],0.0873,0.1433,0.1595,0,normal
2024-07-20 23:40:00,AWS_Chennai_001,27.41,1002.43,97.12,0,0.1086,NORMAL,None,[],0.1433,0.2244,0.1596,0,normal
2024-07-20 23:50:00,AWS_Chennai_001,27.69,1002.6,98.21,0,0.1197,NORMAL,None,[],0.13,0.3268,0.1584,0,normal
2024-07-21 00:00:00,AWS_Chennai_001,27.6,1002.54,100.0,0,0.1211,NORMAL,None,[],0.1382,0.303,0.1709,0,normal
2024-07-21 00:10:00,AWS_Chennai_001,27.7,1002.55,98.33,0,0.097,NORMAL,None,[],0.0843,0.2618,0.1624,0,normal
2024-07-21 00:20:00,AWS_Chennai_001,27.02,1002.43,96.7,0,0.0813,NORMAL,None,[],0.0978,0.1479,0.1489,0,normal
2024-07-21 00:30:00,AWS_Chennai_001,26.93,1002.28,95.05,0,0.0723,NORMAL,None,[],0.0823,0.1304,0.1401,0,normal
2024-07-21 00:40:00,AWS_Chennai_001,26.87,1002.44,91.79,0,0.1168,NORMAL,None,[],0.1322,0.2989,0.1613,0,normal
2024-07-21 00:50:00,AWS_Chennai_001,26.55,1002.34,91.83,0,0.1302,NORMAL,None,[],0.1146,0.3183,0.2405,0,normal
2024-07-21 01:00:00,AWS_Chennai_001,26.87,1002.38,90.05,0,0.1312,NORMAL,None,[],0.1259,0.279,0.258,0,normal
2024-07-21 01:10:00,AWS_Chennai_001,26.75,1002.34,92.46,0,0.0914,NORMAL,None,[],0.1024,0.2036,0.1506,0,normal
2024-07-21 01:20:00,AWS_Chennai_001,26.56,1002.44,90.49,0,0.1124,NORMAL,None,[],0.124,0.2883,0.1598,0,normal
2024-07-21 01:30:00,AWS_Chennai_001,26.0,1002.21,90.4,0,0.1028,NORMAL,None,[],0.0849,0.2946,0.1659,0,normal
2024-07-21 01:40:00,AWS_Chennai_001,25.62,1002.55,89.73,0,0.1371,NORMAL,None,[],0.1629,0.3648,0.1677,0,normal
2024-07-21 01:50:00,AWS_Chennai_001,25.72,1002.53,90.58,0,0.1036,NORMAL,None,[],0.0908,0.2835,0.169,0,normal
2024-07-21 02:00:00,AWS_Chennai_001,25.62,1002.38,89.39,0,0.1004,NORMAL,None,[],0.1033,0.2303,0.1743,0,normal
2024-07-21 02:10:00,AWS_Chennai_001,25.56,1002.25,88.8,0,0.1047,NORMAL,None,[],0.0917,0.2778,0.1775,0,normal
2024-07-21 02:20:00,AWS_Chennai_001,25.79,1002.24,89.12,0,0.0988,NORMAL,None,[],0.0908,0.2448,0.1742,0,normal
2024-07-21 02:30:00,AWS_Chennai_001,25.68,1002.14,87.27,0,0.112,NORMAL,None,[],0.0941,0.3269,0.1738,0,normal
2024-07-21 02:40:00,AWS_Chennai_001,25.89,1002.34,85.7,0,0.0992,NORMAL,None,[],0.1118,0.1987,0.1792,0,normal
2024-07-21 02:50:00,AWS_Chennai_001,26.11,1002.4,86.78,0,0.0763,NORMAL,None,[],0.075,0.1299,0.1716,0,normal
2024-07-21 03:00:00,AWS_Chennai_001,26.67,1002.11,86.39,0,0.1021,NORMAL,None,[],0.0877,0.2698,0.1768,0,normal
2024-07-21 03:10:00,AWS_Chennai_001,26.67,1002.27,85.09,0,0.1085,NORMAL,None,[],0.1403,0.2115,0.1733,0,normal
2024-07-21 03:20:00,AWS_Chennai_001,26.79,1002.32,87.75,0,0.0881,NORMAL,None,[],0.123,0.1291,0.1592,0,normal
2024-07-21 03:30:00,AWS_Chennai_001,26.53,1002.44,87.97,0,0.0872,NORMAL,None,[],0.1299,0.1392,0.1366,0,normal
2024-07-21 03:40:00,AWS_Chennai_001,26.19,1002.35,87.2,0,0.0627,NORMAL,None,[],0.084,0.0647,0.1388,0,normal
2024-07-21 03:50:00,AWS_Chennai_001,26.1,1002.4,86.65,0,0.0664,NORMAL,None,[],0.0707,0.1164,0.1387,0,normal
2024-07-21 04:00:00,AWS_Chennai_001,26.31,1002.34,88.8,0,0.0787,NORMAL,None,[],0.1498,0.0477,0.1332,0,normal
2024-07-21 04:10:00,AWS_Chennai_001,26.31,1002.34,88.4,0,0.1007,NORMAL,None,[],0.2155,0.0489,0.1437,0,normal
2024-07-21 04:20:00,AWS_Chennai_001,26.53,1002.04,89.4,0,0.1489,NORMAL,None,[],0.2743,0.2873,0.1173,0,normal
2024-07-21 04:30:00,AWS_Chennai_001,26.67,1002.17,89.86,0,0.1393,NORMAL,None,[],0.2562,0.2533,0.1219,0,normal
2024-07-21 04:40:00,AWS_Chennai_001,27.49,1002.18,87.07,0,0.1492,NORMAL,None,[],0.2664,0.2858,0.1319,0,normal
2024-07-21 04:50:00,AWS_Chennai_001,27.37,1002.21,86.18,0,0.1377,NORMAL,None,[],0.2382,0.257,0.1383,0,normal
2024-07-21 05:00:00,AWS_Chennai_001,27.94,1002.12,84.72,0,0.1672,NORMAL,None,[],0.2658,0.3933,0.1421,0,normal
2024-07-21 05:10:00,AWS_Chennai_001,28.04,1002.1,85.61,0,0.1242,NORMAL,None,[],0.1508,0.3243,0.1515,0,normal
2024-07-21 05:20:00,AWS_Chennai_001,27.3,1001.93,86.31,0,0.1233,NORMAL,None,[],0.1777,0.2621,0.1532,0,normal
2024-07-21 05:30:00,AWS_Chennai_001,27.73,1001.94,85.19,0,0.1159,NORMAL,None,[],0.1227,0.3214,0.1545,0,normal
2024-07-21 05:40:00,AWS_Chennai_001,27.75,1002.05,86.48,0,0.0896,NORMAL,None,[],0.1046,0.1917,0.1473,0,normal
2024-07-21 05:50:00,AWS_Chennai_001,28.03,1002.21,88.87,0,0.1058,NORMAL,None,[],0.1556,0.2022,0.1438,0,normal
2024-07-21 06:00:00,AWS_Chennai_001,27.85,1002.04,90.62,0,0.1334,NORMAL,None,[],0.2106,0.2936,0.1307,0,normal
2024-07-21 06:10:00,AWS_Chennai_001,27.54,1002.12,88.12,0,0.0847,NORMAL,None,[],0.1422,0.1006,0.1349,0,normal
2024-07-21 06:20:00,AWS_Chennai_001,28.06,1002.06,88.23,0,0.0938,NORMAL,None,[],0.1366,0.1708,0.1363,0,normal
2024-07-21 06:30:00,AWS_Chennai_001,28.32,1001.86,90.09,0,0.1162,NORMAL,None,[],0.1318,0.3361,0.1313,0,normal
2024-07-21 06:40:00,AWS_Chennai_001,28.82,1001.5,92.69,0,0.1805,NORMAL,None,[],0.256,0.5085,0.1371,0,normal
2024-07-21 06:50:00,AWS_Chennai_001,28.65,1001.26,90.47,0,0.1586,NORMAL,None,[],0.243,0.3936,0.1332,0,normal
2024-07-21 07:00:00,AWS_Chennai_001,29.08,1000.72,89.31,0,0.1979,NORMAL,None,[],0.2403,0.3953,0.3328,0,normal
2024-07-21 07:10:00,AWS_Chennai_001,29.1,1000.64,86.81,0,0.1753,NORMAL,None,[],0.1956,0.3487,0.3216,0,normal
2024-07-21 07:20:00,AWS_Chennai_001,29.28,1000.65,85.89,0,0.1486,NORMAL,None,[],0.1663,0.3432,0.2363,0,normal
2024-07-21 07:30:00,AWS_Chennai_001,29.8,1000.49,85.4,0,0.1493,NORMAL,None,[],0.2038,0.3743,0.1599,0,normal
2024-07-21 07:40:00,AWS_Chennai_001,30.07,1000.25,82.06,0,0.1779,NORMAL,None,[],0.2531,0.4443,0.1765,0,normal
2024-07-21 07:50:00,AWS_Chennai_001,30.28,1000.39,84.78,0,0.1358,NORMAL,None,[],0.1808,0.324,0.1646,0,normal
2024-07-21 08:00:00,AWS_Chennai_001,30.48,1000.42,83.51,0,0.1204,NORMAL,None,[],0.1351,0.3294,0.1523,0,normal
2024-07-21 08:10:00,AWS_Chennai_001,30.79,1000.24,84.24,0,0.1199,NORMAL,None,[],0.1351,0.3087,0.1653,0,normal
2024-07-21 08:20:00,AWS_Chennai_001,30.95,1000.14,84.77,0,0.111,NORMAL,None,[],0.1145,0.2813,0.1723,0,normal
2024-07-21 08:30:00,AWS_Chennai_001,31.34,1000.51,84.83,0,0.1149,NORMAL,None,[],0.1525,0.2416,0.1644,0,normal
2024-07-21 08:40:00,AWS_Chennai_001,31.43,1000.56,85.11,0,0.1092,NORMAL,None,[],0.1435,0.2095,0.1737,0,normal
2024-07-21 08:50:00,AWS_Chennai_001,31.6,1000.95,86.9,0,0.0968,NORMAL,None,[],0.1575,0.1146,0.1619,0,normal
2024-07-21 09:00:00,AWS_Chennai_001,32.11,1000.99,86.78,0,0.1012,NORMAL,None,[],0.1595,0.1404,0.1617,0,normal
2024-07-21 09:10:00,AWS_Chennai_001,32.15,1000.77,86.34,0,0.092,NORMAL,None,[],0.1327,0.1249,0.1674,0,normal
2024-07-21 09:20:00,AWS_Chennai_001,32.34,1000.73,87.64,0,0.0862,NORMAL,None,[],0.1065,0.1438,0.1632,0,normal
2024-07-21 09:30:00,AWS_Chennai_001,32.64,1000.78,87.92,0,0.0908,NORMAL,None,[],0.1005,0.1838,0.1653,0,normal
2024-07-21 09:40:00,AWS_Chennai_001,32.44,1000.76,85.98,0,0.0731,NORMAL,None,[],0.0759,0.1315,0.1533,0,normal
2024-07-21 09:50:00,AWS_Chennai_001,32.92,1000.69,83.68,0,0.0934,NORMAL,None,[],0.0942,0.2237,0.1578,0,normal
2024-07-21 10:00:00,AWS_Chennai_001,33.2,1000.94,81.42,0,0.1297,NORMAL,None,[],0.1376,0.3703,0.1645,0,normal
2024-07-21 10:10:00,AWS_Chennai_001,33.69,1000.97,80.25,0,0.1516,NORMAL,None,[],0.1658,0.3881,0.2185,0,normal
2024-07-21 10:20:00,AWS_Chennai_001,34.28,1001.2,78.37,0,0.1882,NORMAL,None,[],0.2381,0.4542,0.2434,0,normal
2024-07-21 10:30:00,AWS_Chennai_001,34.77,1001.28,78.84,0,0.1608,NORMAL,None,[],0.1927,0.4133,0.205,0,normal
2024-07-21 10:40:00,AWS_Chennai_001,34.63,1001.26,81.23,0,0.1137,NORMAL,None,[],0.1098,0.3065,0.1739,0,normal
2024-07-21 10:50:00,AWS_Chennai_001,34.54,1001.51,85.24,0,0.1315,NORMAL,None,[],0.1781,0.2769,0.1825,0,normal
2024-07-21 11:00:00,AWS_Chennai_001,34.45,1001.66,86.49,0,0.155,NORMAL,None,[],0.1753,0.2915,0.2936,0,normal
2024-07-21 11:10:00,AWS_Chennai_001,34.63,1001.47,86.24,0,0.1366,NORMAL,None,[],0.1577,0.2375,0.2685,0,normal
2024-07-21 11:20:00,AWS_Chennai_001,34.96,1001.67,84.36,0,0.1152,NORMAL,None,[],0.1172,0.2292,0.2282,0,normal
2024-07-21 11:30:00,AWS_Chennai_001,35.18,1001.78,86.49,0,0.1326,NORMAL,None,[],0.1775,0.283,0.1843,0,normal
2024-07-21 11:40:00,AWS_Chennai_001,35.6,1001.89,88.38,0,0.1572,NORMAL,None,[],0.2322,0.3339,0.1874,0,normal
2024-07-21 11:50:00,AWS_Chennai_001,35.88,1001.87,88.62,0,0.1399,NORMAL,None,[],0.186,0.3174,0.1822,0,normal
2024-07-21 12:00:00,AWS_Chennai_001,35.94,1002.02,91.35,0,0.1763,NORMAL,None,[],0.2751,0.3576,0.2004,0,normal
2024-07-21 12:10:00,AWS_Chennai_001,35.83,1002.21,93.07,0,0.1989,NORMAL,None,[],0.3064,0.3611,0.2642,0,normal
2024-07-21 12:20:00,AWS_Chennai_001,36.56,1002.42,91.86,0,0.1893,NORMAL,None,[],0.3263,0.3678,0.1814,0,normal
2024-07-21 12:30:00,AWS_Chennai_001,36.29,1002.34,87.57,0,0.1508,NORMAL,None,[],0.2667,0.2429,0.1719,0,normal
2024-07-21 12:40:00,AWS_Chennai_001,36.44,1002.35,87.0,0,0.1371,NORMAL,None,[],0.2337,0.2259,0.1655,0,normal
2024-07-21 12:50:00,AWS_Chennai_001,36.34,1002.41,85.9,0,0.1302,NORMAL,None,[],0.2215,0.1926,0.1742,0,normal
2024-07-21 13:00:00,AWS_Chennai_001,36.3,1002.44,86.07,0,0.1197,NORMAL,None,[],0.1784,0.1784,0.1972,0,normal
2024-07-21 13:10:00,AWS_Chennai_001,36.76,1002.58,86.05,0,0.1331,NORMAL,None,[],0.2219,0.2228,0.1657,0,normal
2024-07-21 13:20:00,AWS_Chennai_001,36.36,1002.6,87.86,0,0.119,NORMAL,None,[],0.1937,0.1912,0.1611,0,normal
2024-07-21 13:30:00,AWS_Chennai_001,36.3,1002.94,89.02,0,0.1391,NORMAL,None,[],0.247,0.2355,0.1484,0,normal
2024-07-21 13:40:00,AWS_Chennai_001,35.95,1002.94,89.35,0,0.1294,NORMAL,None,[],0.2446,0.187,0.1398,0,normal
2024-07-21 13:50:00,AWS_Chennai_001,36.24,1002.93,88.17,0,0.1199,NORMAL,None,[],0.2299,0.1537,0.1392,0,normal
2024-07-21 14:00:00,AWS_Chennai_001,36.52,1003.07,90.35,0,0.1421,NORMAL,None,[],0.2529,0.2499,0.1435,0,normal
2024-07-21 14:10:00,AWS_Chennai_001,36.27,1002.88,91.59,0,0.134,NORMAL,None,[],0.2561,0.2026,0.1339,0,normal
2024-07-21 14:20:00,AWS_Chennai_001,36.38,1002.87,89.56,0,0.1162,NORMAL,None,[],0.2381,0.1376,0.1205,0,normal
2024-07-21 14:30:00,AWS_Chennai_001,36.03,1002.8,86.34,0,0.1293,NORMAL,None,[],0.2605,0.1842,0.1173,0,normal
2024-07-21 14:40:00,AWS_Chennai_001,36.29,1002.94,85.3,0,0.1305,NORMAL,None,[],0.2606,0.1879,0.1208,0,normal
2024-07-21 14:50:00,AWS_Chennai_001,35.97,1002.95,89.12,0,0.1261,NORMAL,None,[],0.2552,0.1767,0.1153,0,normal
2024-07-21 15:00:00,AWS_Chennai_001,35.93,1002.98,87.42,0,0.13,NORMAL,None,[],0.2517,0.2087,0.116,0,normal
2024-07-21 15:10:00,AWS_Chennai_001,35.53,1003.21,86.5,0,0.1457,NORMAL,None,[],0.2267,0.3694,0.1113,0,normal
2024-07-21 15:20:00,AWS_Chennai_001,35.51,1003.16,85.9,0,0.1367,NORMAL,None,[],0.2166,0.3303,0.1111,0,normal
2024-07-21 15:30:00,AWS_Chennai_001,35.25,1003.25,83.98,0,0.1524,NORMAL,None,[],0.2161,0.4106,0.1301,0,normal
2024-07-21 15:40:00,AWS_Chennai_001,35.43,1003.23,81.72,0,0.148,NORMAL,None,[],0.2019,0.3819,0.1506,0,normal
2024-07-21 15:50:00,AWS_Chennai_001,35.03,1003.14,80.33,0,0.1583,NORMAL,None,[],0.2237,0.3856,0.1668,0,normal
2024-07-21 16:00:00,AWS_Chennai_001,34.47,1003.14,83.12,0,0.1456,NORMAL,None,[],0.2091,0.3304,0.1665,0,normal
2024-07-21 16:10:00,AWS_Chennai_001,34.36,1002.98,82.65,0,0.1294,NORMAL,None,[],0.1947,0.2605,0.1597,0,normal
2024-07-21 16:20:00,AWS_Chennai_001,34.14,1002.98,85.72,0,0.1414,NORMAL,None,[],0.2606,0.1911,0.173,0,normal
2024-07-21 16:30:00,AWS_Chennai_001,34.11,1003.1,86.21,0,0.1409,NORMAL,None,[],0.2705,0.1709,0.1705,0,normal
2024-07-21 16:40:00,AWS_Chennai_001,34.01,1002.98,85.64,0,0.125,NORMAL,None,[],0.2195,0.1603,0.1753,0,normal
2024-07-21 16:50:00,AWS_Chennai_001,34.22,1003.07,87.37,0,0.1364,NORMAL,None,[],0.2743,0.1401,0.1654,0,normal
2024-07-21 17:00:00,AWS_Chennai_001,34.03,1002.92,89.38,0,0.1454,NORMAL,None,[],0.2583,0.2439,0.1567,0,normal
2024-07-21 17:10:00,AWS_Chennai_001,33.49,1002.73,89.64,0,0.1601,NORMAL,None,[],0.2501,0.3722,0.1462,0,normal
2024-07-21 17:20:00,AWS_Chennai_001,33.34,1002.49,89.23,0,0.1452,NORMAL,None,[],0.1821,0.4101,0.145,0,normal
2024-07-21 17:30:00,AWS_Chennai_001,32.88,1002.85,89.21,0,0.1318,NORMAL,None,[],0.2001,0.2791,0.1493,0,normal
2024-07-21 17:40:00,AWS_Chennai_001,33.13,1002.8,89.99,0,0.125,NORMAL,None,[],0.1808,0.2731,0.1491,0,normal
2024-07-21 17:50:00,AWS_Chennai_001,32.8,1002.85,92.68,0,0.1399,NORMAL,None,[],0.2037,0.3106,0.1612,0,normal
2024-07-21 18:00:00,AWS_Chennai_001,32.64,1002.69,91.6,0,0.1333,NORMAL,None,[],0.1762,0.3212,0.161,0,normal
2024-07-21 18:10:00,AWS_Chennai_001,32.61,1002.44,90.8,0,0.1242,NORMAL,None,[],0.1392,0.3399,0.1573,0,normal
2024-07-21 18:20:00,AWS_Chennai_001,32.47,1002.43,89.02,0,0.1131,NORMAL,None,[],0.133,0.2783,0.1573,0,normal
2024-07-21 18:30:00,AWS_Chennai_001,32.05,1002.37,90.75,0,0.1166,NORMAL,None,[],0.124,0.3209,0.1562,0,normal
2024-07-21 18:40:00,AWS_Chennai_001,31.68,1002.11,93.81,0,0.157,NORMAL,None,[],0.2031,0.4184,0.1668,0,normal
2024-07-21 18:50:00,AWS_Chennai_001,31.72,1001.94,94.15,0,0.1437,NORMAL,None,[],0.1734,0.4038,0.1553,0,normal
2024-07-21 19:00:00,AWS_Chennai_001,31.75,1001.65,94.9,0,0.1455,NORMAL,None,[],0.1792,0.4039,0.1559,0,normal
2024-07-21 19:10:00,AWS_Chennai_001,31.25,1001.47,94.5,0,0.1363,NORMAL,None,[],0.1576,0.3991,0.1458,0,normal
2024-07-21 19:20:00,AWS_Chennai_001,30.88,1001.35,92.03,0,0.1163,NORMAL,None,[],0.1331,0.3221,0.1401,0,normal
2024-07-21 19:30:00,AWS_Chennai_001,30.41,1001.27,90.98,0,0.1082,NORMAL,None,[],0.1268,0.2821,0.139,0,normal
2024-07-21 19:40:00,AWS_Chennai_001,30.05,1001.31,92.79,0,0.1033,NORMAL,None,[],0.1109,0.3082,0.1189,0,normal
2024-07-21 19:50:00,AWS_Chennai_001,29.6,1001.27,92.63,0,0.0933,NORMAL,None,[],0.0847,0.293,0.1197,0,normal
2024-07-21 20:00:00,AWS_Chennai_001,29.71,1001.19,93.24,0,0.0904,NORMAL,None,[],0.0785,0.2835,0.1217,0,normal
2024-07-21 20:10:00,AWS_Chennai_001,29.31,1000.94,93.62,0,0.0934,NORMAL,None,[],0.0775,0.3072,0.1204,0,normal
2024-07-21 20:20:00,AWS_Chennai_001,28.6,1001.05,93.48,0,0.1013,NORMAL,None,[],0.1144,0.286,0.1203,0,normal
2024-07-21 20:30:00,AWS_Chennai_001,28.15,1000.98,91.33,0,0.0985,NORMAL,None,[],0.1083,0.2756,0.1234,0,normal
2024-07-21 20:40:00,AWS_Chennai_001,27.66,1000.96,94.73,0,0.1152,NORMAL,None,[],0.1424,0.32,0.1225,0,normal
2024-07-21 20:50:00,AWS_Chennai_001,27.34,1001.08,92.09,0,0.0907,NORMAL,None,[],0.1104,0.2186,0.1238,0,normal
2024-07-21 21:00:00,AWS_Chennai_001,27.35,1000.93,93.91,0,0.099,NORMAL,None,[],0.1212,0.2472,0.128,0,normal
2024-07-21 21:10:00,AWS_Chennai_001,26.79,1001.16,94.76,0,0.0976,NORMAL,None,[],0.1186,0.2445,0.1266,0,normal
2024-07-21 21:20:00,AWS_Chennai_001,25.96,1001.05,93.9,0,0.1048,NORMAL,None,[],0.1501,0.225,0.1302,0,normal
2024-07-21 21:30:00,AWS_Chennai_001,25.56,1001.16,96.51,0,0.1289,NORMAL,None,[],0.1868,0.3149,0.1282,0,normal
2024-07-21 21:40:00,AWS_Chennai_001,25.98,1001.56,93.3,0,0.1056,NORMAL,None,[],0.1613,0.199,0.1368,0,normal
2024-07-21 21:50:00,AWS_Chennai_001,25.44,1001.52,94.88,0,0.1222,NORMAL,None,[],0.1712,0.2798,0.1443,0,normal
2024-07-21 22:00:00,AWS_Chennai_001,25.67,1001.54,95.19,0,0.1011,NORMAL,None,[],0.0983,0.2914,0.1395,0,normal
2024-07-21 22:10:00,AWS_Chennai_001,25.73,1001.97,97.37,0,0.1509,NORMAL,None,[],0.1928,0.4418,0.1338,0,normal
2024-07-21 22:20:00,AWS_Chennai_001,25.74,1001.84,93.98,0,0.1087,NORMAL,None,[],0.1617,0.2206,0.1353,0,normal
2024-07-21 22:30:00,AWS_Chennai_001,25.92,1001.83,95.86,0,0.0917,NORMAL,None,[],0.083,0.2645,0.1355,0,normal
2024-07-21 22:40:00,AWS_Chennai_001,26.15,1001.77,97.84,0,0.088,NORMAL,None,[],0.0579,0.2869,0.1379,0,normal
2024-07-21 22:50:00,AWS_Chennai_001,26.91,1001.59,97.74,0,0.0866,NORMAL,None,[],0.1018,0.177,0.1476,0,normal
2024-07-21 23:00:00,AWS_Chennai_001,26.86,1001.76,100.0,0,0.1223,NORMAL,None,[],0.1791,0.2543,0.1521,0,normal
2024-07-21 23:10:00,AWS_Chennai_001,26.57,1001.89,95.95,0,0.082,NORMAL,None,[],0.1177,0.1203,0.143,0,normal
2024-07-21 23:20:00,AWS_Chennai_001,26.65,1001.98,96.68,0,0.0838,NORMAL,None,[],0.1015,0.161,0.1462,0,normal
2024-07-21 23:30:00,AWS_Chennai_001,26.43,1002.24,96.73,0,0.0902,NORMAL,None,[],0.1176,0.1767,0.1423,0,normal
2024-07-21 23:40:00,AWS_Chennai_001,25.93,1002.17,97.59,0,0.0888,NORMAL,None,[],0.0937,0.2139,0.1428,0,normal
2024-07-21 23:50:00,AWS_Chennai_001,26.13,1002.13,97.25,0,0.0717,NORMAL,None,[],0.074,0.1467,0.1374,0,normal
2024-07-22 00:00:00,AWS_Chennai_001,25.94,1001.89,97.0,0,0.0648,NORMAL,None,[],0.067,0.0986,0.1495,0,normal
2024-07-22 00:10:00,AWS_Chennai_001,25.59,1001.83,96.21,0,0.0634,NORMAL,None,[],0.0609,0.0998,0.1506,0,normal
2024-07-22 00:20:00,AWS_Chennai_001,25.29,1001.75,97.28,0,0.0795,NORMAL,None,[],0.0846,0.1637,0.1478,0,normal
2024-07-22 00:30:00,AWS_Chennai_001,24.82,1001.7,95.91,0,0.0836,NORMAL,None,[],0.0687,0.2297,0.1427,0,normal
2024-07-22 00:40:00,AWS_Chennai_001,25.08,1001.9,98.58,0,0.0963,NORMAL,None,[],0.1177,0.2201,0.1398,0,normal
2024-07-22 00:50:00,AWS_Chennai_001,24.97,1001.96,97.07,0,0.0726,NORMAL,None,[],0.074,0.1551,0.1356,0,normal
2024-07-22 01:00:00,AWS_Chennai_001,24.75,1002.3,95.36,0,0.1173,NORMAL,None,[],0.1247,0.3567,0.1317,0,normal
2024-07-22 01:10:00,AWS_Chennai_001,24.82,1002.39,95.37,0,0.1152,NORMAL,None,[],0.1286,0.3299,0.1358,0,normal
2024-07-22 01:20:00,AWS_Chennai_001,24.67,1002.67,96.82,0,0.1162,NORMAL,None,[],0.158,0.2945,0.123,0,normal
2024-07-22 01:30:00,AWS_Chennai_001,24.56,1003.0,98.03,0,0.1391,NORMAL,None,[],0.1969,0.3553,0.1335,0,normal
2024-07-22 01:40:00,AWS_Chennai_001,24.63,1002.8,98.59,0,0.1258,NORMAL,None,[],0.1843,0.3045,0.1243,0,normal
2024-07-22 01:50:00,AWS_Chennai_001,24.86,1002.87,98.18,0,0.1042,NORMAL,None,[],0.1351,0.2448,0.1349,0,normal
2024-07-22 02:00:00,AWS_Chennai_001,24.88,1002.94,98.38,0,0.1079,NORMAL,None,[],0.1383,0.2627,0.1351,0,normal
2024-07-22 02:10:00,AWS_Chennai_001,25.1,1002.78,98.32,0,0.0922,NORMAL,None,[],0.1233,0.1827,0.1391,0,normal
2024-07-22 02:20:00,AWS_Chennai_001,24.98,1002.88,95.38,0,0.1076,NORMAL,None,[],0.1526,0.2294,0.1369,0,normal
2024-07-22 02:30:00,AWS_Chennai_001,25.07,1002.93,96.11,0,0.0887,NORMAL,None,[],0.1307,0.1553,0.1308,0,normal
2024-07-22 02:40:00,AWS_Chennai_001,25.73,1002.68,96.46,0,0.0904,NORMAL,None,[],0.1216,0.1793,0.135,0,normal
2024-07-22 02:50:00,AWS_Chennai_001,25.47,1002.93,96.44,0,0.0958,NORMAL,None,[],0.1415,0.1827,0.1298,0,normal
2024-07-22 03:00:00,AWS_Chennai_001,25.57,1002.85,94.79,0,0.1062,NORMAL,None,[],0.1267,0.2851,0.1272,0,normal
2024-07-22 03:10:00,AWS_Chennai_001,25.65,1002.93,92.68,0,0.132,NORMAL,None,[],0.1737,0.3684,0.1232,0,normal
2024-07-22 03:20:00,AWS_Chennai_001,25.69,1002.92,92.92,0,0.1135,NORMAL,None,[],0.1399,0.3139,0.1224,0,normal
2024-07-22 03:30:00,AWS_Chennai_001,25.59,1002.84,91.2,0,0.1088,NORMAL,None,[],0.1349,0.2875,0.1263,0,normal
2024-07-22 03:40:00,AWS_Chennai_001,25.41,1002.91,94.18,0,0.0945,NORMAL,None,[],0.159,0.1526,0.1196,0,normal
2024-07-22 03:50:00,AWS_Chennai_001,25.54,1002.63,95.8,0,0.0869,NORMAL,None,[],0.1409,0.1309,0.1247,0,normal
2024-07-22 04:00:00,AWS_Chennai_001,25.62,1002.79,98.56,0,0.106,NORMAL,None,[],0.1779,0.1729,0.1335,0,normal
2024-07-22 04:10:00,AWS_Chennai_001,25.97,1002.8,98.29,0,0.1065,NORMAL,None,[],0.1515,0.2169,0.1424,0,normal
2024-07-22 04:20:00,AWS_Chennai_001,26.23,1002.71,97.86,0,0.1109,NORMAL,None,[],0.1217,0.2908,0.154,0,normal
2024-07-22 04:30:00,AWS_Chennai_001,26.48,1002.82,96.82,0,0.0923,NORMAL,None,[],0.1212,0.1865,0.1396,0,normal
2024-07-22 04:40:00,AWS_Chennai_001,26.65,1002.64,95.84,0,0.101,NORMAL,None,[],0.0933,0.2936,0.1448,0,normal
2024-07-22 04:50:00,AWS_Chennai_001,26.75,1002.94,97.39,0,0.1159,NORMAL,None,[],0.1541,0.2705,0.1453,0,normal
2024-07-22 05:00:00,AWS_Chennai_001,26.94,1002.6,96.21,0,0.1176,NORMAL,None,[],0.146,0.2931,0.1491,0,normal
2024-07-22 05:10:00,AWS_Chennai_001,27.1,1002.6,95.42,0,0.1132,NORMAL,None,[],0.1403,0.2681,0.1544,0,normal
2024-07-22 05:20:00,AWS_Chennai_001,26.68,1002.44,94.85,0,0.1151,NORMAL,None,[],0.1433,0.2788,0.1513,0,normal
2024-07-22 05:30:00,AWS_Chennai_001,26.56,1002.46,93.0,0,0.1188,NORMAL,None,[],0.1494,0.2827,0.1579,0,normal
2024-07-22 05:40:00,AWS_Chennai_001,26.62,1002.33,89.81,0,0.154,NORMAL,None,[],0.2014,0.3792,0.1836,0,normal
2024-07-22 05:50:00,AWS_Chennai_001,26.62,1002.26,91.26,0,0.149,NORMAL,None,[],0.2217,0.3085,0.1812,0,normal
2024-07-22 06:00:00,AWS_Chennai_001,27.03,1002.21,90.53,0,0.1488,NORMAL,None,[],0.2033,0.3451,0.1803,0,normal
2024-07-22 06:10:00,AWS_Chennai_001,27.36,1002.17,87.44,0,0.1559,NORMAL,None,[],0.1859,0.409,0.1938,0,normal
2024-07-22 06:20:00,AWS_Chennai_001,27.14,1001.76,88.91,0,0.155,NORMAL,None,[],0.2121,0.3829,0.1696,0,normal
2024-07-22 06:30:00,AWS_Chennai_001,26.52,1002.03,89.73,0,0.1209,NORMAL,None,[],0.1865,0.1988,0.1756,0,normal
2024-07-22 06:40:00,AWS_Chennai_001,26.71,1002.07,88.08,0,0.1099,NORMAL,None,[],0.1449,0.2166,0.1699,0,normal
2024-07-22 06:50:00,AWS_Chennai_001,26.69,1002.06,87.26,0,0.1006,NORMAL,None,[],0.1238,0.1974,0.1692,0,normal
2024-07-22 07:00:00,AWS_Chennai_001,26.96,1001.88,86.3,0,0.1083,NORMAL,None,[],0.1189,0.2712,0.1597,0,normal
2024-07-22 07:10:00,AWS_Chennai_001,27.28,1002.02,86.33,0,0.1148,NORMAL,None,[],0.1329,0.288,0.1588,0,normal
2024-07-22 07:20:00,AWS_Chennai_001,27.39,1002.03,85.02,0,0.1121,NORMAL,None,[],0.112,0.3023,0.1659,0,normal
2024-07-22 07:30:00,AWS_Chennai_001,27.58,1002.3,83.57,0,0.1273,NORMAL,None,[],0.1803,0.2782,0.1574,0,normal
2024-07-22 07:40:00,AWS_Chennai_001,27.96,1002.16,82.69,0,0.1303,NORMAL,None,[],0.1678,0.3185,0.1608,0,normal
2024-07-22 07:50:00,AWS_Chennai_001,28.12,1001.77,81.06,0,0.1428,NORMAL,None,[],0.1677,0.4148,0.1514,0,normal
2024-07-22 08:00:00,AWS_Chennai_001,28.66,1001.68,79.08,0,0.1651,NORMAL,None,[],0.2147,0.4577,0.1603,0,normal
2024-07-22 08:10:00,AWS_Chennai_001,28.41,1001.56,78.73,0,0.1521,NORMAL,None,[],0.1939,0.4084,0.1634,0,normal
2024-07-22 08:20:00,AWS_Chennai_001,28.69,1001.7,77.81,0,0.1372,NORMAL,None,[],0.1757,0.3623,0.1505,0,normal
2024-07-22 08:30:00,AWS_Chennai_001,28.96,1001.67,75.15,0,0.1487,NORMAL,None,[],0.2077,0.3819,0.1455,0,normal
2024-07-22 08:40:00,AWS_Chennai_001,29.48,1001.55,75.83,0,0.147,NORMAL,None,[],0.1993,0.3894,0.1439,0,normal
2024-07-22 08:50:00,AWS_Chennai_001,29.64,1001.65,76.26,0,0.1213,NORMAL,None,[],0.1472,0.3198,0.1461,0,normal
2024-07-22 09:00:00,AWS_Chennai_001,30.17,1001.69,75.89,0,0.121,NORMAL,None,[],0.1497,0.303,0.153,0,normal
2024-07-22 09:10:00,AWS_Chennai_001,30.15,1001.46,72.03,0,0.1561,NORMAL,None,[],0.2391,0.3707,0.1439,0,normal
2024-07-22 09:20:00,AWS_Chennai_001,30.56,1001.31,74.29,0,0.1404,NORMAL,None,[],0.1909,0.3546,0.1494,0,normal
2024-07-22 09:30:00,AWS_Chennai_001,30.86,1001.49,75.78,0,0.1186,NORMAL,None,[],0.1565,0.2677,0.1576,0,normal
2024-07-22 09:40:00,AWS_Chennai_001,31.13,1001.41,76.69,0,0.1114,NORMAL,None,[],0.1384,0.2563,0.157,0,normal
2024-07-22 09:50:00,AWS_Chennai_001,31.3,1001.19,75.72,0,0.114,NORMAL,None,[],0.1247,0.2981,0.1596,0,normal
2024-07-22 10:00:00,AWS_Chennai_001,31.54,1001.28,74.01,0,0.1087,NORMAL,None,[],0.1076,0.2843,0.1692,0,normal
2024-07-22 10:10:00,AWS_Chennai_001,31.58,1001.47,72.81,0,0.0992,NORMAL,None,[],0.0965,0.2386,0.1721,0,normal
2024-07-22 10:20:00,AWS_Chennai_001,31.54,1001.7,73.54,0,0.0886,NORMAL,None,[],0.0816,0.1904,0.1776,0,normal
2024-07-22 10:30:00,AWS_Chennai_001,31.47,1001.8,73.34,0,0.0918,NORMAL,None,[],0.0736,0.2268,0.1787,0,normal
2024-07-22 10:40:00,AWS_Chennai_001,31.71,1001.73,73.03,0,0.0896,NORMAL,None,[],0.0621,0.2371,0.1768,0,normal
2024-07-22 10:50:00,AWS_Chennai_001,32.29,1001.92,77.14,0,0.122,NORMAL,None,[],0.1429,0.3092,0.1637,0,normal
2024-07-22 11:00:00,AWS_Chennai_001,32.19,1002.12,77.39,0,0.1234,NORMAL,None,[],0.1248,0.3448,0.1714,0,normal
2024-07-22 11:10:00,AWS_Chennai_001,32.56,1002.07,78.51,0,0.1286,NORMAL,None,[],0.1385,0.3649,0.1614,0,normal
2024-07-22 11:20:00,AWS_Chennai_001,32.53,1002.31,76.79,0,0.1176,NORMAL,None,[],0.1121,0.3229,0.1776,0,normal
2024-07-22 11:30:00,AWS_Chennai_001,32.63,1002.32,74.99,0,0.0903,NORMAL,None,[],0.0589,0.2461,0.1787,0,normal
2024-07-22 11:40:00,AWS_Chennai_001,33.1,1002.56,75.82,0,0.1144,NORMAL,None,[],0.1158,0.2999,0.1736,0,normal
2024-07-22 11:50:00,AWS_Chennai_001,33.04,1002.36,79.53,0,0.1335,NORMAL,None,[],0.1553,0.3593,0.1653,0,normal
2024-07-22 12:00:00,AWS_Chennai_001,34.13,1002.55,81.03,0,0.1628,NORMAL,None,[],0.2034,0.4429,0.1768,0,normal
2024-07-22 12:10:00,AWS_Chennai_001,34.49,1002.48,81.36,0,0.1415,NORMAL,None,[],0.1642,0.4012,0.1602,0,normal
2024-07-22 12:20:00,AWS_Chennai_001,34.51,1002.54,84.45,0,0.1909,NORMAL,None,[],0.2466,0.4098,0.277,0,normal
2024-07-22 12:30:00,AWS_Chennai_001,34.47,1002.48,82.24,0,0.1358,NORMAL,None,[],0.162,0.3046,0.2074,0,normal
2024-07-22 12:40:00,AWS_Chennai_001,34.64,1002.43,79.52,0,0.0993,NORMAL,None,[],0.0939,0.2218,0.1894,0,normal
2024-07-22 12:50:00,AWS_Chennai_001,34.61,1002.46,79.55,0,0.1003,NORMAL,None,[],0.1046,0.2029,0.1924,0,normal
2024-07-22 13:00:00,AWS_Chennai_001,34.62,1002.4,79.7,0,0.0876,NORMAL,None,[],0.0831,0.1736,0.1834,0,normal
2024-07-22 13:10:00,AWS_Chennai_001,34.72,1002.31,79.82,0,0.0791,NORMAL,None,[],0.071,0.1389,0.185,0,normal
2024-07-22 13:20:00,AWS_Chennai_001,35.0,1002.27,78.87,0,0.0749,NORMAL,None,[],0.0734,0.107,0.1842,0,normal
2024-07-22 13:30:00,AWS_Chennai_001,34.87,1002.44,76.37,0,0.1012,NORMAL,None,[],0.1165,0.1798,0.1965,0,normal
2024-07-22 13:40:00,AWS_Chennai_001,34.9,1002.27,77.23,0,0.0913,NORMAL,None,[],0.1059,0.1595,0.1781,0,normal
2024-07-22 13:50:00,AWS_Chennai_001,34.91,1002.49,76.2,0,0.1035,NORMAL,None,[],0.1223,0.2052,0.1802,0,normal
2024-07-22 14:00:00,AWS_Chennai_001,35.16,1002.43,75.5,0,0.1003,NORMAL,None,[],0.1134,0.1926,0.1868,0,normal
2024-07-22 14:10:00,AWS_Chennai_001,34.9,1002.43,75.65,0,0.1065,NORMAL,None,[],0.157,0.144,0.189,0,normal
2024-07-22 14:20:00,AWS_Chennai_001,34.59,1002.4,77.28,0,0.0904,NORMAL,None,[],0.1445,0.0755,0.1788,0,normal
2024-07-22 14:30:00,AWS_Chennai_001,34.61,1002.64,78.31,0,0.1126,NORMAL,None,[],0.1767,0.1753,0.1663,0,normal
2024-07-22 14:40:00,AWS_Chennai_001,34.71,1002.68,79.47,0,0.1107,NORMAL,None,[],0.1676,0.1866,0.1622,0,normal
2024-07-22 14:50:00,AWS_Chennai_001,34.72,1002.78,80.54,0,0.127,NORMAL,None,[],0.2104,0.224,0.1514,0,normal
2024-07-22 15:00:00,AWS_Chennai_001,34.42,1003.07,81.69,0,0.1647,NORMAL,None,[],0.2435,0.4032,0.1559,0,normal
2024-07-22 15:10:00,AWS_Chennai_001,33.94,1003.26,80.03,0,0.1433,NORMAL,None,[],0.1589,0.4367,0.1506,0,normal
2024-07-22 15:20:00,AWS_Chennai_001,34.17,1003.05,78.26,0,0.1051,NORMAL,None,[],0.1321,0.263,0.1299,0,normal
2024-07-22 15:30:00,AWS_Chennai_001,34.14,1003.24,78.61,0,0.1047,NORMAL,None,[],0.1283,0.2657,0.1317,0,normal
2024-07-22 15:40:00,AWS_Chennai_001,33.94,1003.05,80.55,0,0.1049,NORMAL,None,[],0.1091,0.308,0.1301,0,normal
2024-07-22 15:50:00,AWS_Chennai_001,34.04,1002.95,80.44,0,0.0857,NORMAL,None,[],0.0783,0.2371,0.133,0,normal
2024-07-22 16:00:00,AWS_Chennai_001,34.26,1003.12,81.48,0,0.0949,NORMAL,None,[],0.1049,0.2469,0.1321,0,normal
2024-07-22 16:10:00,AWS_Chennai_001,34.08,1002.97,80.72,0,0.0822,NORMAL,None,[],0.0862,0.2018,0.1302,0,normal
2024-07-22 16:20:00,AWS_Chennai_001,34.43,1002.95,81.43,0,0.0735,NORMAL,None,[],0.0877,0.1379,0.1326,0,normal
2024-07-22 16:30:00,AWS_Chennai_001,34.78,1002.6,84.52,0,0.124,NORMAL,None,[],0.1815,0.2657,0.1487,0,normal
2024-07-22 16:40:00,AWS_Chennai_001,34.32,1002.36,82.7,0,0.1017,NORMAL,None,[],0.1282,0.2268,0.146,0,normal
2024-07-22 16:50:00,AWS_Chennai_001,33.71,1002.47,83.74,0,0.1149,NORMAL,None,[],0.1192,0.3202,0.1554,0,normal
2024-07-22 17:00:00,AWS_Chennai_001,33.78,1002.25,84.81,0,0.1207,NORMAL,None,[],0.1267,0.3624,0.1417,0,normal
2024-07-22 17:10:00,AWS_Chennai_001,33.65,1002.17,86.62,0,0.1325,NORMAL,None,[],0.1408,0.4129,0.1416,0,normal
2024-07-22 17:20:00,AWS_Chennai_001,33.2,1001.78,88.27,0,0.1702,NORMAL,None,[],0.2093,0.513,0.1523,0,normal
2024-07-22 17:30:00,AWS_Chennai_001,33.22,1001.68,88.27,0,0.2097,NORMAL,None,[],0.2536,0.438,0.3398,0,normal
2024-07-22 17:40:00,AWS_Chennai_001,32.99,1001.61,88.79,0,0.1968,NORMAL,None,[],0.2191,0.419,0.3412,0,normal
2024-07-22 17:50:00,AWS_Chennai_001,32.82,1001.55,88.61,0,0.1791,NORMAL,None,[],0.1922,0.3834,0.3194,0,normal
2024-07-22 18:00:00,AWS_Chennai_001,31.99,1001.4,87.84,0,0.2008,NORMAL,None,[],0.2381,0.3997,0.3468,0,normal
2024-07-22 18:10:00,AWS_Chennai_001,31.61,1001.38,89.2,0,0.1992,NORMAL,None,[],0.2092,0.3863,0.3924,0,normal
2024-07-22 18:20:00,AWS_Chennai_001,31.22,1001.25,90.78,0,0.201,NORMAL,None,[],0.2322,0.3914,0.3631,0,normal
2024-07-22 18:30:00,AWS_Chennai_001,31.11,1001.21,89.49,0,0.1332,NORMAL,None,[],0.0985,0.3288,0.2715,0,normal
2024-07-22 18:40:00,AWS_Chennai_001,31.2,1001.09,90.34,0,0.1359,NORMAL,None,[],0.1131,0.3117,0.2763,0,normal
2024-07-22 18:50:00,AWS_Chennai_001,30.63,1001.16,89.98,0,0.1389,NORMAL,None,[],0.1338,0.291,0.2754,0,normal
2024-07-22 19:00:00,AWS_Chennai_001,30.53,1001.07,92.66,0,0.1551,NORMAL,None,[],0.1728,0.3247,0.2726,0,normal
2024-07-22 19:10:00,AWS_Chennai_001,30.24,1001.07,93.56,0,0.1733,NORMAL,None,[],0.2281,0.3232,0.2821,0,normal
2024-07-22 19:20:00,AWS_Chennai_001,30.46,1001.01,92.24,0,0.1398,NORMAL,None,[],0.1471,0.2687,0.277,0,normal
2024-07-22 19:30:00,AWS_Chennai_001,30.18,1000.74,90.2,0,0.1443,NORMAL,None,[],0.158,0.2461,0.2999,0,normal
2024-07-22 19:40:00,AWS_Chennai_001,30.5,1000.75,90.39,0,0.1439,NORMAL,None,[],0.1652,0.2098,0.3145,0,normal
2024-07-22 19:50:00,AWS_Chennai_001,30.0,1000.48,92.27,0,0.1686,NORMAL,None,[],0.1956,0.3104,0.3168,0,normal
2024-07-22 20:00:00,AWS_Chennai_001,29.82,1000.33,91.5,0,0.1552,NORMAL,None,[],0.1712,0.2909,0.3011,0,normal
2024-07-22 20:10:00,AWS_Chennai_001,29.37,1000.41,93.68,0,0.1632,NORMAL,None,[],0.1717,0.3591,0.289,0,normal
2024-07-22 20:20:00,AWS_Chennai_001,28.75,1000.47,92.98,0,0.1442,NORMAL,None,[],0.1272,0.3206,0.29,0,normal
2024-07-22 20:30:00,AWS_Chennai_001,28.23,1000.34,95.55,0,0.1403,NORMAL,None,[],0.1706,0.4117,0.1367,0,normal
2024-07-22 20:40:00,AWS_Chennai_001,27.59,1000.33,95.25,0,0.1449,NORMAL,None,[],0.2059,0.385,0.1268,0,normal
2024-07-22 20:50:00,AWS_Chennai_001,27.3,1000.47,96.08,0,0.1378,NORMAL,None,[],0.1892,0.3544,0.1396,0,normal
2024-07-22 21:00:00,AWS_Chennai_001,27.51,1000.76,97.61,0,0.1204,NORMAL,None,[],0.1698,0.2868,0.1323,0,normal
2024-07-22 21:10:00,AWS_Chennai_001,27.52,1000.53,96.56,0,0.1145,NORMAL,None,[],0.1567,0.2673,0.1371,0,normal
2024-07-22 21:20:00,AWS_Chennai_001,27.57,1000.64,94.56,0,0.0857,NORMAL,None,[],0.112,0.1578,0.142,0,normal
2024-07-22 21:30:00,AWS_Chennai_001,27.29,1000.78,94.04,0,0.0826,NORMAL,None,[],0.1117,0.1446,0.1369,0,normal
2024-07-22 21:40:00,AWS_Chennai_001,27.27,1000.85,93.78,0,0.0791,NORMAL,None,[],0.1003,0.146,0.1358,0,normal
2024-07-22 21:50:00,AWS_Chennai_001,27.37,1000.8,93.63,0,0.0702,NORMAL,None,[],0.0816,0.1207,0.1381,0,normal
2024-07-22 22:00:00,AWS_Chennai_001,27.22,1000.67,90.88,0,0.0903,NORMAL,None,[],0.1149,0.1821,0.1425,0,normal
2024-07-22 22:10:00,AWS_Chennai_001,26.96,1000.43,93.27,0,0.0788,NORMAL,None,[],0.0965,0.1536,0.1339,0,normal
2024-07-22 22:20:00,AWS_Chennai_001,27.1,1000.54,93.68,0,0.0653,NORMAL,None,[],0.0877,0.0812,0.1341,0,normal
2024-07-22 22:30:00,AWS_Chennai_001,26.56,1000.99,95.14,0,0.1086,NORMAL,None,[],0.1278,0.2868,0.1364,0,normal
2024-07-22 22:40:00,AWS_Chennai_001,26.46,1001.12,93.11,0,0.104,NORMAL,None,[],0.1054,0.2975,0.1386,0,normal
2024-07-22 22:50:00,AWS_Chennai_001,26.26,1001.19,91.22,0,0.1115,NORMAL,None,[],0.0953,0.3674,0.1389,0,normal
2024-07-22 23:00:00,AWS_Chennai_001,25.84,1001.14,90.76,0,0.1085,NORMAL,None,[],0.0798,0.3778,0.1394,0,normal
2024-07-22 23:10:00,AWS_Chennai_001,26.2,1001.28,91.45,0,0.1038,NORMAL,None,[],0.0914,0.3229,0.1399,0,normal
2024-07-22 23:20:00,AWS_Chennai_001,25.66,1001.28,89.49,0,0.1275,NORMAL,None,[],0.1331,0.3986,0.139,0,normal
2024-07-22 23:30:00,AWS_Chennai_001,25.71,1001.28,91.5,0,0.1157,NORMAL,None,[],0.1354,0.2932,0.1555,0,normal
2024-07-22 23:40:00,AWS_Chennai_001,25.63,1001.24,93.34,0,0.0965,NORMAL,None,[],0.1142,0.2023,0.1597,0,normal
2024-07-22 23:50:00,AWS_Chennai_001,25.59,1001.15,90.82,0,0.1051,NORMAL,None,[],0.1239,0.2396,0.1599,0,normal
2024-07-23 00:00:00,AWS_Chennai_001,25.52,1001.32,91.1,0,0.1099,NORMAL,None,[],0.1357,0.252,0.1567,0,normal
2024-07-23 00:10:00,AWS_Chennai_001,25.29,1001.42,89.74,0,0.1224,NORMAL,None,[],0.141,0.3213,0.1594,0,normal
2024-07-23 00:20:00,AWS_Chennai_001,25.01,1001.23,89.43,0,0.1001,NORMAL,None,[],0.0988,0.2791,0.1429,0,normal
2024-07-23 00:30:00,AWS_Chennai_001,25.2,1001.31,89.47,0,0.084,NORMAL,None,[],0.0598,0.2498,0.1431,0,normal
2024-07-23 00:40:00,AWS_Chennai_001,25.69,1001.68,88.75,0,0.1146,NORMAL,None,[],0.1456,0.2815,0.1433,0,normal
2024-07-23 00:50:00,AWS_Chennai_001,25.7,1002.09,87.1,0,0.1306,NORMAL,None,[],0.1623,0.3548,0.1432,0,normal
2024-07-23 01:00:00,AWS_Chennai_001,25.18,1002.05,86.72,0,0.1245,NORMAL,None,[],0.139,0.3629,0.1421,0,normal
2024-07-23 01:10:00,AWS_Chennai_001,25.61,1001.98,85.4,0,0.1096,NORMAL,None,[],0.1195,0.294,0.1481,0,normal
2024-07-23 01:20:00,AWS_Chennai_001,26.52,1001.98,86.33,0,0.1306,NORMAL,None,[],0.1593,0.3421,0.1576,0,normal
2024-07-23 01:30:00,AWS_Chennai_001,26.55,1002.19,86.84,0,0.1321,NORMAL,None,[],0.1633,0.3477,0.1546,0,normal
2024-07-23 01:40:00,AWS_Chennai_001,26.2,1002.28,87.93,0,0.1116,NORMAL,None,[],0.1485,0.2517,0.1463,0,normal
2024-07-23 01:50:00,AWS_Chennai_001,26.12,1002.31,89.89,0,0.1,NORMAL,None,[],0.1314,0.2048,0.1492,0,normal
2024-07-23 02:00:00,AWS_Chennai_001,25.75,1002.48,90.49,0,0.1028,NORMAL,None,[],0.1567,0.1735,0.1487,0,normal
2024-07-23 02:10:00,AWS_Chennai_001,25.93,1002.46,91.75,0,0.1129,NORMAL,None,[],0.1649,0.2315,0.1433,0,normal
2024-07-23 02:20:00,AWS_Chennai_001,26.0,1002.42,89.45,0,0.0687,NORMAL,None,[],0.0681,0.1433,0.1337,0,normal
2024-07-23 02:30:00,AWS_Chennai_001,25.29,1002.44,88.37,0,0.0787,NORMAL,None,[],0.083,0.1773,0.1363,0,normal
2024-07-23 02:40:00,AWS_Chennai_001,25.14,1002.37,88.37,0,0.1126,NORMAL,None,[],0.1802,0.1685,0.1662,0,normal
2024-07-23 02:50:00,AWS_Chennai_001,25.1,1002.56,87.26,0,0.1255,NORMAL,None,[],0.1908,0.2282,0.1703,0,normal
2024-07-23 03:00:00,AWS_Chennai_001,25.24,1002.4,83.48,0,0.1514,NORMAL,None,[],0.2376,0.2877,0.1848,0,normal
2024-07-23 03:10:00,AWS_Chennai_001,25.35,1002.26,85.73,0,0.1114,NORMAL,None,[],0.1769,0.1478,0.1807,0,normal
2024-07-23 03:20:00,AWS_Chennai_001,25.12,1002.23,83.83,0,0.1239,NORMAL,None,[],0.1917,0.2167,0.1693,0,normal
2024-07-23 03:30:00,AWS_Chennai_001,25.31,1002.35,84.79,0,0.1069,NORMAL,None,[],0.1468,0.1706,0.1862,0,normal
2024-07-23 03:40:00,AWS_Chennai_001,25.49,1002.17,85.47,0,0.0768,NORMAL,None,[],0.088,0.1259,0.1574,0,normal
2024-07-23 03:50:00,AWS_Chennai_001,25.21,1002.39,85.11,0,0.0969,NORMAL,None,[],0.1306,0.1654,0.1645,0,normal
2024-07-23 04:00:00,AWS_Chennai_001,25.41,1002.46,83.5,0,0.0971,NORMAL,None,[],0.1182,0.2004,0.158,0,normal
2024-07-23 04:10:00,AWS_Chennai_001,25.06,1002.44,85.71,0,0.0976,NORMAL,None,[],0.1343,0.1669,0.1615,0,normal
2024-07-23 04:20:00,AWS_Chennai_001,25.07,1002.56,85.68,0,0.1029,NORMAL,None,[],0.1213,0.2257,0.1632,0,normal
2024-07-23 04:30:00,AWS_Chennai_001,24.95,1002.67,87.15,0,0.0978,NORMAL,None,[],0.0962,0.2552,0.153,0,normal
2024-07-23 04:40:00,AWS_Chennai_001,24.66,1002.77,88.78,0,0.1215,NORMAL,None,[],0.122,0.3556,0.1578,0,normal
2024-07-23 04:50:00,AWS_Chennai_001,24.27,1002.82,88.87,0,0.1276,NORMAL,None,[],0.1227,0.3914,0.1605,0,normal
2024-07-23 05:00:00,AWS_Chennai_001,24.89,1003.08,90.74,0,0.153,NORMAL,None,[],0.2205,0.3652,0.1606,0,normal
2024-07-23 05:10:00,AWS_Chennai_001,24.74,1002.64,89.55,0,0.1115,NORMAL,None,[],0.1575,0.2143,0.1604,0,normal
2024-07-23 05:20:00,AWS_Chennai_001,25.43,1002.69,88.0,0,0.0965,NORMAL,None,[],0.1302,0.1804,0.1521,0,normal
2024-07-23 05:30:00,AWS_Chennai_001,25.64,1002.7,87.37,0,0.0953,NORMAL,None,[],0.1189,0.1961,0.151,0,normal
2024-07-23 05:40:00,AWS_Chennai_001,25.87,1002.38,84.28,0,0.1062,NORMAL,None,[],0.1205,0.2613,0.1541,0,normal
2024-07-23 05:50:00,AWS_Chennai_001,25.96,1002.4,83.11,0,0.1103,NORMAL,None,[],0.1111,0.2709,0.1815,0,normal
2024-07-23 06:00:00,AWS_Chennai_001,26.03,1002.47,81.76,0,0.1193,NORMAL,None,[],0.1262,0.2741,0.2017,0,normal
2024-07-23 06:10:00,AWS_Chennai_001,26.55,1002.55,81.59,0,0.1151,NORMAL,None,[],0.1185,0.2856,0.1836,0,normal
2024-07-23 06:20:00,AWS_Chennai_001,26.69,1002.25,82.72,0,0.1187,NORMAL,None,[],0.1063,0.3302,0.1862,0,normal
2024-07-23 06:30:00,AWS_Chennai_001,26.72,1002.08,80.61,0,0.124,NORMAL,None,[],0.0957,0.3881,0.1856,0,normal
2024-07-23 06:40:00,AWS_Chennai_001,27.3,1002.08,80.58,0,0.1329,NORMAL,None,[],0.1225,0.3921,0.1868,0,normal
2024-07-23 06:50:00,AWS_Chennai_001,27.6,1001.91,82.22,0,0.1296,NORMAL,None,[],0.121,0.3623,0.1947,0,normal
2024-07-23 07:00:00,AWS_Chennai_001,27.8,1001.79,81.13,0,0.1288,NORMAL,None,[],0.1105,0.3682,0.2021,0,normal
2024-07-23 07:10:00,AWS_Chennai_001,28.27,1001.86,79.91,0,0.1305,NORMAL,None,[],0.1269,0.3538,0.197,0,normal
2024-07-23 07:20:00,AWS_Chennai_001,28.7,1001.79,77.64,0,0.1435,NORMAL,None,[],0.165,0.3753,0.1883,0,normal
2024-07-23 07:30:00,AWS_Chennai_001,29.45,1001.78,76.98,0,0.1495,NORMAL,None,[],0.1985,0.3669,0.1747,0,normal
2024-07-23 07:40:00,AWS_Chennai_001,29.11,1001.62,77.2,0,0.1305,NORMAL,None,[],0.1488,0.3296,0.1822,0,normal
2024-07-23 07:50:00,AWS_Chennai_001,29.26,1001.65,77.28,0,0.1144,NORMAL,None,[],0.1073,0.2969,0.1883,0,normal
2024-07-23 08:00:00,AWS_Chennai_001,29.13,1001.57,77.61,0,0.0911,NORMAL,None,[],0.0485,0.277,0.1748,0,normal
2024-07-23 08:10:00,AWS_Chennai_001,29.71,1001.53,76.8,0,0.1076,NORMAL,None,[],0.0758,0.3013,0.1983,0,normal
2024-07-23 08:20:00,AWS_Chennai_001,29.94,1001.3,76.95,0,0.1085,NORMAL,None,[],0.0876,0.319,0.1719,0,normal
2024-07-23 08:30:00,AWS_Chennai_001,30.19,1001.41,79.85,0,0.0908,NORMAL,None,[],0.1021,0.209,0.1441,0,normal
2024-07-23 08:40:00,AWS_Chennai_001,30.54,1001.4,80.08,0,0.0858,NORMAL,None,[],0.0779,0.2165,0.15,0,normal
2024-07-23 08:50:00,AWS_Chennai_001,30.78,1001.28,80.92,0,0.0986,NORMAL,None,[],0.0975,0.2631,0.1497,0,normal
2024-07-23 09:00:00,AWS_Chennai_001,31.0,1001.21,81.8,0,0.1032,NORMAL,None,[],0.0918,0.2987,0.1543,0,normal
2024-07-23 09:10:00,AWS_Chennai_001,31.01,1001.3,80.04,0,0.0892,NORMAL,None,[],0.0901,0.2087,0.1546,0,normal
2024-07-23 09:20:00,AWS_Chennai_001,30.95,1001.17,78.51,0,0.0823,NORMAL,None,[],0.0574,0.228,0.1542,0,normal
2024-07-23 09:30:00,AWS_Chennai_001,31.29,1001.32,77.7,0,0.0861,NORMAL,None,[],0.0709,0.2208,0.1588,0,normal
2024-07-23 09:40:00,AWS_Chennai_001,31.7,1000.85,75.25,0,0.1335,NORMAL,None,[],0.1336,0.4103,0.1592,0,normal
2024-07-23 09:50:00,AWS_Chennai_001,31.82,1000.84,78.09,0,0.0981,NORMAL,None,[],0.0864,0.2741,0.1553,0,normal
2024-07-23 10:00:00,AWS_Chennai_001,32.17,1001.05,78.88,0,0.0786,NORMAL,None,[],0.0477,0.2255,0.1525,0,normal
2024-07-23 10:10:00,AWS_Chennai_001,32.74,1001.12,78.02,0,0.0875,NORMAL,None,[],0.0818,0.2126,0.1551,0,normal
2024-07-23 10:20:00,AWS_Chennai_001,32.95,1001.13,77.6,0,0.0791,NORMAL,None,[],0.0526,0.2163,0.1545,0,normal
2024-07-23 10:30:00,AWS_Chennai_001,33.14,1001.34,80.1,0,0.0872,NORMAL,None,[],0.079,0.2153,0.156,0,normal
2024-07-23 10:40:00,AWS_Chennai_001,33.75,1001.71,80.24,0,0.1289,NORMAL,None,[],0.1506,0.3371,0.1659,0,normal
2024-07-23 10:50:00,AWS_Chennai_001,33.96,1001.82,78.99,0,0.1094,NORMAL,None,[],0.0999,0.2906,0.1789,0,normal
2024-07-23 11:00:00,AWS_Chennai_001,33.69,1001.73,76.42,0,0.1023,NORMAL,None,[],0.0721,0.3182,0.1647,0,normal
2024-07-23 11:10:00,AWS_Chennai_001,33.92,1001.71,77.47,0,0.0917,NORMAL,None,[],0.0611,0.2638,0.1688,0,normal
2024-07-23 11:20:00,AWS_Chennai_001,34.44,1001.62,78.04,0,0.0809,NORMAL,None,[],0.0497,0.2254,0.1607,0,normal
2024-07-23 11:30:00,AWS_Chennai_001,34.53,1001.63,76.79,0,0.0839,NORMAL,None,[],0.0384,0.2612,0.1661,0,normal
2024-07-23 11:40:00,AWS_Chennai_001,34.83,1001.64,77.38,0,0.0789,NORMAL,None,[],0.0389,0.2285,0.1647,0,normal
2024-07-23 11:50:00,AWS_Chennai_001,34.98,1001.65,79.85,0,0.089,NORMAL,None,[],0.0557,0.239,0.182,0,normal
2024-07-23 12:00:00,AWS_Chennai_001,35.32,1001.48,80.85,0,0.1018,NORMAL,None,[],0.1092,0.2569,0.1523,0,normal
2024-07-23 12:10:00,AWS_Chennai_001,35.02,1001.67,81.59,0,0.1174,NORMAL,None,[],0.1403,0.2904,0.1586,0,normal
2024-07-23 12:20:00,AWS_Chennai_001,34.99,1001.76,83.32,0,0.1213,NORMAL,None,[],0.1385,0.3226,0.1567,0,normal
2024-07-23 12:30:00,AWS_Chennai_001,35.11,1001.91,85.49,0,0.1466,NORMAL,None,[],0.175,0.3597,0.2004,0,normal
2024-07-23 12:40:00,AWS_Chennai_001,34.91,1001.84,86.41,0,0.1316,NORMAL,None,[],0.1671,0.3063,0.1779,0,normal
2024-07-23 12:50:00,AWS_Chennai_001,34.71,1001.93,86.85,0,0.1237,NORMAL,None,[],0.1577,0.2834,0.1693,0,normal
2024-07-23 13:00:00,AWS_Chennai_001,35.0,1002.11,84.07,0,0.1119,NORMAL,None,[],0.1205,0.2696,0.1766,0,normal
2024-07-23 13:10:00,AWS_Chennai_001,35.12,1002.0,81.75,0,0.0922,NORMAL,None,[],0.0991,0.1843,0.1742,0,normal
2024-07-23 13:20:00,AWS_Chennai_001,35.42,1002.17,84.22,0,0.1356,NORMAL,None,[],0.1689,0.3076,0.1941,0,normal
2024-07-23 13:30:00,AWS_Chennai_001,35.06,1002.18,83.94,0,0.1033,NORMAL,None,[],0.111,0.2411,0.1694,0,normal
2024-07-23 13:40:00,AWS_Chennai_001,34.59,1001.92,82.49,0,0.074,NORMAL,None,[],0.0914,0.0845,0.1697,0,normal
2024-07-23 13:50:00,AWS_Chennai_001,35.02,1001.92,82.11,0,0.0959,NORMAL,None,[],0.1632,0.0792,0.1751,0,normal
2024-07-23 14:00:00,AWS_Chennai_001,34.87,1001.93,81.07,0,0.0843,NORMAL,None,[],0.142,0.0551,0.1673,0,normal
2024-07-23 14:10:00,AWS_Chennai_001,34.69,1001.79,80.03,0,0.0934,NORMAL,None,[],0.1389,0.1358,0.1569,0,normal
2024-07-23 14:20:00,AWS_Chennai_001,35.37,1001.93,81.39,0,0.122,NORMAL,None,[],0.2161,0.1662,0.1612,0,normal
2024-07-23 14:30:00,AWS_Chennai_001,35.27,1001.92,81.72,0,0.1035,NORMAL,None,[],0.1822,0.1221,0.1528,0,normal
2024-07-23 14:40:00,AWS_Chennai_001,34.91,1002.31,80.6,0,0.1376,NORMAL,None,[],0.2414,0.2526,0.1365,0,normal
2024-07-23 14:50:00,AWS_Chennai_001,35.18,1002.23,81.55,0,0.1054,NORMAL,None,[],0.1582,0.1946,0.1438,0,normal
2024-07-23 15:00:00,AWS_Chennai_001,35.17,1002.18,82.99,0,0.0914,NORMAL,None,[],0.1481,0.1361,0.1329,0,normal
2024-07-23 15:10:00,AWS_Chennai_001,34.86,1001.92,84.04,0,0.101,NORMAL,None,[],0.1788,0.1256,0.1427,0,normal
2024-07-23 15:20:00,AWS_Chennai_001,34.72,1001.91,84.19,0,0.101,NORMAL,None,[],0.1495,0.1772,0.1481,0,normal
2024-07-23 15:30:00,AWS_Chennai_001,34.51,1001.85,83.32,0,0.096,NORMAL,None,[],0.1211,0.2183,0.1345,0,normal
2024-07-23 15:40:00,AWS_Chennai_001,34.42,1001.58,83.7,0,0.1244,NORMAL,None,[],0.1539,0.3413,0.1352,0,normal
2024-07-23 15:50:00,AWS_Chennai_001,34.54,1001.55,85.0,0,0.1177,NORMAL,None,[],0.1246,0.3633,0.129,0,normal
2024-07-23 16:00:00,AWS_Chennai_001,34.57,1001.45,87.71,0,0.1409,NORMAL,None,[],0.1759,0.4227,0.1235,0,normal
2024-07-23 16:10:00,AWS_Chennai_001,34.22,1001.5,84.99,0,0.1049,NORMAL,None,[],0.1009,0.3276,0.1274,0,normal
2024-07-23 16:20:00,AWS_Chennai_001,33.94,1001.57,85.43,0,0.1028,NORMAL,None,[],0.0865,0.3357,0.1327,0,normal
2024-07-23 16:30:00,AWS_Chennai_001,33.85,1002.1,87.63,0,0.1302,NORMAL,None,[],0.1573,0.3598,0.1453,0,normal
2024-07-23 16:40:00,AWS_Chennai_001,33.93,1002.16,86.35,0,0.1126,NORMAL,None,[],0.1468,0.2866,0.1281,0,normal
2024-07-23 16:50:00,AWS_Chennai_001,33.79,1002.3,86.55,0,0.1073,NORMAL,None,[],0.1166,0.3112,0.128,0,normal
2024-07-23 17:00:00,AWS_Chennai_001,33.69,1002.35,89.12,0,0.1329,NORMAL,None,[],0.164,0.3608,0.148,0,normal
2024-07-23 17:10:00,AWS_Chennai_001,33.2,1002.34,90.44,0,0.1426,NORMAL,None,[],0.1758,0.3915,0.1557,0,normal
2024-07-23 17:20:00,AWS_Chennai_001,32.6,1002.12,89.49,0,0.1176,NORMAL,None,[],0.1253,0.3228,0.158,0,normal
2024-07-23 17:30:00,AWS_Chennai_001,32.11,1002.2,90.82,0,0.1314,NORMAL,None,[],0.1533,0.3543,0.1612,0,normal
2024-07-23 17:40:00,AWS_Chennai_001,31.83,1002.1,92.14,0,0.1156,NORMAL,None,[],0.11,0.3328,0.1635,0,normal
2024-07-23 17:50:00,AWS_Chennai_001,32.22,1002.33,92.91,0,0.1353,NORMAL,None,[],0.1724,0.3374,0.1646,0,normal
2024-07-23 18:00:00,AWS_Chennai_001,32.29,1002.38,93.78,0,0.1239,NORMAL,None,[],0.138,0.3244,0.1692,0,normal
2024-07-23 18:10:00,AWS_Chennai_001,32.18,1002.54,95.99,0,0.1448,NORMAL,None,[],0.186,0.3571,0.177,0,normal
2024-07-23 18:20:00,AWS_Chennai_001,32.27,1002.58,92.97,0,0.1275,NORMAL,None,[],0.1835,0.2659,0.1629,0,normal
2024-07-23 18:30:00,AWS_Chennai_001,31.8,1002.36,90.9,0,0.0942,NORMAL,None,[],0.1096,0.1915,0.1632,0,normal
2024-07-23 18:40:00,AWS_Chennai_001,31.46,1002.23,89.36,0,0.0834,NORMAL,None,[],0.0998,0.1384,0.1635,0,normal
2024-07-23 18:50:00,AWS_Chennai_001,31.4,1002.07,89.66,0,0.079,NORMAL,None,[],0.0925,0.125,0.1625,0,normal
2024-07-23 19:00:00,AWS_Chennai_001,31.69,1001.91,87.59,0,0.1016,NORMAL,None,[],0.1166,0.1982,0.1842,0,normal
2024-07-23 19:10:00,AWS_Chennai_001,31.77,1001.68,88.33,0,0.1063,NORMAL,None,[],0.1167,0.2484,0.17,0,normal
2024-07-23 19:20:00,AWS_Chennai_001,31.06,1001.7,86.25,0,0.1282,NORMAL,None,[],0.1354,0.3573,0.1698,0,normal
2024-07-23 19:30:00,AWS_Chennai_001,31.01,1001.45,88.01,0,0.1124,NORMAL,None,[],0.1064,0.3297,0.1553,0,normal
2024-07-23 19:40:00,AWS_Chennai_001,30.36,1001.51,88.0,0,0.106,NORMAL,None,[],0.0865,0.333,0.1505,0,normal
2024-07-23 19:50:00,AWS_Chennai_001,29.85,1001.56,87.31,0,0.0968,NORMAL,None,[],0.0477,0.3479,0.1516,0,normal
2024-07-23 20:00:00,AWS_Chennai_001,29.64,1001.59,84.71,0,0.1138,NORMAL,None,[],0.084,0.3794,0.1585,0,normal
2024-07-23 20:10:00,AWS_Chennai_001,29.94,1001.73,82.68,0,0.111,NORMAL,None,[],0.1037,0.3251,0.1557,0,normal
2024-07-23 20:20:00,AWS_Chennai_001,29.75,1001.72,85.07,0,0.0936,NORMAL,None,[],0.0804,0.2581,0.154,0,normal
2024-07-23 20:30:00,AWS_Chennai_001,29.4,1001.85,89.01,0,0.0949,NORMAL,None,[],0.1316,0.1495,0.165,0,normal
2024-07-23 20:40:00,AWS_Chennai_001,29.13,1001.77,89.03,0,0.086,NORMAL,None,[],0.1039,0.1587,0.1551,0,normal
2024-07-23 20:50:00,AWS_Chennai_001,28.68,1001.47,89.29,0,0.0869,NORMAL,None,[],0.0744,0.2272,0.1526,0,normal
2024-07-23 21:00:00,AWS_Chennai_001,28.82,1001.7,91.08,0,0.1006,NORMAL,None,[],0.1137,0.2006,0.182,0,normal
2024-07-23 21:10:00,AWS_Chennai_001,28.6,1001.55,93.01,0,0.1079,NORMAL,None,[],0.105,0.2921,0.1631,0,normal
2024-07-23 21:20:00,AWS_Chennai_001,28.66,1001.44,93.57,0,0.1046,NORMAL,None,[],0.0817,0.3157,0.1638,0,normal
2024-07-23 21:30:00,AWS_Chennai_001,28.31,1001.33,92.3,0,0.0942,NORMAL,None,[],0.0487,0.3153,0.1615,0,normal
2024-07-23 21:40:00,AWS_Chennai_001,28.26,1001.44,91.75,0,0.0852,NORMAL,None,[],0.0548,0.25,0.1564,0,normal
2024-07-23 21:50:00,AWS_Chennai_001,28.09,1001.36,90.58,0,0.0779,NORMAL,None,[],0.0324,0.2468,0.1558,0,normal
2024-07-23 22:00:00,AWS_Chennai_001,27.74,1001.07,89.38,0,0.0968,NORMAL,None,[],0.0638,0.3083,0.1571,0,normal
2024-07-23 22:10:00,AWS_Chennai_001,27.97,1001.05,92.16,0,0.1067,NORMAL,None,[],0.0921,0.3202,0.155,0,normal
2024-07-23 22:20:00,AWS_Chennai_001,27.85,1001.06,92.11,0,0.0883,NORMAL,None,[],0.0474,0.2868,0.1551,0,normal
2024-07-23 22:30:00,AWS_Chennai_001,27.41,1001.17,88.55,0,0.0908,NORMAL,None,[],0.0862,0.2277,0.154,0,normal
2024-07-23 22:40:00,AWS_Chennai_001,27.84,1001.2,87.15,0,0.0849,NORMAL,None,[],0.0774,0.2011,0.1576,0,normal
2024-07-23 22:50:00,AWS_Chennai_001,27.77,1001.24,87.6,0,0.0732,NORMAL,None,[],0.053,0.1724,0.1572,0,normal
2024-07-23 23:00:00,AWS_Chennai_001,27.51,1001.38,88.14,0,0.0613,NORMAL,None,[],0.0292,0.1391,0.1583,0,normal
2024-07-23 23:10:00,AWS_Chennai_001,27.29,1001.65,86.92,0,0.0889,NORMAL,None,[],0.0632,0.2648,0.1511,0,normal
2024-07-23 23:20:00,AWS_Chennai_001,27.05,1002.24,89.36,0,0.1398,NORMAL,None,[],0.138,0.3367,0.2397,0,normal
2024-07-23 23:30:00,AWS_Chennai_001,26.79,1002.12,89.28,0,0.106,NORMAL,None,[],0.0963,0.3111,0.1524,0,normal
2024-07-23 23:40:00,AWS_Chennai_001,26.69,1002.27,88.37,0,0.1061,NORMAL,None,[],0.0843,0.344,0.1462,0,normal
2024-07-23 23:50:00,AWS_Chennai_001,26.38,1002.15,86.8,0,0.0986,NORMAL,None,[],0.0537,0.3583,0.1437,0,normal
2024-07-24 00:00:00,AWS_Chennai_001,26.43,1001.98,86.95,0,0.0832,NORMAL,None,[],0.0381,0.2864,0.1439,0,normal
2024-07-24 00:10:00,AWS_Chennai_001,25.88,1002.21,83.79,0,0.1233,NORMAL,None,[],0.0944,0.4119,0.1661,0,normal
2024-07-24 00:20:00,AWS_Chennai_001,25.79,1002.2,82.73,0,0.1125,NORMAL,None,[],0.0623,0.3896,0.1768,0,normal
2024-07-24 00:30:00,AWS_Chennai_001,26.16,1002.06,83.36,0,0.088,NORMAL,None,[],0.0422,0.2803,0.1665,0,normal
2024-07-24 00:40:00,AWS_Chennai_001,25.94,1002.36,83.15,0,0.0978,NORMAL,None,[],0.0614,0.3127,0.1626,0,normal
2024-07-24 00:50:00,AWS_Chennai_001,26.0,1002.48,85.57,0,0.0774,NORMAL,None,[],0.0405,0.2325,0.152,0,normal
2024-07-24 01:00:00,AWS_Chennai_001,25.74,1002.52,86.38,0,0.0716,NORMAL,None,[],0.0325,0.2135,0.1489,0,normal
2024-07-24 01:10:00,AWS_Chennai_001,25.48,1002.79,86.21,0,0.0896,NORMAL,None,[],0.0783,0.2458,0.1462,0,normal
2024-07-24 01:20:00,AWS_Chennai_001,25.69,1002.77,84.61,0,0.083,NORMAL,None,[],0.0525,0.2494,0.149,0,normal
2024-07-24 01:30:00,AWS_Chennai_001,25.63,1002.72,85.2,0,0.0721,NORMAL,None,[],0.0428,0.2045,0.1432,0,normal
2024-07-24 01:40:00,AWS_Chennai_001,25.56,1002.87,84.64,0,0.0784,NORMAL,None,[],0.0452,0.2347,0.1483,0,normal
2024-07-24 01:50:00,AWS_Chennai_001,25.79,1002.81,85.18,0,0.0663,NORMAL,None,[],0.0417,0.1683,0.1427,0,normal
2024-07-24 02:00:00,AWS_Chennai_001,25.72,1002.77,86.31,0,0.0619,NORMAL,None,[],0.0376,0.1538,0.1377,0,normal
2024-07-24 02:10:00,AWS_Chennai_001,25.89,1003.01,84.52,0,0.0782,NORMAL,None,[],0.0653,0.1923,0.149,0,normal
2024-07-24 02:20:00,AWS_Chennai_001,26.7,1003.14,85.38,0,0.09,NORMAL,None,[],0.0831,0.2571,0.1323,0,normal
2024-07-24 02:30:00,AWS_Chennai_001,26.81,1003.23,87.98,0,0.1194,NORMAL,None,[],0.1169,0.3895,0.1293,0,normal
2024-07-24 02:40:00,AWS_Chennai_001,26.6,1002.99,86.2,0,0.0777,NORMAL,None,[],0.0585,0.2276,0.1302,0,normal
2024-07-24 02:50:00,AWS_Chennai_001,26.48,1003.08,85.74,0,0.0658,NORMAL,None,[],0.0386,0.1918,0.1271,0,normal
2024-07-24 03:00:00,AWS_Chennai_001,26.09,1002.87,87.71,0,0.0734,NORMAL,None,[],0.0771,0.1757,0.1196,0,normal
2024-07-24 03:10:00,AWS_Chennai_001,26.61,1002.97,87.08,0,0.0943,NORMAL,None,[],0.1157,0.2317,0.1243,0,normal
2024-07-24 03:20:00,AWS_Chennai_001,26.11,1002.88,88.24,0,0.073,NORMAL,None,[],0.0828,0.1594,0.1213,0,normal
2024-07-24 03:30:00,AWS_Chennai_001,26.35,1002.69,88.01,0,0.071,NORMAL,None,[],0.0539,0.201,0.1234,0,normal
2024-07-24 03:40:00,AWS_Chennai_001,26.02,1003.05,89.25,0,0.1041,NORMAL,None,[],0.15,0.2285,0.1242,0,normal
2024-07-24 03:50:00,AWS_Chennai_001,26.04,1002.96,87.81,0,0.0644,NORMAL,None,[],0.0816,0.102,0.1229,0,normal
2024-07-24 04:00:00,AWS_Chennai_001,25.99,1002.86,88.09,0,0.0568,NORMAL,None,[],0.0456,0.1203,0.1254,0,normal
2024-07-24 04:10:00,AWS_Chennai_001,26.22,1002.79,85.74,0,0.0715,NORMAL,None,[],0.0903,0.1187,0.133,0,normal
2024-07-24 04:20:00,AWS_Chennai_001,26.07,1002.86,83.49,0,0.087,NORMAL,None,[],0.1082,0.1841,0.1346,0,normal
2024-07-24 04:30:00,AWS_Chennai_001,25.45,1003.01,84.26,0,0.1085,NORMAL,None,[],0.138,0.2672,0.1354,0,normal
2024-07-24 04:40:00,AWS_Chennai_001,25.76,1002.86,82.57,0,0.1147,NORMAL,None,[],0.1518,0.2667,0.1457,0,normal
2024-07-24 04:50:00,AWS_Chennai_001,25.67,1003.03,81.07,0,0.1165,NORMAL,None,[],0.1417,0.3039,0.1419,0,normal
2024-07-24 05:00:00,AWS_Chennai_001,25.76,1003.23,80.93,0,0.1237,NORMAL,None,[],0.1434,0.3493,0.1412,0,normal
2024-07-24 05:10:00,AWS_Chennai_001,25.74,1003.16,82.03,0,0.0883,NORMAL,None,[],0.0703,0.2641,0.138,0,normal
2024-07-24 05:20:00,AWS_Chennai_001,26.59,1003.16,83.07,0,0.112,NORMAL,None,[],0.1529,0.2424,0.149,0,normal
2024-07-24 05:30:00,AWS_Chennai_001,26.63,1003.02,83.06,0,0.1041,NORMAL,None,[],0.151,0.1897,0.1515,0,normal
2024-07-24 05:40:00,AWS_Chennai_001,27.1,1003.02,81.81,0,0.1328,NORMAL,None,[],0.1871,0.2781,0.1746,0,normal
2024-07-24 05:50:00,AWS_Chennai_001,27.58,1003.23,84.34,0,0.1686,NORMAL,None,[],0.2529,0.3282,0.2175,0,normal
2024-07-24 06:00:00,AWS_Chennai_001,27.94,1003.02,86.72,0,0.1608,NORMAL,None,[],0.2651,0.2453,0.2224,0,normal
2024-07-24 06:10:00,AWS_Chennai_001,27.72,1003.0,86.09,0,0.1304,NORMAL,None,[],0.2075,0.1732,0.2107,0,normal
2024-07-24 06:20:00,AWS_Chennai_001,27.34,1002.93,88.22,0,0.123,NORMAL,None,[],0.2021,0.2103,0.1541,0,normal
2024-07-24 06:30:00,AWS_Chennai_001,27.54,1002.89,86.43,0,0.1108,NORMAL,None,[],0.1574,0.2072,0.1622,0,normal
2024-07-24 06:40:00,AWS_Chennai_001,27.64,1002.54,86.64,0,0.1232,NORMAL,None,[],0.1359,0.3453,0.1534,0,normal
2024-07-24 06:50:00,AWS_Chennai_001,27.92,1002.28,86.1,0,0.1307,NORMAL,None,[],0.1496,0.3598,0.1591,0,normal
2024-07-24 07:00:00,AWS_Chennai_001,28.45,1002.41,84.16,0,0.1138,NORMAL,None,[],0.1382,0.2679,0.1606,0,normal
2024-07-24 07:10:00,AWS_Chennai_001,29.16,1002.39,86.21,0,0.1183,NORMAL,None,[],0.1258,0.3387,0.1488,0,normal
2024-07-24 07:20:00,AWS_Chennai_001,29.11,1002.09,87.1,0,0.1239,NORMAL,None,[],0.1339,0.3693,0.1415,0,normal
2024-07-24 07:30:00,AWS_Chennai_001,29.34,1001.85,88.23,0,0.1304,NORMAL,None,[],0.1438,0.3943,0.1405,0,normal
2024-07-24 07:40:00,AWS_Chennai_001,29.58,1001.75,85.34,0,0.1038,NORMAL,None,[],0.11,0.284,0.1412,0,normal
2024-07-24 07:50:00,AWS_Chennai_001,29.91,1001.77,84.78,0,0.0951,NORMAL,None,[],0.0943,0.2585,0.1404,0,normal
2024-07-24 08:00:00,AWS_Chennai_001,29.88,1001.73,87.86,0,0.1061,NORMAL,None,[],0.107,0.3131,0.1354,0,normal
2024-07-24 08:10:00,AWS_Chennai_001,30.5,1001.59,88.11,0,0.1206,NORMAL,None,[],0.1423,0.34,0.1343,0,normal
2024-07-24 08:20:00,AWS_Chennai_001,30.61,1001.63,89.09,0,0.1114,NORMAL,None,[],0.1135,0.336,0.1347,0,normal
2024-07-24 08:30:00,AWS_Chennai_001,31.4,1001.62,85.66,0,0.1122,NORMAL,None,[],0.1461,0.2614,0.1459,0,normal
2024-07-24 08:40:00,AWS_Chennai_001,31.55,1001.41,85.32,0,0.108,NORMAL,None,[],0.1181,0.296,0.1408,0,normal
2024-07-24 08:50:00,AWS_Chennai_001,31.83,1001.54,87.49,0,0.1059,NORMAL,None,[],0.1352,0.2539,0.1362,0,normal
2024-07-24 09:00:00,AWS_Chennai_001,32.42,1001.44,85.86,0,0.1041,NORMAL,None,[],0.1208,0.2578,0.1461,0,normal
2024-07-24 09:10:00,AWS_Chennai_001,32.62,1001.52,87.41,0,0.1015,NORMAL,None,[],0.1299,0.231,0.1392,0,normal
2024-07-24 09:20:00,AWS_Chennai_001,32.66,1001.49,86.42,0,0.082,NORMAL,None,[],0.0859,0.1867,0.1409,0,normal
2024-07-24 09:30:00,AWS_Chennai_001,32.53,1001.58,86.53,0,0.0783,NORMAL,None,[],0.0935,0.1456,0.1421,0,normal
2024-07-24 09:40:00,AWS_Chennai_001,32.93,1001.59,86.43,0,0.0824,NORMAL,None,[],0.0996,0.1507,0.1495,0,normal
2024-07-24 09:50:00,AWS_Chennai_001,33.38,1001.3,84.8,0,0.1058,NORMAL,None,[],0.1034,0.3023,0.1471,0,normal
2024-07-24 10:00:00,AWS_Chennai_001,33.69,1001.39,83.85,0,0.1114,NORMAL,None,[],0.1045,0.3275,0.1544,0,normal
2024-07-24 10:10:00,AWS_Chennai_001,33.57,1001.63,82.19,0,0.1072,NORMAL,None,[],0.1127,0.282,0.1554,0,normal
2024-07-24 10:20:00,AWS_Chennai_001,33.92,1001.39,81.33,0,0.1347,NORMAL,None,[],0.168,0.3579,0.153,0,normal
2024-07-24 10:30:00,AWS_Chennai_001,34.23,1001.17,81.69,0,0.1302,NORMAL,None,[],0.1281,0.406,0.1541,0,normal
2024-07-24 10:40:00,AWS_Chennai_001,34.68,1001.31,80.16,0,0.1327,NORMAL,None,[],0.1545,0.3588,0.1627,0,normal
2024-07-24 10:50:00,AWS_Chennai_001,34.57,1001.46,80.56,0,0.0979,NORMAL,None,[],0.0997,0.2364,0.1626,0,normal
2024-07-24 11:00:00,AWS_Chennai_001,35.07,1001.31,78.39,0,0.1348,NORMAL,None,[],0.1644,0.3501,0.1646,0,normal
2024-07-24 11:10:00,AWS_Chennai_001,34.97,1001.24,77.81,0,0.1275,NORMAL,None,[],0.1381,0.348,0.1691,0,normal
2024-07-24 11:20:00,AWS_Chennai_001,35.07,1001.09,77.28,0,0.1335,NORMAL,None,[],0.1407,0.3869,0.1663,0,normal
2024-07-24 11:30:00,AWS_Chennai_001,35.23,1001.06,77.0,0,0.1219,NORMAL,None,[],0.1114,0.3621,0.1711,0,normal
2024-07-24 11:40:00,AWS_Chennai_001,35.44,1001.19,78.21,0,0.1078,NORMAL,None,[],0.113,0.2656,0.1702,0,normal
2024-07-24 11:50:00,AWS_Chennai_001,35.82,1001.32,77.66,0,0.1098,NORMAL,None,[],0.1386,0.2199,0.1763,0,normal
2024-07-24 12:00:00,AWS_Chennai_001,35.91,1001.5,79.3,0,0.1043,NORMAL,None,[],0.1259,0.215,0.1713,0,normal
2024-07-24 12:10:00,AWS_Chennai_001,36.57,1001.63,79.31,0,0.1257,NORMAL,None,[],0.153,0.2805,0.1885,0,normal
2024-07-24 12:20:00,AWS_Chennai_001,36.27,1001.42,82.14,0,0.1192,NORMAL,None,[],0.1868,0.1587,0.1965,0,normal
2024-07-24 12:30:00,AWS_Chennai_001,36.84,1001.74,82.54,0,0.1526,NORMAL,None,[],0.2219,0.321,0.1894,0,normal
2024-07-24 12:40:00,AWS_Chennai_001,37.16,1001.94,82.17,0,0.1459,NORMAL,None,[],0.1715,0.3655,0.1982,0,normal
2024-07-24 12:50:00,AWS_Chennai_001,36.91,1001.97,82.18,0,0.1375,NORMAL,None,[],0.1593,0.3234,0.2063,0,normal
2024-07-24 13:00:00,AWS_Chennai_001,36.33,1002.16,82.15,0,0.1328,NORMAL,None,[],0.1734,0.296,0.1821,0,normal
2024-07-24 13:10:00,AWS_Chennai_001,35.83,1002.29,82.16,0,0.125,NORMAL,None,[],0.178,0.2503,0.1701,0,normal
2024-07-24 13:20:00,AWS_Chennai_001,36.33,1002.25,77.9,0,0.1359,NORMAL,None,[],0.2172,0.2503,0.1659,0,normal
2024-07-24 13:30:00,AWS_Chennai_001,36.06,1002.37,78.17,0,0.118,NORMAL,None,[],0.1797,0.2045,0.1671,0,normal
2024-07-24 13:40:00,AWS_Chennai_001,35.85,1002.49,77.71,0,0.1066,NORMAL,None,[],0.146,0.1975,0.1659,0,normal
2024-07-24 13:50:00,AWS_Chennai_001,35.29,1002.47,80.79,0,0.1128,NORMAL,None,[],0.1622,0.2203,0.1554,0,normal
2024-07-24 14:00:00,AWS_Chennai_001,35.42,1002.47,79.57,0,0.1058,NORMAL,None,[],0.1672,0.1593,0.1587,0,normal
2024-07-24 14:10:00,AWS_Chennai_001,35.36,1002.58,80.48,0,0.1037,NORMAL,None,[],0.1446,0.196,0.1545,0,normal
2024-07-24 14:20:00,AWS_Chennai_001,35.29,1002.77,78.84,0,0.124,NORMAL,None,[],0.1878,0.2382,0.1597,0,normal
2024-07-24 14:30:00,AWS_Chennai_001,35.0,1002.85,76.59,0,0.1432,NORMAL,None,[],0.196,0.3516,0.1585,0,normal
2024-07-24 14:40:00,AWS_Chennai_001,34.57,1003.0,77.17,0,0.1465,NORMAL,None,[],0.2043,0.3615,0.1548,0,normal
2024-07-24 14:50:00,AWS_Chennai_001,34.45,1002.92,75.92,0,0.1401,NORMAL,None,[],0.1802,0.3622,0.1588,0,normal
2024-07-24 15:00:00,AWS_Chennai_001,34.05,1002.67,75.21,0,0.1133,NORMAL,None,[],0.1117,0.3278,0.153,0,normal
2024-07-24 15:10:00,AWS_Chennai_001,34.37,1002.69,74.4,0,0.1145,NORMAL,None,[],0.1295,0.2853,0.1643,0,normal
2024-07-24 15:20:00,AWS_Chennai_001,34.14,1002.73,74.74,0,0.0933,NORMAL,None,[],0.0699,0.268,0.1604,0,normal
2024-07-24 15:30:00,AWS_Chennai_001,34.1,1002.34,76.89,0,0.0921,NORMAL,None,[],0.1071,0.1795,0.1654,0,normal
2024-07-24 15:40:00,AWS_Chennai_001,34.11,1002.38,79.01,0,0.077,NORMAL,None,[],0.0798,0.1476,0.1547,0,normal
2024-07-24 15:50:00,AWS_Chennai_001,33.68,1002.26,81.28,0,0.1095,NORMAL,None,[],0.1245,0.2891,0.1438,0,normal
2024-07-24 16:00:00,AWS_Chennai_001,33.41,1002.15,80.28,0,0.0992,NORMAL,None,[],0.0826,0.3054,0.1431,0,normal
2024-07-24 16:10:00,AWS_Chennai_001,33.01,1002.17,82.35,0,0.1204,NORMAL,None,[],0.1175,0.3698,0.1483,0,normal
2024-07-24 16:20:00,AWS_Chennai_001,32.77,1002.21,82.93,0,0.1095,NORMAL,None,[],0.0928,0.3543,0.1425,0,normal
2024-07-24 16:30:00,AWS_Chennai_001,32.7,1002.32,84.53,0,0.1157,NORMAL,None,[],0.1182,0.3275,0.1556,0,normal
2024-07-24 16:40:00,AWS_Chennai_001,33.01,1002.44,87.28,0,0.1292,NORMAL,None,[],0.1735,0.2822,0.1739,0,normal
2024-07-24 16:50:00,AWS_Chennai_001,32.48,1002.38,86.18,0,0.1147,NORMAL,None,[],0.1297,0.2821,0.1675,0,normal
2024-07-24 17:00:00,AWS_Chennai_001,32.06,1002.39,86.33,0,0.096,NORMAL,None,[],0.0708,0.2783,0.165,0,normal
2024-07-24 17:10:00,AWS_Chennai_001,32.7,1002.17,83.32,0,0.1141,NORMAL,None,[],0.1578,0.2165,0.1717,0,normal
2024-07-24 17:20:00,AWS_Chennai_001,32.93,1002.25,82.94,0,0.0983,NORMAL,None,[],0.136,0.1531,0.1728,0,normal
2024-07-24 17:30:00,AWS_Chennai_001,32.58,1002.08,84.36,0,0.1058,NORMAL,None,[],0.1206,0.2299,0.1759,0,normal
2024-07-24 17:40:00,AWS_Chennai_001,33.11,1002.03,82.45,0,0.0898,NORMAL,None,[],0.1136,0.1456,0.1692,0,normal
2024-07-24 17:50:00,AWS_Chennai_001,32.69,1001.8,82.17,0,0.1002,NORMAL,None,[],0.1143,0.2263,0.1596,0,normal
2024-07-24 18:00:00,AWS_Chennai_001,31.93,1001.78,84.49,0,0.1077,NORMAL,None,[],0.0974,0.3105,0.1597,0,normal
2024-07-24 18:10:00,AWS_Chennai_001,31.45,1001.62,85.84,0,0.126,NORMAL,None,[],0.1285,0.3794,0.1526,0,normal
2024-07-24 18:20:00,AWS_Chennai_001,30.86,1001.4,85.54,0,0.1277,NORMAL,None,[],0.1244,0.4147,0.1412,0,normal
2024-07-24 18:30:00,AWS_Chennai_001,30.6,1001.43,87.04,0,0.1142,NORMAL,None,[],0.0876,0.4075,0.1339,0,normal
2024-07-24 18:40:00,AWS_Chennai_001,30.51,1001.62,89.29,0,0.1288,NORMAL,None,[],0.1306,0.3907,0.1553,0,normal
2024-07-24 18:50:00,AWS_Chennai_001,30.47,1001.79,85.46,0,0.0827,NORMAL,None,[],0.0768,0.205,0.1446,0,normal
2024-07-24 19:00:00,AWS_Chennai_001,30.14,1001.73,85.49,0,0.0676,NORMAL,None,[],0.0323,0.2098,0.132,0,normal
2024-07-24 19:10:00,AWS_Chennai_001,29.85,1001.69,87.19,0,0.0755,NORMAL,None,[],0.0308,0.2653,0.132,0,normal
2024-07-24 19:20:00,AWS_Chennai_001,29.85,1001.77,89.76,0,0.103,NORMAL,None,[],0.1059,0.2947,0.1354,0,normal
2024-07-24 19:30:00,AWS_Chennai_001,29.95,1001.6,89.01,0,0.105,NORMAL,None,[],0.1286,0.2647,0.1334,0,normal
2024-07-24 19:40:00,AWS_Chennai_001,29.46,1001.49,90.93,0,0.1156,NORMAL,None,[],0.1192,0.3351,0.1477,0,normal
2024-07-24 19:50:00,AWS_Chennai_001,29.06,1001.52,89.46,0,0.1039,NORMAL,None,[],0.1109,0.2752,0.147,0,normal
2024-07-24 20:00:00,AWS_Chennai_001,28.79,1001.47,92.4,0,0.1244,NORMAL,None,[],0.1457,0.3335,0.1533,0,normal
2024-07-24 20:10:00,AWS_Chennai_001,27.96,1001.53,94.41,0,0.1433,NORMAL,None,[],0.198,0.3439,0.1617,0,normal
2024-07-24 20:20:00,AWS_Chennai_001,27.54,1001.37,92.58,0,0.1353,NORMAL,None,[],0.1733,0.3413,0.1607,0,normal
2024-07-24 20:30:00,AWS_Chennai_001,27.8,1001.25,94.89,0,0.1431,NORMAL,None,[],0.1827,0.3748,0.1602,0,normal
2024-07-24 20:40:00,AWS_Chennai_001,28.01,1001.31,94.83,0,0.1142,NORMAL,None,[],0.116,0.3163,0.1598,0,normal
2024-07-24 20:50:00,AWS_Chennai_001,27.63,1001.38,94.1,0,0.0987,NORMAL,None,[],0.0919,0.269,0.1538,0,normal
2024-07-24 21:00:00,AWS_Chennai_001,27.81,1001.26,92.55,0,0.0924,NORMAL,None,[],0.0787,0.2528,0.1542,0,normal
2024-07-24 21:10:00,AWS_Chennai_001,27.83,1001.14,90.04,0,0.0864,NORMAL,None,[],0.0756,0.2213,0.1526,0,normal
2024-07-24 21:20:00,AWS_Chennai_001,27.63,1001.37,91.0,0,0.0791,NORMAL,None,[],0.0922,0.1384,0.1537,0,normal
2024-07-24 21:30:00,AWS_Chennai_001,27.71,1001.36,89.29,0,0.0767,NORMAL,None,[],0.0739,0.1531,0.1578,0,normal
2024-07-24 21:40:00,AWS_Chennai_001,28.23,1001.54,88.61,0,0.0749,NORMAL,None,[],0.0878,0.1067,0.163,0,normal
2024-07-24 21:50:00,AWS_Chennai_001,28.56,1001.56,89.29,0,0.0733,NORMAL,None,[],0.0972,0.0864,0.156,0,normal
2024-07-24 22:00:00,AWS_Chennai_001,28.4,1001.51,89.76,0,0.0607,NORMAL,None,[],0.068,0.0742,0.1456,0,normal
2024-07-24 22:10:00,AWS_Chennai_001,28.01,1001.23,90.0,0,0.0897,NORMAL,None,[],0.1174,0.1683,0.1461,0,normal
2024-07-24 22:20:00,AWS_Chennai_001,27.7,1001.34,89.51,0,0.0811,NORMAL,None,[],0.0957,0.151,0.1487,0,normal
2024-07-24 22:30:00,AWS_Chennai_001,27.53,1001.75,90.98,0,0.1076,NORMAL,None,[],0.1351,0.258,0.1421,0,normal
2024-07-24 22:40:00,AWS_Chennai_001,27.87,1001.71,91.13,0,0.088,NORMAL,None,[],0.1192,0.1614,0.1403,0,normal
2024-07-24 22:50:00,AWS_Chennai_001,27.49,1001.82,90.26,0,0.0949,NORMAL,None,[],0.0877,0.278,0.1343,0,normal
2024-07-24 23:00:00,AWS_Chennai_001,27.77,1002.24,89.65,0,0.1144,NORMAL,None,[],0.1476,0.2906,0.1327,0,normal
2024-07-24 23:10:00,AWS_Chennai_001,27.66,1002.25,91.34,0,0.1033,NORMAL,None,[],0.146,0.2219,0.1309,0,normal
2024-07-24 23:20:00,AWS_Chennai_001,27.57,1002.57,91.68,0,0.1162,NORMAL,None,[],0.16,0.2734,0.1358,0,normal
2024-07-24 23:30:00,AWS_Chennai_001,27.04,1002.62,90.84,0,0.0991,NORMAL,None,[],0.0852,0.3145,0.1317,0,normal
2024-07-24 23:40:00,AWS_Chennai_001,26.62,1002.65,91.79,0,0.1134,NORMAL,None,[],0.0986,0.3799,0.1341,0,normal
2024-07-24 23:50:00,AWS_Chennai_001,26.62,1002.45,90.97,0,0.1046,NORMAL,None,[],0.1195,0.2776,0.1357,0,normal
2024-07-25 00:00:00,AWS_Chennai_001,26.66,1002.42,93.52,0,0.1293,NORMAL,None,[],0.1395,0.3909,0.144,0,normal
2024-07-25 00:10:00,AWS_Chennai_001,26.69,1002.19,93.52,0,0.1597,NORMAL,None,[],0.2135,0.2971,0.2555,0,normal
2024-07-25 00:20:00,AWS_Chennai_001,26.4,1002.26,94.75,0,0.1738,NORMAL,None,[],0.2447,0.3356,0.2505,0,normal
2024-07-25 00:30:00,AWS_Chennai_001,25.76,1002.14,94.05,0,0.155,NORMAL,None,[],0.2299,0.2952,0.2087,0,normal
2024-07-25 00:40:00,AWS_Chennai_001,25.87,1002.42,95.85,0,0.1787,NORMAL,None,[],0.2586,0.3444,0.2474,0,normal
2024-07-25 00:50:00,AWS_Chennai_001,25.43,1002.53,96.21,0,0.1613,NORMAL,None,[],0.2195,0.3575,0.209,0,normal
2024-07-25 01:00:00,AWS_Chennai_001,25.36,1002.67,94.98,0,0.1466,NORMAL,None,[],0.2013,0.3057,0.202,0,normal
2024-07-25 01:10:00,AWS_Chennai_001,25.25,1002.91,95.83,0,0.1431,NORMAL,None,[],0.1877,0.3461,0.1743,0,normal
2024-07-25 01:20:00,AWS_Chennai_001,24.47,1002.95,94.14,0,0.1397,NORMAL,None,[],0.2079,0.3184,0.148,0,normal
2024-07-25 01:30:00,AWS_Chennai_001,25.0,1003.12,93.68,0,0.1286,NORMAL,None,[],0.1982,0.262,0.149,0,normal
2024-07-25 01:40:00,AWS_Chennai_001,25.29,1003.05,95.02,0,0.1153,NORMAL,None,[],0.16,0.2513,0.1479,0,normal
2024-07-25 01:50:00,AWS_Chennai_001,25.38,1003.19,92.7,0,0.1122,NORMAL,None,[],0.1673,0.2171,0.1473,0,normal
2024-07-25 02:00:00,AWS_Chennai_001,25.46,1003.07,92.02,0,0.0938,NORMAL,None,[],0.1145,0.2033,0.1448,0,normal
2024-07-25 02:10:00,AWS_Chennai_001,25.34,1003.04,91.37,0,0.1016,NORMAL,None,[],0.1333,0.2192,0.1436,0,normal
2024-07-25 02:20:00,AWS_Chennai_001,25.35,1003.09,90.28,0,0.0994,NORMAL,None,[],0.1121,0.2494,0.1417,0,normal
2024-07-25 02:30:00,AWS_Chennai_001,25.22,1003.12,92.45,0,0.0928,NORMAL,None,[],0.1243,0.1742,0.147,0,normal
2024-07-25 02:40:00,AWS_Chennai_001,25.07,1003.3,90.81,0,0.1096,NORMAL,None,[],0.1359,0.2696,0.1418,0,normal
2024-07-25 02:50:00,AWS_Chennai_001,24.82,1003.35,91.74,0,0.0973,NORMAL,None,[],0.0983,0.2544,0.1482,0,normal
2024-07-25 03:00:00,AWS_Chennai_001,24.55,1003.16,94.68,0,0.0987,NORMAL,None,[],0.1284,0.2112,0.1424,0,normal
2024-07-25 03:10:00,AWS_Chennai_001,24.62,1003.02,95.43,0,0.0857,NORMAL,None,[],0.1051,0.1921,0.1268,0,normal
2024-07-25 03:20:00,AWS_Chennai_001,25.05,1003.19,93.31,0,0.0761,NORMAL,None,[],0.1261,0.0894,0.1243,0,normal
2024-07-25 03:30:00,AWS_Chennai_001,24.84,1003.05,93.72,0,0.0679,NORMAL,None,[],0.1063,0.0768,0.1224,0,normal
2024-07-25 03:40:00,AWS_Chennai_001,24.84,1002.86,92.67,0,0.0923,NORMAL,None,[],0.1538,0.1499,0.1184,0,normal
2024-07-25 03:50:00,AWS_Chennai_001,24.66,1002.65,94.6,0,0.1247,NORMAL,None,[],0.1875,0.3018,0.1161,0,normal
2024-07-25 04:00:00,AWS_Chennai_001,24.62,1002.55,96.6,0,0.1525,NORMAL,None,[],0.231,0.3979,0.1174,0,normal
2024-07-25 04:10:00,AWS_Chennai_001,24.22,1002.61,98.63,0,0.1677,NORMAL,None,[],0.2412,0.4611,0.1307,0,normal
2024-07-25 04:20:00,AWS_Chennai_001,24.48,1002.9,97.62,0,0.1367,NORMAL,None,[],0.24,0.2563,0.1314,0,normal
2024-07-25 04:30:00,AWS_Chennai_001,24.41,1002.87,97.7,0,0.1173,NORMAL,None,[],0.1801,0.2504,0.1287,0,normal
2024-07-25 04:40:00,AWS_Chennai_001,24.2,1002.94,96.67,0,0.1004,NORMAL,None,[],0.1414,0.2126,0.1304,0,normal
2024-07-25 04:50:00,AWS_Chennai_001,24.07,1002.68,98.73,0,0.1308,NORMAL,None,[],0.1747,0.3327,0.1424,0,normal
2024-07-25 05:00:00,AWS_Chennai_001,24.44,1002.56,96.04,0,0.0977,NORMAL,None,[],0.1371,0.2039,0.1299,0,normal
2024-07-25 05:10:00,AWS_Chennai_001,25.1,1002.43,95.14,0,0.0896,NORMAL,None,[],0.1031,0.2186,0.1296,0,normal
2024-07-25 05:20:00,AWS_Chennai_001,25.31,1002.53,96.2,0,0.1041,NORMAL,None,[],0.1285,0.2486,0.1414,0,normal
2024-07-25 05:30:00,AWS_Chennai_001,25.44,1002.61,96.27,0,0.0952,NORMAL,None,[],0.1036,0.2327,0.146,0,normal
2024-07-25 05:40:00,AWS_Chennai_001,25.27,1002.43,95.72,0,0.0921,NORMAL,None,[],0.11,0.2044,0.1421,0,normal
2024-07-25 05:50:00,AWS_Chennai_001,25.31,1002.38,95.32,0,0.1027,NORMAL,None,[],0.1306,0.2267,0.1475,0,normal
2024-07-25 06:00:00,AWS_Chennai_001,26.5,1002.25,96.14,0,0.144,NORMAL,None,[],0.1883,0.3441,0.1792,0,normal
2024-07-25 06:10:00,AWS_Chennai_001,26.51,1002.21,94.0,0,0.1283,NORMAL,None,[],0.14,0.3628,0.1592,0,normal
2024-07-25 06:20:00,AWS_Chennai_001,26.95,1002.07,92.85,0,0.1424,NORMAL,None,[],0.155,0.432,0.1554,0,normal
2024-07-25 06:30:00,AWS_Chennai_001,27.1,1001.87,95.76,0,0.1348,NORMAL,None,[],0.191,0.319,0.1484,0,normal
2024-07-25 06:40:00,AWS_Chennai_001,27.73,1001.99,97.66,0,0.1493,NORMAL,None,[],0.2222,0.3438,0.1555,0,normal
2024-07-25 06:50:00,AWS_Chennai_001,27.86,1002.14,96.67,0,0.1175,NORMAL,None,[],0.173,0.2274,0.1573,0,normal
2024-07-25 07:00:00,AWS_Chennai_001,27.73,1001.65,100.0,0,0.1832,NORMAL,None,[],0.2894,0.4154,0.1702,0,normal
2024-07-25 07:10:00,AWS_Chennai_001,27.89,1001.52,97.02,0,0.1441,NORMAL,None,[],0.2329,0.2806,0.1608,0,normal
2024-07-25 07:20:00,AWS_Chennai_001,28.59,1001.44,97.16,0,0.137,NORMAL,None,[],0.2085,0.2972,0.1496,0,normal
2024-07-25 07:30:00,AWS_Chennai_001,28.86,1001.45,97.39,0,0.1218,NORMAL,None,[],0.1642,0.2866,0.1479,0,normal
2024-07-25 07:40:00,AWS_Chennai_001,29.14,1001.44,96.38,0,0.1106,NORMAL,None,[],0.1565,0.2298,0.1462,0,normal
2024-07-25 07:50:00,AWS_Chennai_001,29.37,1001.45,95.86,0,0.1098,NORMAL,None,[],0.1524,0.2306,0.1475,0,normal
2024-07-25 08:00:00,AWS_Chennai_001,29.26,1001.43,96.55,0,0.111,NORMAL,None,[],0.1676,0.2073,0.1479,0,normal
2024-07-25 08:10:00,AWS_Chennai_001,29.32,1001.22,97.32,0,0.1194,NORMAL,None,[],0.1746,0.2523,0.1459,0,normal
2024-07-25 08:20:00,AWS_Chennai_001,29.48,1000.99,95.88,0,0.1204,NORMAL,None,[],0.1859,0.2433,0.1406,0,normal
2024-07-25 08:30:00,AWS_Chennai_001,29.65,1000.97,93.81,0,0.1295,NORMAL,None,[],0.1771,0.3201,0.1417,0,normal
2024-07-25 08:40:00,AWS_Chennai_001,30.13,1000.91,92.16,0,0.1452,NORMAL,None,[],0.1994,0.375,0.1457,0,normal
2024-07-25 08:50:00,AWS_Chennai_001,30.51,1000.7,93.47,0,0.1417,NORMAL,None,[],0.2042,0.3451,0.1436,0,normal
2024-07-25 09:00:00,AWS_Chennai_001,30.57,1000.76,94.05,0,0.1238,NORMAL,None,[],0.1725,0.2863,0.1457,0,normal
2024-07-25 09:10:00,AWS_Chennai_001,31.12,1000.72,94.07,0,0.1312,NORMAL,None,[],0.1905,0.2994,0.1455,0,normal
2024-07-25 09:20:00,AWS_Chennai_001,31.43,1000.74,94.4,0,0.1272,NORMAL,None,[],0.1865,0.2819,0.1447,0,normal
2024-07-25 09:30:00,AWS_Chennai_001,32.17,1000.62,92.08,0,0.1586,NORMAL,None,[],0.2401,0.3778,0.1493,0,normal
2024-07-25 09:40:00,AWS_Chennai_001,32.41,1000.76,93.83,0,0.152,NORMAL,None,[],0.2736,0.2687,0.1482,0,normal
2024-07-25 09:50:00,AWS_Chennai_001,33.06,1000.8,93.93,0,0.1467,NORMAL,None,[],0.2629,0.2561,0.1471,0,normal
2024-07-25 10:00:00,AWS_Chennai_001,33.38,1000.66,96.98,0,0.1643,NORMAL,None,[],0.2985,0.299,0.1496,0,normal
2024-07-25 10:10:00,AWS_Chennai_001,33.5,1000.92,98.07,0,0.158,NORMAL,None,[],0.2957,0.2615,0.1502,0,normal
2024-07-25 10:20:00,AWS_Chennai_001,33.67,1001.01,94.93,0,0.1197,NORMAL,None,[],0.2302,0.1336,0.1531,0,normal
2024-07-25 10:30:00,AWS_Chennai_001,34.5,1001.0,96.14,0,0.1424,NORMAL,None,[],0.2726,0.196,0.1561,0,normal
2024-07-25 10:40:00,AWS_Chennai_001,34.15,1001.04,95.5,0,0.1253,NORMAL,None,[],0.2316,0.1633,0.1565,0,normal
2024-07-25 10:50:00,AWS_Chennai_001,33.72,1000.95,91.09,0,0.1377,NORMAL,None,[],0.2295,0.2361,0.1671,0,normal
2024-07-25 11:00:00,AWS_Chennai_001,33.86,1001.08,89.08,0,0.1834,NORMAL,None,[],0.2525,0.3353,0.2869,0,normal
2024-07-25 11:10:00,AWS_Chennai_001,33.94,1001.16,89.86,0,0.1669,NORMAL,None,[],0.2374,0.3297,0.2312,0,normal
2024-07-25 11:20:00,AWS_Chennai_001,34.2,1001.42,89.35,0,0.1663,NORMAL,None,[],0.208,0.3876,0.229,0,normal
2024-07-25 11:30:00,AWS_Chennai_001,34.26,1001.66,90.06,0,0.1556,NORMAL,None,[],0.2226,0.3609,0.1735,0,normal
2024-07-25 11:40:00,AWS_Chennai_001,33.9,1001.61,87.0,0,0.1552,NORMAL,None,[],0.2256,0.3458,0.178,0,normal
2024-07-25 11:50:00,AWS_Chennai_001,34.2,1001.6,89.44,0,0.1256,NORMAL,None,[],0.1715,0.2654,0.1718,1,drift_pressure
2024-07-25 12:00:00,AWS_Chennai_001,34.41,1001.34,89.73,0,0.1089,NORMAL,None,[],0.1491,0.1974,0.1726,1,drift_pressure
2024-07-25 12:10:00,AWS_Chennai_001,34.17,1001.04,91.13,0,0.1044,NORMAL,None,[],0.1928,0.087,0.1678,1,drift_pressure
2024-07-25 12:20:00,AWS_Chennai_001,34.36,1000.59,91.59,0,0.1328,NORMAL,None,[],0.2226,0.186,0.1908,1,drift_pressure
2024-07-25 12:30:00,AWS_Chennai_001,34.19,1000.27,93.02,0,0.1642,NORMAL,None,[],0.2858,0.2155,0.2307,1,drift_pressure
2024-07-25 12:40:00,AWS_Chennai_001,34.28,999.9,92.49,0,0.1721,NORMAL,None,[],0.283,0.2411,0.2551,1,drift_pressure
2024-07-25 12:50:00,AWS_Chennai_001,34.29,999.41,91.86,0,0.1813,NORMAL,None,[],0.3024,0.2492,0.266,1,drift_pressure
2024-07-25 13:00:00,AWS_Chennai_001,34.2,998.72,91.79,0,0.2008,NORMAL,None,[],0.3592,0.2245,0.2969,1,drift_pressure
2024-07-25 13:10:00,AWS_Chennai_001,34.74,998.07,90.79,0,0.2233,NORMAL,None,[],0.3675,0.3634,0.2926,1,drift_pressure
2024-07-25 13:20:00,AWS_Chennai_001,35.18,997.6,91.96,0,0.2313,NORMAL,None,[],0.383,0.4022,0.2806,1,drift_pressure
2024-07-25 13:30:00,AWS_Chennai_001,35.45,997.18,90.16,0,0.2243,NORMAL,None,[],0.3657,0.3808,0.2875,1,drift_pressure
2024-07-25 13:40:00,AWS_Chennai_001,35.48,996.6,88.73,0,0.2262,NORMAL,None,[],0.3665,0.3968,0.2839,1,drift_pressure
2024-07-25 13:50:00,AWS_Chennai_001,35.57,996.11,86.41,0,0.2383,NORMAL,None,[],0.3883,0.4463,0.2742,1,drift_pressure
2024-07-25 14:00:00,AWS_Chennai_001,36.22,995.6,85.35,1,0.2669,LOW,None,[],0.457,0.4782,0.2901,1,drift_pressure
2024-07-25 14:10:00,AWS_Chennai_001,35.9,995.24,85.45,0,0.2416,NORMAL,None,[],0.401,0.3848,0.3177,1,drift_pressure
2024-07-25 14:20:00,AWS_Chennai_001,36.45,994.84,82.1,1,0.2756,LOW,None,[],0.4826,0.4488,0.3174,1,drift_pressure
2024-07-25 14:30:00,AWS_Chennai_001,36.56,994.06,80.29,1,0.2703,LOW,None,[],0.4606,0.4307,0.3376,1,drift_pressure
2024-07-25 14:40:00,AWS_Chennai_001,36.17,993.65,81.04,0,0.2446,NORMAL,None,[],0.4284,0.3452,0.3215,1,drift_pressure
2024-07-25 14:50:00,AWS_Chennai_001,35.67,993.09,83.07,0,0.231,NORMAL,None,[],0.3989,0.2501,0.369,1,drift_pressure
2024-07-25 15:00:00,AWS_Chennai_001,35.63,992.43,82.25,0,0.2355,NORMAL,None,[],0.4011,0.2465,0.3907,1,drift_pressure
2024-07-25 15:10:00,AWS_Chennai_001,35.64,991.93,84.2,0,0.2261,NORMAL,None,[],0.3934,0.2014,0.3894,1,drift_pressure
2024-07-25 15:20:00,AWS_Chennai_001,35.57,991.27,85.72,0,0.2211,NORMAL,None,[],0.3948,0.1614,0.3924,1,drift_pressure
2024-07-25 15:30:00,AWS_Chennai_001,35.68,991.03,87.18,0,0.2298,NORMAL,None,[],0.4298,0.1445,0.3958,1,drift_pressure
2024-07-25 15:40:00,AWS_Chennai_001,35.52,990.61,85.62,0,0.2144,NORMAL,None,[],0.3852,0.1314,0.3958,1,drift_pressure
2024-07-25 15:50:00,AWS_Chennai_001,35.33,990.19,85.15,0,0.2104,NORMAL,None,[],0.3518,0.1664,0.3994,1,drift_pressure
2024-07-25 16:00:00,AWS_Chennai_001,35.05,989.51,84.37,0,0.2253,NORMAL,None,[],0.366,0.2402,0.3975,1,drift_pressure
2024-07-25 16:10:00,AWS_Chennai_001,35.08,988.78,82.79,0,0.2241,NORMAL,None,[],0.3512,0.2794,0.384,1,drift_pressure
2024-07-25 16:20:00,AWS_Chennai_001,34.59,988.41,82.28,0,0.2295,NORMAL,None,[],0.3585,0.341,0.3541,1,drift_pressure
2024-07-25 16:30:00,AWS_Chennai_001,34.52,987.96,81.89,0,0.2235,NORMAL,None,[],0.3496,0.3306,0.3451,1,drift_pressure
2024-07-25 16:40:00,AWS_Chennai_001,34.8,987.29,82.67,0,0.2126,NORMAL,None,[],0.3398,0.2557,0.3616,1,drift_pressure
2024-07-25 16:50:00,AWS_Chennai_001,34.96,1003.2,83.91,1,0.6266,MEDIUM,Spike / Transient Fault - Pressure,['spike_pressure'],0.3949,0.2972,0.5677,0,normal
2024-07-25 17:00:00,AWS_Chennai_001,34.83,1003.01,85.52,0,0.2498,NORMAL,None,[],0.3677,0.322,0.4557,0,normal
2024-07-25 17:10:00,AWS_Chennai_001,34.5,1002.9,84.29,0,0.223,NORMAL,None,[],0.2944,0.2754,0.4667,0,normal
2024-07-25 17:20:00,AWS_Chennai_001,34.27,1002.86,84.66,0,0.1936,NORMAL,None,[],0.2686,0.2808,0.3547,0,normal
2024-07-25 17:30:00,AWS_Chennai_001,33.47,1002.65,85.5,0,0.2115,NORMAL,None,[],0.2932,0.3565,0.3501,0,normal
2024-07-25 17:40:00,AWS_Chennai_001,32.98,1002.68,82.31,0,0.1711,NORMAL,None,[],0.2843,0.3681,0.1528,0,normal
2024-07-25 17:50:00,AWS_Chennai_001,33.24,1002.63,84.25,0,0.1279,NORMAL,None,[],0.2229,0.2269,0.135,0,normal
2024-07-25 18:00:00,AWS_Chennai_001,33.24,1002.63,80.27,0,0.1913,NORMAL,None,[],0.3677,0.3579,0.1364,0,normal
2024-07-25 18:10:00,AWS_Chennai_001,33.06,1002.54,81.13,0,0.1616,NORMAL,None,[],0.3046,0.2947,0.1303,0,normal
2024-07-25 18:20:00,AWS_Chennai_001,32.76,1002.19,80.18,0,0.1712,NORMAL,None,[],0.3305,0.3071,0.1301,0,normal
2024-07-25 18:30:00,AWS_Chennai_001,31.47,1002.11,83.36,0,0.1727,NORMAL,None,[],0.3748,0.228,0.1303,0,normal
2024-07-25 18:40:00,AWS_Chennai_001,30.97,1002.11,85.19,0,0.1829,NORMAL,None,[],0.38,0.2936,0.1242,0,normal
2024-07-25 18:50:00,AWS_Chennai_001,30.27,1002.08,86.78,0,0.221,NORMAL,None,[],0.446,0.3397,0.1814,0,normal
2024-07-25 19:00:00,AWS_Chennai_001,30.01,1001.91,87.88,0,0.2036,NORMAL,None,[],0.3816,0.3279,0.1999,0,normal
2024-07-25 19:10:00,AWS_Chennai_001,29.47,1002.06,88.01,0,0.2118,NORMAL,None,[],0.4154,0.2999,0.2111,0,normal
2024-07-25 19:20:00,AWS_Chennai_001,29.84,1002.11,87.04,0,0.1661,NORMAL,None,[],0.3641,0.2197,0.1197,0,normal
2024-07-25 19:30:00,AWS_Chennai_001,29.82,1001.97,86.31,0,0.1347,NORMAL,None,[],0.2865,0.1658,0.1197,0,normal
2024-07-25 19:40:00,AWS_Chennai_001,29.47,1001.94,83.98,0,0.1245,NORMAL,None,[],0.2056,0.2025,0.1623,0,normal
2024-07-25 19:50:00,AWS_Chennai_001,29.41,1001.76,86.93,0,0.1252,NORMAL,None,[],0.1857,0.2722,0.1434,0,normal
2024-07-25 20:00:00,AWS_Chennai_001,29.71,1001.93,89.08,0,0.1318,NORMAL,None,[],0.1964,0.2637,0.1665,0,normal
2024-07-25 20:10:00,AWS_Chennai_001,28.88,1002.2,89.84,0,0.1378,NORMAL,None,[],0.2321,0.2269,0.1705,0,normal
2024-07-25 20:20:00,AWS_Chennai_001,29.22,1002.52,90.48,0,0.1403,NORMAL,None,[],0.2208,0.2672,0.1699,0,normal
2024-07-25 20:30:00,AWS_Chennai_001,28.52,1002.42,91.89,0,0.1541,NORMAL,None,[],0.2543,0.2795,0.1796,0,normal
2024-07-25 20:40:00,AWS_Chennai_001,28.3,1002.2,94.04,0,0.1493,NORMAL,None,[],0.2424,0.245,0.199,0,normal
2024-07-25 20:50:00,AWS_Chennai_001,28.19,1002.1,94.1,0,0.1359,NORMAL,None,[],0.1973,0.2338,0.2083,0,normal
2024-07-25 21:00:00,AWS_Chennai_001,28.04,1002.2,95.95,0,0.1456,NORMAL,None,[],0.2193,0.2558,0.2071,0,normal
2024-07-25 21:10:00,AWS_Chennai_001,28.18,1002.09,97.46,0,0.1412,NORMAL,None,[],0.2184,0.231,0.2053,0,normal
2024-07-25 21:20:00,AWS_Chennai_001,27.93,1002.12,97.68,0,0.1412,NORMAL,None,[],0.1927,0.2396,0.2374,0,normal
2024-07-25 21:30:00,AWS_Chennai_001,27.49,1002.12,97.9,0,0.165,NORMAL,None,[],0.239,0.2515,0.2779,0,normal
2024-07-25 21:40:00,AWS_Chennai_001,27.69,1002.37,100.0,0,0.2094,NORMAL,None,[],0.3519,0.3336,0.269,0,normal
2024-07-25 21:50:00,AWS_Chennai_001,27.5,1002.14,100.0,0,0.2429,NORMAL,None,[],0.4271,0.2289,0.402,0,normal
2024-07-25 22:00:00,AWS_Chennai_001,27.33,1002.11,99.89,0,0.2241,NORMAL,None,[],0.3764,0.2161,0.3937,0,normal
2024-07-25 22:10:00,AWS_Chennai_001,27.22,1001.97,98.69,0,0.2176,NORMAL,None,[],0.3496,0.24,0.3837,0,normal
2024-07-25 22:20:00,AWS_Chennai_001,27.61,1001.94,98.22,0,0.2073,NORMAL,None,[],0.3515,0.1938,0.3641,0,normal
2024-07-25 22:30:00,AWS_Chennai_001,28.13,1001.93,98.02,0,0.1823,NORMAL,None,[],0.3146,0.1351,0.3383,0,normal
2024-07-25 22:40:00,AWS_Chennai_001,27.65,1002.18,100.0,0,0.202,NORMAL,None,[],0.3453,0.1504,0.3792,0,normal
2024-07-25 22:50:00,AWS_Chennai_001,27.15,1002.18,100.0,0,0.1882,NORMAL,None,[],0.3398,0.1804,0.2962,0,normal
2024-07-25 23:00:00,AWS_Chennai_001,26.99,1002.37,99.57,0,0.2016,NORMAL,None,[],0.3577,0.2591,0.2773,0,normal
2024-07-25 23:10:00,AWS_Chennai_001,27.01,1002.46,99.48,0,0.2051,NORMAL,None,[],0.3555,0.2655,0.2929,0,normal
2024-07-25 23:20:00,AWS_Chennai_001,26.37,1002.38,97.78,0,0.1853,NORMAL,None,[],0.3457,0.2593,0.2137,0,normal
2024-07-25 23:30:00,AWS_Chennai_001,26.38,1002.38,97.19,0,0.1951,NORMAL,None,[],0.3705,0.2732,0.2147,0,normal
2024-07-25 23:40:00,AWS_Chennai_001,26.37,1002.4,95.17,0,0.2146,NORMAL,None,[],0.3912,0.3454,0.227,0,normal
2024-07-25 23:50:00,AWS_Chennai_001,25.95,1002.59,95.29,0,0.2242,NORMAL,None,[],0.3791,0.4293,0.2306,0,normal
2024-07-26 00:00:00,AWS_Chennai_001,25.9,1002.75,95.01,0,0.2246,NORMAL,None,[],0.3818,0.4334,0.2255,0,normal
2024-07-26 00:10:00,AWS_Chennai_001,25.9,1002.83,96.5,0,0.2215,NORMAL,None,[],0.4067,0.3395,0.2429,0,normal
2024-07-26 00:20:00,AWS_Chennai_001,26.27,1002.75,98.18,0,0.199,NORMAL,None,[],0.4204,0.1846,0.2261,0,normal
2024-07-26 00:30:00,AWS_Chennai_001,26.11,1002.89,97.05,0,0.1866,NORMAL,None,[],0.344,0.2506,0.2292,0,normal
2024-07-26 00:40:00,AWS_Chennai_001,25.7,1003.07,99.69,0,0.1917,NORMAL,None,[],0.3461,0.3166,0.2017,0,normal
2024-07-26 00:50:00,AWS_Chennai_001,25.6,1003.27,98.69,0,0.186,NORMAL,None,[],0.3443,0.2829,0.2012,0,normal
2024-07-26 01:00:00,AWS_Chennai_001,25.69,1003.3,98.28,0,0.172,NORMAL,None,[],0.3269,0.2319,0.1957,0,normal
2024-07-26 01:10:00,AWS_Chennai_001,25.62,1003.15,99.93,0,0.1679,NORMAL,None,[],0.2967,0.261,0.1985,0,normal
2024-07-26 01:20:00,AWS_Chennai_001,25.4,1003.37,98.75,0,0.1515,NORMAL,None,[],0.2581,0.2424,0.1884,0,normal
2024-07-26 01:30:00,AWS_Chennai_001,25.23,1003.49,100.0,0,0.171,NORMAL,None,[],0.2926,0.311,0.1827,0,normal
2024-07-26 01:40:00,AWS_Chennai_001,25.66,1003.28,98.62,0,0.1419,NORMAL,None,[],0.2813,0.1593,0.1683,0,normal
2024-07-26 01:50:00,AWS_Chennai_001,26.12,1003.15,98.69,0,0.1171,NORMAL,None,[],0.2405,0.0985,0.1507,0,normal
2024-07-26 02:00:00,AWS_Chennai_001,25.9,1003.07,94.67,0,0.1444,NORMAL,None,[],0.3041,0.1678,0.1401,0,normal
2024-07-26 02:10:00,AWS_Chennai_001,26.1,1002.86,94.69,0,0.1267,NORMAL,None,[],0.25,0.1718,0.1295,0,normal
2024-07-26 02:20:00,AWS_Chennai_001,25.72,1002.96,94.78,0,0.1267,NORMAL,None,[],0.2682,0.1335,0.131,0,normal
2024-07-26 02:30:00,AWS_Chennai_001,25.11,1002.83,93.03,0,0.1484,NORMAL,None,[],0.2493,0.3299,0.1205,0,normal
2024-07-26 02:40:00,AWS_Chennai_001,25.16,1002.65,93.05,0,0.1399,NORMAL,None,[],0.2111,0.3497,0.1204,0,normal
2024-07-26 02:50:00,AWS_Chennai_001,25.3,1002.66,94.27,0,0.1199,NORMAL,None,[],0.1776,0.2675,0.1325,0,normal
2024-07-26 03:00:00,AWS_Chennai_001,24.66,1002.51,95.36,0,0.1382,NORMAL,None,[],0.2034,0.3499,0.1236,0,normal
2024-07-26 03:10:00,AWS_Chennai_001,25.11,1002.36,98.2,0,0.1332,NORMAL,None,[],0.2234,0.2639,0.133,0,normal
2024-07-26 03:20:00,AWS_Chennai_001,25.53,1002.53,99.06,0,0.1122,NORMAL,None,[],0.2025,0.1619,0.1356,0,normal
2024-07-26 03:30:00,AWS_Chennai_001,25.39,1002.46,100.0,0,0.1171,NORMAL,None,[],0.1945,0.2062,0.139,0,normal
2024-07-26 03:40:00,AWS_Chennai_001,25.54,1002.62,100.0,0,0.1497,NORMAL,None,[],0.3181,0.1526,0.157,0,normal
2024-07-26 03:50:00,AWS_Chennai_001,25.4,1002.56,99.46,0,0.1387,NORMAL,None,[],0.2843,0.1458,0.1575,0,normal
2024-07-26 04:00:00,AWS_Chennai_001,25.54,1002.47,98.28,0,0.1435,NORMAL,None,[],0.3145,0.1198,0.1559,0,normal
2024-07-26 04:10:00,AWS_Chennai_001,25.86,1002.27,97.03,0,0.1507,NORMAL,None,[],0.2921,0.1813,0.1792,0,normal
2024-07-26 04:20:00,AWS_Chennai_001,25.84,1002.6,97.04,0,0.1451,NORMAL,None,[],0.3062,0.096,0.1943,0,normal
2024-07-26 04:30:00,AWS_Chennai_001,25.52,1002.3,94.25,0,0.1585,NORMAL,None,[],0.332,0.1707,0.1666,0,normal
2024-07-26 04:40:00,AWS_Chennai_001,25.65,1002.21,92.87,0,0.1239,NORMAL,None,[],0.1949,0.2384,0.1484,0,normal
2024-07-26 04:50:00,AWS_Chennai_001,25.5,1002.11,90.37,0,0.1442,NORMAL,None,[],0.2228,0.2749,0.1808,0,normal
2024-07-26 05:00:00,AWS_Chennai_001,25.84,1002.09,92.3,0,0.1444,NORMAL,None,[],0.2144,0.2875,0.1848,0,normal
2024-07-26 05:10:00,AWS_Chennai_001,26.2,1001.84,90.55,0,0.1705,NORMAL,None,[],0.23,0.4273,0.1872,0,normal
2024-07-26 05:20:00,AWS_Chennai_001,26.65,1001.86,90.81,0,0.1612,NORMAL,None,[],0.1952,0.4237,0.1955,0,normal
2024-07-26 05:30:00,AWS_Chennai_001,26.17,1001.81,92.19,0,0.1297,NORMAL,None,[],0.1506,0.2942,0.2017,0,normal
2024-07-26 05:40:00,AWS_Chennai_001,25.86,1001.91,92.35,0,0.1141,NORMAL,None,[],0.1481,0.1951,0.2021,0,normal
2024-07-26 05:50:00,AWS_Chennai_001,25.47,1001.9,90.97,0,0.1129,NORMAL,None,[],0.1456,0.2042,0.193,0,normal
2024-07-26 06:00:00,AWS_Chennai_001,25.59,1001.9,89.09,0,0.1236,NORMAL,None,[],0.1973,0.2108,0.164,0,normal
2024-07-26 06:10:00,AWS_Chennai_001,25.92,1001.78,87.26,0,0.138,NORMAL,None,[],0.192,0.2583,0.2084,0,normal
2024-07-26 06:20:00,AWS_Chennai_001,25.79,1001.82,87.05,0,0.1288,NORMAL,None,[],0.203,0.196,0.1926,0,normal
2024-07-26 06:30:00,AWS_Chennai_001,26.2,1001.99,87.75,0,0.136,NORMAL,None,[],0.2137,0.2097,0.2021,0,normal
2024-07-26 06:40:00,AWS_Chennai_001,26.74,1001.98,85.68,0,0.1392,NORMAL,None,[],0.1923,0.3087,0.1761,0,normal
2024-07-26 06:50:00,AWS_Chennai_001,26.9,999.15,84.47,1,0.2845,LOW,None,[],0.3493,0.5659,0.4742,1,noise_burst_pressure
2024-07-26 07:00:00,AWS_Chennai_001,27.51,993.45,84.43,1,0.3289,LOW,None,[],0.4561,0.5874,0.5197,1,noise_burst_pressure
2024-07-26 07:10:00,AWS_Chennai_001,28.12,1006.61,83.35,1,0.3581,LOW,Pattern-Based Anomaly (Learned),[],0.3966,0.4699,0.8432,1,noise_burst_pressure
2024-07-26 07:20:00,AWS_Chennai_001,28.58,994.7,82.63,1,0.3048,LOW,None,[],0.4421,0.4727,0.5066,1,noise_burst_pressure
2024-07-26 07:30:00,AWS_Chennai_001,28.89,993.97,83.75,1,0.2845,LOW,None,[],0.4367,0.4067,0.4626,1,noise_burst_pressure
2024-07-26 07:40:00,AWS_Chennai_001,29.22,1001.63,85.16,0,0.2379,NORMAL,None,[],0.3672,0.2299,0.4663,1,noise_burst_pressure
2024-07-26 07:50:00,AWS_Chennai_001,29.37,1008.23,86.38,1,0.3192,LOW,Pattern-Based Anomaly (Learned),[],0.3854,0.3031,0.7906,1,noise_burst_pressure
2024-07-26 08:00:00,AWS_Chennai_001,30.04,991.85,83.34,1,0.6451,MEDIUM,Spike / Transient Fault - Pressure,['spike_pressure'],0.4816,0.3756,0.4712,1,noise_burst_pressure
2024-07-26 08:10:00,AWS_Chennai_001,30.41,993.03,83.51,1,0.3109,LOW,None,[],0.5057,0.3187,0.557,1,noise_burst_pressure
2024-07-26 08:20:00,AWS_Chennai_001,30.49,1001.89,85.62,0,0.2451,NORMAL,None,[],0.4018,0.1683,0.4968,0,normal
2024-07-26 08:30:00,AWS_Chennai_001,30.54,1001.6,83.29,0,0.2245,NORMAL,None,[],0.3454,0.2018,0.4529,0,normal
2024-07-26 08:40:00,AWS_Chennai_001,31.09,1001.42,84.15,0,0.2052,NORMAL,None,[],0.3301,0.1776,0.3978,0,normal
2024-07-26 08:50:00,AWS_Chennai_001,31.22,1001.48,84.02,0,0.1795,NORMAL,None,[],0.2935,0.1714,0.3289,0,normal
2024-07-26 09:00:00,AWS_Chennai_001,31.35,1001.62,85.0,0,0.1719,NORMAL,None,[],0.2973,0.1348,0.3126,0,normal
2024-07-26 09:10:00,AWS_Chennai_001,31.69,1001.69,84.45,0,0.1147,NORMAL,None,[],0.2095,0.1413,0.153,0,normal
2024-07-26 09:20:00,AWS_Chennai_001,31.62,1001.74,84.62,0,0.1075,NORMAL,None,[],0.2058,0.1254,0.1347,0,normal
2024-07-26 09:30:00,AWS_Chennai_001,31.49,1001.79,85.23,0,0.1136,NORMAL,None,[],0.2083,0.1721,0.1263,0,normal
2024-07-26 09:40:00,AWS_Chennai_001,31.54,1001.95,85.3,0,0.1183,NORMAL,None,[],0.2186,0.1795,0.1289,0,normal
2024-07-26 09:50:00,AWS_Chennai_001,31.37,1001.94,86.57,0,0.1293,NORMAL,None,[],0.2347,0.2332,0.1195,0,normal
2024-07-26 10:00:00,AWS_Chennai_001,31.74,1001.83,86.14,0,0.1059,NORMAL,None,[],0.1793,0.2003,0.1105,0,normal
2024-07-26 10:10:00,AWS_Chennai_001,32.04,1001.7,81.47,0,0.1326,NORMAL,None,[],0.2272,0.2837,0.1097,0,normal
2024-07-26 10:20:00,AWS_Chennai_001,33.02,1001.74,81.86,0,0.1393,NORMAL,None,[],0.234,0.2991,0.1211,0,normal
2024-07-26 10:30:00,AWS_Chennai_001,33.05,1001.75,83.7,0,0.1145,NORMAL,None,[],0.2072,0.1853,0.1228,0,normal
2024-07-26 10:40:00,AWS_Chennai_001,33.38,1001.57,86.37,0,0.1295,NORMAL,None,[],0.2237,0.2434,0.1296,0,normal
2024-07-26 10:50:00,AWS_Chennai_001,33.53,1001.53,85.41,0,0.1166,NORMAL,None,[],0.2003,0.2068,0.1274,0,normal
2024-07-26 11:00:00,AWS_Chennai_001,33.55,1001.56,86.75,0,0.1258,NORMAL,None,[],0.2106,0.2389,0.1339,0,normal
2024-07-26 11:10:00,AWS_Chennai_001,33.83,1001.73,87.06,0,0.1231,NORMAL,None,[],0.1819,0.2454,0.1585,0,normal
2024-07-26 11:20:00,AWS_Chennai_001,34.6,1001.63,87.18,0,0.13,NORMAL,None,[],0.1983,0.2766,0.145,0,normal
2024-07-26 11:30:00,AWS_Chennai_001,35.04,1001.71,85.51,0,0.1279,NORMAL,None,[],0.2288,0.1829,0.1589,0,normal
2024-07-26 11:40:00,AWS_Chennai_001,34.97,1001.64,85.86,0,0.1179,NORMAL,None,[],0.1948,0.1936,0.1519,0,normal
2024-07-26 11:50:00,AWS_Chennai_001,34.61,1001.88,86.65,0,0.1343,NORMAL,None,[],0.21,0.2517,0.1678,0,normal
2024-07-26 12:00:00,AWS_Chennai_001,34.28,1001.72,89.97,0,0.1458,NORMAL,None,[],0.2666,0.2395,0.1496,0,normal
2024-07-26 12:10:00,AWS_Chennai_001,34.51,1001.87,92.94,0,0.1715,NORMAL,None,[],0.2813,0.3486,0.1742,0,normal
2024-07-26 12:20:00,AWS_Chennai_001,34.26,1001.78,91.65,0,0.144,NORMAL,None,[],0.2302,0.2098,0.2174,0,normal
2024-07-26 12:30:00,AWS_Chennai_001,34.28,1001.94,92.34,0,0.1486,NORMAL,None,[],0.2322,0.2821,0.1834,0,normal
2024-07-26 12:40:00,AWS_Chennai_001,35.13,1002.13,91.91,0,0.1748,NORMAL,None,[],0.277,0.3741,0.1782,0,normal
2024-07-26 12:50:00,AWS_Chennai_001,34.99,1002.55,92.33,0,0.1893,NORMAL,None,[],0.3056,0.4123,0.1792,0,normal
2024-07-26 13:00:00,AWS_Chennai_001,34.56,1002.57,93.1,0,0.1778,NORMAL,None,[],0.3114,0.3236,0.1795,0,normal
2024-07-26 13:10:00,AWS_Chennai_001,34.42,1002.88,91.87,0,0.1606,NORMAL,None,[],0.2775,0.2804,0.1765,0,normal
2024-07-26 13:20:00,AWS_Chennai_001,34.3,1002.96,89.4,0,0.1304,NORMAL,None,[],0.2429,0.1735,0.1576,0,normal
2024-07-26 13:30:00,AWS_Chennai_001,34.7,1003.03,90.08,0,0.1383,NORMAL,None,[],0.2597,0.2078,0.1459,0,normal
2024-07-26 13:40:00,AWS_Chennai_001,34.89,1003.07,91.82,0,0.1393,NORMAL,None,[],0.2429,0.2512,0.1435,0,normal
2024-07-26 13:50:00,AWS_Chennai_001,34.85,1003.23,91.79,0,0.1374,NORMAL,None,[],0.2469,0.2329,0.1418,0,normal
2024-07-26 14:00:00,AWS_Chennai_001,34.92,1003.21,89.8,0,0.1185,NORMAL,None,[],0.2189,0.1808,0.1283,0,normal
2024-07-26 14:10:00,AWS_Chennai_001,35.02,1003.05,86.71,0,0.1309,NORMAL,None,[],0.2277,0.2588,0.1187,0,normal
2024-07-26 14:20:00,AWS_Chennai_001,35.12,1002.84,88.69,0,0.1327,NORMAL,None,[],0.2643,0.1867,0.1269,0,normal
2024-07-26 14:30:00,AWS_Chennai_001,34.91,1002.88,87.43,0,0.1223,NORMAL,None,[],0.2342,0.1852,0.1213,0,normal
2024-07-26 14:40:00,AWS_Chennai_001,34.96,1003.02,88.6,0,0.1264,NORMAL,None,[],0.2485,0.1826,0.1225,0,normal
2024-07-26 14:50:00,AWS_Chennai_001,34.8,1002.94,84.04,0,0.1559,NORMAL,None,[],0.2829,0.2498,0.1677,0,normal
2024-07-26 15:00:00,AWS_Chennai_001,35.15,1002.86,84.31,0,0.1438,NORMAL,None,[],0.2427,0.2653,0.1561,0,normal
2024-07-26 15:10:00,AWS_Chennai_001,35.34,1003.17,82.3,0,0.1622,NORMAL,None,[],0.2566,0.3485,0.1644,0,normal
2024-07-26 15:20:00,AWS_Chennai_001,35.06,1003.07,79.98,0,0.1672,NORMAL,None,[],0.2859,0.2632,0.2099,0,normal
2024-07-26 15:30:00,AWS_Chennai_001,34.96,1003.01,79.74,0,0.1395,NORMAL,None,[],0.2258,0.188,0.2176,0,normal
2024-07-26 15:40:00,AWS_Chennai_001,34.63,1003.01,80.33,0,0.1486,NORMAL,None,[],0.2625,0.2001,0.1993,0,normal
2024-07-26 15:50:00,AWS_Chennai_001,34.6,1142.9,81.49,1,0.8238,HIGH,Physical Impossibility - Pressure | Spike / Transient Fault - Pressure,"['out_of_range_pressure', 'spike_pressure']",0.7558,0.4502,0.8976,1,out_of_range_pressure
2024-07-26 16:00:00,AWS_Chennai_001,34.56,1002.79,81.28,1,0.6264,MEDIUM,Spike / Transient Fault - Pressure,['spike_pressure'],0.7014,0.1773,0.1971,0,normal
2024-07-26 16:10:00,AWS_Chennai_001,34.27,1002.58,80.97,1,0.2865,LOW,None,[],0.6919,0.2436,0.2119,0,normal
2024-07-26 16:20:00,AWS_Chennai_001,33.82,1002.56,81.21,1,0.2864,LOW,None,[],0.654,0.2925,0.2318,0,normal
2024-07-26 16:30:00,AWS_Chennai_001,33.36,1002.61,79.86,1,0.2864,LOW,None,[],0.6529,0.3054,0.2233,0,normal
2024-07-26 16:40:00,AWS_Chennai_001,33.19,1002.37,79.31,1,0.2611,LOW,None,[],0.5874,0.2772,0.2166,0,normal
2024-07-26 16:50:00,AWS_Chennai_001,32.91,1002.68,77.58,0,0.2276,NORMAL,None,[],0.5128,0.2895,0.1517,0,normal
2024-07-26 17:00:00,AWS_Chennai_001,32.68,1002.44,80.08,0,0.1968,NORMAL,None,[],0.4636,0.222,0.1222,0,normal
2024-07-26 17:10:00,AWS_Chennai_001,33.08,1002.33,82.97,0,0.1743,NORMAL,None,[],0.443,0.1379,0.1035,0,normal
2024-07-26 17:20:00,AWS_Chennai_001,32.97,1002.24,82.68,0,0.167,NORMAL,None,[],0.4159,0.1379,0.1077,0,normal
2024-07-26 17:30:00,AWS_Chennai_001,32.36,1002.15,82.44,0,0.1707,NORMAL,None,[],0.4088,0.1699,0.1129,0,normal
2024-07-26 17:40:00,AWS_Chennai_001,32.2,1002.12,83.94,0,0.1704,NORMAL,None,[],0.3839,0.2423,0.0942,0,normal
2024-07-26 17:50:00,AWS_Chennai_001,32.42,1002.37,85.09,0,0.1878,NORMAL,None,[],0.4375,0.2504,0.0949,0,normal
2024-07-26 18:00:00,AWS_Chennai_001,31.8,1002.1,85.19,0,0.2064,NORMAL,None,[],0.484,0.2731,0.1012,0,normal
2024-07-26 18:10:00,AWS_Chennai_001,31.6,1001.9,85.06,0,0.18,NORMAL,None,[],0.4092,0.2531,0.0966,0,normal
2024-07-26 18:20:00,AWS_Chennai_001,31.28,1001.71,87.16,0,0.187,NORMAL,None,[],0.4049,0.2945,0.1069,0,normal
2024-07-26 18:30:00,AWS_Chennai_001,30.34,1001.81,90.97,0,0.2422,NORMAL,None,[],0.5315,0.3677,0.1381,0,normal
2024-07-26 18:40:00,AWS_Chennai_001,30.13,1001.7,91.13,0,0.2134,NORMAL,None,[],0.4675,0.3202,0.1258,0,normal
2024-07-26 18:50:00,AWS_Chennai_001,29.84,1001.72,91.54,0,0.1805,NORMAL,None,[],0.2917,0.3842,0.1767,0,normal
2024-07-26 19:00:00,AWS_Chennai_001,29.37,1001.78,90.22,0,0.1645,NORMAL,None,[],0.272,0.3296,0.1672,0,normal
2024-07-26 19:10:00,AWS_Chennai_001,29.14,1001.82,92.2,0,0.1732,NORMAL,None,[],0.2998,0.3204,0.1762,0,normal
2024-07-26 19:20:00,AWS_Chennai_001,28.93,1001.89,91.98,0,0.1554,NORMAL,None,[],0.2643,0.2735,0.1751,0,normal
2024-07-26 19:30:00,AWS_Chennai_001,28.97,1001.87,93.09,0,0.152,NORMAL,None,[],0.2598,0.2589,0.1762,0,normal
2024-07-26 19:40:00,AWS_Chennai_001,29.01,1001.89,92.07,0,0.1399,NORMAL,None,[],0.2448,0.211,0.174,0,normal
2024-07-26 19:50:00,AWS_Chennai_001,28.59,1001.8,90.88,0,0.1353,NORMAL,None,[],0.2306,0.2133,0.1709,0,normal
2024-07-26 20:00:00,AWS_Chennai_001,29.01,1001.66,90.59,0,0.1342,NORMAL,None,[],0.2371,0.2106,0.1573,0,normal
2024-07-26 20:10:00,AWS_Chennai_001,28.9,1001.51,89.12,0,0.1211,NORMAL,None,[],0.2024,0.2095,0.1447,0,normal
2024-07-26 20:20:00,AWS_Chennai_001,28.83,1001.48,90.36,0,0.1179,NORMAL,None,[],0.186,0.2205,0.1453,0,normal
2024-07-26 20:30:00,AWS_Chennai_001,28.78,1001.78,91.23,0,0.1116,NORMAL,None,[],0.214,0.1256,0.1426,0,normal
2024-07-26 20:40:00,AWS_Chennai_001,28.13,1001.69,92.41,0,0.1242,NORMAL,None,[],0.2282,0.2038,0.1257,0,normal
2024-07-26 20:50:00,AWS_Chennai_001,28.07,1001.62,89.53,0,0.1149,NORMAL,None,[],0.2048,0.1883,0.1258,0,normal
2024-07-26 21:00:00,AWS_Chennai_001,27.91,1001.73,91.26,0,0.1033,NORMAL,None,[],0.1947,0.1313,0.1262,0,normal
2024-07-26 21:10:00,AWS_Chennai_001,27.59,1001.92,91.48,0,0.1189,NORMAL,None,[],0.1868,0.2524,0.1252,0,normal
2024-07-26 21:20:00,AWS_Chennai_001,27.54,1001.92,91.47,0,0.1279,NORMAL,None,[],0.223,0.2359,0.1283,0,normal
2024-07-26 21:30:00,AWS_Chennai_001,27.05,1001.76,89.93,0,0.1298,NORMAL,None,[],0.2261,0.2382,0.1313,0,normal
2024-07-26 21:40:00,AWS_Chennai_001,26.81,1001.79,91.42,0,0.1247,NORMAL,None,[],0.2349,0.1866,0.1311,0,normal
2024-07-26 21:50:00,AWS_Chennai_001,26.19,1001.51,91.9,0,0.1596,NORMAL,None,[],0.2668,0.3429,0.1408,0,normal
2024-07-26 22:00:00,AWS_Chennai_001,26.36,1001.5,90.19,0,0.1502,NORMAL,None,[],0.2493,0.3132,0.1424,0,normal
2024-07-26 22:10:00,AWS_Chennai_001,26.0,1001.39,89.31,0,0.1564,NORMAL,None,[],0.2406,0.3867,0.131,0,normal
2024-07-26 22:20:00,AWS_Chennai_001,26.46,1001.43,89.9,0,0.1255,NORMAL,None,[],0.1963,0.2638,0.1352,0,normal
2024-07-26 22:30:00,AWS_Chennai_001,26.04,1001.6,89.67,0,0.116,NORMAL,None,[],0.194,0.2113,0.1303,0,normal
2024-07-26 22:40:00,AWS_Chennai_001,26.05,1001.62,88.73,0,0.1224,NORMAL,None,[],0.2014,0.2355,0.1331,0,normal
2024-07-26 22:50:00,AWS_Chennai_001,25.98,1001.68,85.93,0,0.1385,NORMAL,None,[],0.2131,0.3188,0.1339,0,normal
2024-07-26 23:00:00,AWS_Chennai_001,25.77,1001.63,85.23,0,0.1225,NORMAL,None,[],0.1801,0.2818,0.1309,0,normal
2024-07-26 23:10:00,AWS_Chennai_001,25.81,1001.51,85.25,0,0.1256,NORMAL,None,[],0.1824,0.2958,0.1326,0,normal
2024-07-26 23:20:00,AWS_Chennai_001,25.67,1001.61,89.42,0,0.1109,NORMAL,None,[],0.2222,0.1131,0.1364,0,normal
2024-07-26 23:30:00,AWS_Chennai_001,25.68,946.88,92.15,1,0.7065,HIGH,Spike / Transient Fault - Pressure,['spike_pressure'],0.6346,0.4562,0.4883,1,spike_pressure
2024-07-26 23:40:00,AWS_Chennai_001,25.17,1001.9,92.11,1,0.6206,MEDIUM,Spike / Transient Fault - Pressure,['spike_pressure'],0.5599,0.2106,0.3549,0,normal
2024-07-26 23:50:00,AWS_Chennai_001,24.79,1002.0,92.03,0,0.2375,NORMAL,None,[],0.5185,0.2213,0.244,0,normal
2024-07-27 00:00:00,AWS_Chennai_001,24.24,1002.28,92.8,1,0.2657,LOW,None,[],0.5449,0.2679,0.3104,0,normal
2024-07-27 00:10:00,AWS_Chennai_001,24.4,1002.41,91.62,0,0.2247,NORMAL,None,[],0.4925,0.2026,0.2328,0,normal
2024-07-27 00:20:00,AWS_Chennai_001,24.83,1002.41,92.87,0,0.2298,NORMAL,None,[],0.5134,0.1933,0.2342,0,normal
2024-07-27 00:30:00,AWS_Chennai_001,24.47,1002.64,91.79,0,0.1823,NORMAL,None,[],0.4347,0.1809,0.1236,0,normal
2024-07-27 00:40:00,AWS_Chennai_001,24.51,1002.69,94.6,0,0.1851,NORMAL,None,[],0.4267,0.2364,0.1082,0,normal
2024-07-27 00:50:00,AWS_Chennai_001,24.29,1002.79,93.61,0,0.1818,NORMAL,None,[],0.4275,0.2116,0.1094,0,normal
2024-07-27 01:00:00,AWS_Chennai_001,25.01,1002.85,96.18,0,0.1886,NORMAL,None,[],0.4567,0.1809,0.1223,0,normal
2024-07-27 01:10:00,AWS_Chennai_001,25.64,1002.66,97.55,0,0.1957,NORMAL,None,[],0.4608,0.1957,0.1403,0,normal
2024-07-27 01:20:00,AWS_Chennai_001,25.64,1002.62,95.79,0,0.1916,NORMAL,None,[],0.4778,0.1551,0.1248,0,normal
2024-07-27 01:30:00,AWS_Chennai_001,25.03,1002.82,96.98,0,0.194,NORMAL,None,[],0.4924,0.1357,0.1296,0,normal
2024-07-27 01:40:00,AWS_Chennai_001,25.15,1002.75,94.91,0,0.1728,NORMAL,None,[],0.4573,0.0764,0.121,0,normal
2024-07-27 01:50:00,AWS_Chennai_001,25.0,1002.76,94.67,0,0.1721,NORMAL,None,[],0.4528,0.0692,0.1295,0,normal
2024-07-27 02:00:00,AWS_Chennai_001,25.11,1003.11,95.11,0,0.1872,NORMAL,None,[],0.4939,0.0793,0.1357,0,normal
2024-07-27 02:10:00,AWS_Chennai_001,25.07,1003.18,96.37,0,0.1723,NORMAL,None,[],0.4479,0.1166,0.1023,0,normal
2024-07-27 02:20:00,AWS_Chennai_001,25.44,1003.15,93.75,0,0.1687,NORMAL,None,[],0.4456,0.1122,0.0908,0,normal
2024-07-27 02:30:00,AWS_Chennai_001,25.37,1002.88,91.52,0,0.1452,NORMAL,None,[],0.2936,0.2155,0.1241,0,normal
2024-07-27 02:40:00,AWS_Chennai_001,25.18,1002.94,91.64,0,0.1416,NORMAL,None,[],0.3006,0.1841,0.1191,0,normal
2024-07-27 02:50:00,AWS_Chennai_001,24.96,1002.94,92.33,0,0.14,NORMAL,None,[],0.3255,0.1179,0.1237,0,normal
2024-07-27 03:00:00,AWS_Chennai_001,25.11,1002.87,90.42,0,0.1546,NORMAL,None,[],0.3526,0.1646,0.1204,0,normal
2024-07-27 03:10:00,AWS_Chennai_001,24.77,1002.48,94.48,0,0.1821,NORMAL,None,[],0.437,0.1793,0.1203,0,normal
2024-07-27 03:20:00,AWS_Chennai_001,24.3,1002.41,95.64,0,0.1769,NORMAL,None,[],0.3572,0.3157,0.1118,0,normal
2024-07-27 03:30:00,AWS_Chennai_001,24.03,1002.52,96.64,0,0.1876,NORMAL,None,[],0.3839,0.3267,0.1171,0,normal
2024-07-27 03:40:00,AWS_Chennai_001,24.59,1002.67,93.83,0,0.1573,NORMAL,None,[],0.3798,0.1343,0.1164,0,normal
2024-07-27 03:50:00,AWS_Chennai_001,24.67,1002.85,93.41,0,0.0986,NORMAL,None,[],0.1892,0.1147,0.1234,0,normal
2024-07-27 04:00:00,AWS_Chennai_001,24.94,1002.82,94.36,0,0.0864,NORMAL,None,[],0.1957,0.0187,0.1243,0,normal
2024-07-27 04:10:00,AWS_Chennai_001,25.51,1002.82,96.03,0,0.1393,NORMAL,None,[],0.2899,0.1638,0.1388,0,normal
2024-07-27 04:20:00,AWS_Chennai_001,25.62,1002.81,95.18,0,0.1239,NORMAL,None,[],0.2425,0.1534,0.1406,0,normal
2024-07-27 04:30:00,AWS_Chennai_001,25.15,1003.07,96.95,0,0.1489,NORMAL,None,[],0.2983,0.2127,0.1376,0,normal
2024-07-27 04:40:00,AWS_Chennai_001,24.88,1002.7,96.58,0,0.1277,NORMAL,None,[],0.2637,0.1473,0.1322,0,normal
2024-07-27 04:50:00,AWS_Chennai_001,24.83,1002.64,97.72,0,0.1321,NORMAL,None,[],0.2435,0.1995,0.1455,0,normal
2024-07-27 05:00:00,AWS_Chennai_001,24.93,1002.56,98.54,0,0.1336,NORMAL,None,[],0.2462,0.2077,0.143,0,normal
2024-07-27 05:10:00,AWS_Chennai_001,25.24,1002.5,97.86,0,0.1265,NORMAL,None,[],0.2085,0.2333,0.1446,0,normal
2024-07-27 05:20:00,AWS_Chennai_001,25.31,1002.6,96.29,0,0.1145,NORMAL,None,[],0.2089,0.1538,0.1437,0,normal
2024-07-27 05:30:00,AWS_Chennai_001,24.99,1002.39,95.21,0,0.1099,NORMAL,None,[],0.2121,0.1244,0.1379,0,normal
2024-07-27 05:40:00,AWS_Chennai_001,25.39,1002.28,93.08,0,0.1401,NORMAL,None,[],0.2297,0.2889,0.1391,0,normal
2024-07-27 05:50:00,AWS_Chennai_001,25.3,1002.18,93.14,0,0.1282,NORMAL,None,[],0.198,0.2784,0.1351,0,normal
2024-07-27 06:00:00,AWS_Chennai_001,26.61,1002.32,94.07,0,0.1753,NORMAL,None,[],0.279,0.3531,0.193,0,normal
2024-07-27 06:10:00,AWS_Chennai_001,26.76,1002.4,95.7,0,0.1468,NORMAL,None,[],0.2707,0.2363,0.1507,0,normal
2024-07-27 06:20:00,AWS_Chennai_001,27.1,1002.3,92.7,0,0.1682,NORMAL,None,[],0.2802,0.3645,0.1472,0,normal
2024-07-27 06:30:00,AWS_Chennai_001,27.16,1002.12,91.87,0,0.1584,NORMAL,None,[],0.2314,0.3954,0.1485,0,normal
2024-07-27 06:40:00,AWS_Chennai_001,27.57,1002.1,90.07,0,0.1713,NORMAL,None,[],0.2545,0.4218,0.1585,0,normal
2024-07-27 06:50:00,AWS_Chennai_001,26.69,1002.24,91.23,0,0.1366,NORMAL,None,[],0.232,0.2502,0.1474,0,normal
2024-07-27 07:00:00,AWS_Chennai_001,27.15,1002.36,90.27,0,0.1314,NORMAL,None,[],0.2097,0.2477,0.1565,0,normal
2024-07-27 07:10:00,AWS_Chennai_001,27.54,1002.16,90.86,0,0.1247,NORMAL,None,[],0.1756,0.2798,0.1503,0,normal
2024-07-27 07:20:00,AWS_Chennai_001,27.64,1002.1,91.37,0,0.1229,NORMAL,None,[],0.1702,0.2594,0.1646,0,normal
2024-07-27 07:30:00,AWS_Chennai_001,27.82,1001.94,89.43,0,0.1401,NORMAL,None,[],0.1827,0.3444,0.1682,0,normal
2024-07-27 07:40:00,AWS_Chennai_001,27.87,1002.1,87.71,0,0.1379,NORMAL,None,[],0.1978,0.2956,0.1712,0,normal
2024-07-27 07:50:00,AWS_Chennai_001,28.02,1002.09,87.83,0,0.1293,NORMAL,None,[],0.1775,0.2763,0.1728,0,normal
2024-07-27 08:00:00,AWS_Chennai_001,27.97,1001.96,88.21,0,0.1324,NORMAL,None,[],0.1833,0.2898,0.17,0,normal
2024-07-27 08:10:00,AWS_Chennai_001,28.0,1002.0,86.47,0,0.1361,NORMAL,None,[],0.1984,0.2904,0.1651,0,normal
2024-07-27 08:20:00,AWS_Chennai_001,28.95,1001.97,86.84,0,0.1473,NORMAL,None,[],0.2277,0.3325,0.1454,0,normal
2024-07-27 08:30:00,AWS_Chennai_001,28.91,1001.95,88.95,0,0.1356,NORMAL,None,[],0.214,0.2591,0.1627,0,normal
2024-07-27 08:40:00,AWS_Chennai_001,29.4,1001.82,88.54,0,0.1437,NORMAL,None,[],0.2032,0.3266,0.169,0,normal
2024-07-27 08:50:00,AWS_Chennai_001,29.61,1001.81,87.61,0,0.1373,NORMAL,None,[],0.1779,0.3378,0.1661,0,normal
2024-07-27 09:00:00,AWS_Chennai_001,29.44,1001.98,87.7,0,0.1226,NORMAL,None,[],0.1878,0.221,0.1657,0,normal
2024-07-27 09:10:00,AWS_Chennai_001,30.35,1002.03,89.67,0,0.1347,NORMAL,None,[],0.259,0.1859,0.1454,0,normal
2024-07-27 09:20:00,AWS_Chennai_001,30.68,1001.99,90.08,0,0.1282,NORMAL,None,[],0.2172,0.2187,0.1509,0,normal
2024-07-27 09:30:00,AWS_Chennai_001,31.18,1002.08,91.32,0,0.1536,NORMAL,None,[],0.2696,0.2762,0.1566,0,normal
2024-07-27 09:40:00,AWS_Chennai_001,31.76,1001.79,89.41,0,0.1559,NORMAL,None,[],0.2694,0.2822,0.1636,0,normal
2024-07-27 09:50:00,AWS_Chennai_001,31.93,1001.86,89.97,0,0.1425,NORMAL,None,[],0.2443,0.2586,0.1523,0,normal
2024-07-27 10:00:00,AWS_Chennai_001,31.83,1002.14,90.51,0,0.1501,NORMAL,None,[],0.2465,0.2892,0.164,0,normal
2024-07-27 10:10:00,AWS_Chennai_001,31.91,1001.76,87.63,0,0.1457,NORMAL,None,[],0.2292,0.2978,0.1613,0,normal
2024-07-27 10:20:00,AWS_Chennai_001,31.94,1001.67,88.9,0,0.1352,NORMAL,None,[],0.2117,0.2602,0.1633,0,normal
2024-07-27 10:30:00,AWS_Chennai_001,32.57,1001.83,87.81,0,0.1266,NORMAL,None,[],0.2061,0.2142,0.163,0,normal
2024-07-27 10:40:00,AWS_Chennai_001,33.25,1001.53,83.89,0,0.1918,NORMAL,None,[],0.2856,0.4938,0.1605,0,normal
2024-07-27 10:50:00,AWS_Chennai_001,33.01,1001.59,83.41,0,0.1725,NORMAL,None,[],0.267,0.3975,0.164,0,normal
2024-07-27 11:00:00,AWS_Chennai_001,33.26,1001.54,82.3,0,0.1631,NORMAL,None,[],0.2268,0.3929,0.1808,0,normal
2024-07-27 11:10:00,AWS_Chennai_001,33.51,1001.55,84.1,0,0.1418,NORMAL,None,[],0.1969,0.3133,0.1785,0,normal
2024-07-27 11:20:00,AWS_Chennai_001,33.81,1001.41,83.1,0,0.1468,NORMAL,None,[],0.1893,0.3567,0.1825,0,normal
2024-07-27 11:30:00,AWS_Chennai_001,34.02,1001.4,84.42,0,0.1219,NORMAL,None,[],0.1407,0.2981,0.1748,0,normal
2024-07-27 11:40:00,AWS_Chennai_001,33.88,1001.33,83.65,0,0.1184,NORMAL,None,[],0.128,0.295,0.179,0,normal
2024-07-27 11:50:00,AWS_Chennai_001,34.21,1001.57,85.54,0,0.1122,NORMAL,None,[],0.1653,0.1778,0.1799,0,normal
2024-07-27 12:00:00,AWS_Chennai_001,34.3,1001.49,85.31,0,0.1035,NORMAL,None,[],0.124,0.1966,0.1842,0,normal
2024-07-27 12:10:00,AWS_Chennai_001,33.99,1001.72,85.75,0,0.0951,NORMAL,None,[],0.1431,0.107,0.1803,0,normal
2024-07-27 12:20:00,AWS_Chennai_001,34.16,1001.53,84.11,0,0.1029,NORMAL,None,[],0.1351,0.1759,0.1797,0,normal
2024-07-27 12:30:00,AWS_Chennai_001,34.48,1001.67,84.91,0,0.0899,NORMAL,None,[],0.1225,0.1364,0.1636,0,normal
2024-07-27 12:40:00,AWS_Chennai_001,34.26,1001.92,85.08,0,0.1035,NORMAL,None,[],0.1403,0.1886,0.1657,0,normal
2024-07-27 12:50:00,AWS_Chennai_001,34.36,1001.87,83.89,0,0.093,NORMAL,None,[],0.1001,0.2014,0.1637,0,normal
2024-07-27 13:00:00,AWS_Chennai_001,34.78,1002.11,85.04,0,0.1212,NORMAL,None,[],0.1552,0.2775,0.1652,0,normal
2024-07-27 13:10:00,AWS_Chennai_001,34.4,1002.18,86.19,0,0.1234,NORMAL,None,[],0.1646,0.2841,0.1572,0,normal
2024-07-27 13:20:00,AWS_Chennai_001,34.43,1002.23,88.79,0,0.1428,NORMAL,None,[],0.1869,0.3911,0.1405,0,normal
2024-07-27 13:30:00,AWS_Chennai_001,35.05,1002.21,88.75,0,0.1476,NORMAL,None,[],0.1791,0.4246,0.1512,0,normal
2024-07-27 13:40:00,AWS_Chennai_001,35.01,1002.34,86.31,0,0.1168,NORMAL,None,[],0.1347,0.3015,0.1559,0,normal
2024-07-27 13:50:00,AWS_Chennai_001,35.84,1002.53,85.27,0,0.1561,NORMAL,None,[],0.2254,0.338,0.1889,0,normal
2024-07-27 14:00:00,AWS_Chennai_001,35.79,1002.65,85.08,0,0.1515,NORMAL,None,[],0.2321,0.3062,0.1798,0,normal
2024-07-27 14:10:00,AWS_Chennai_001,35.95,1002.82,87.45,0,0.1575,NORMAL,None,[],0.2293,0.3824,0.1566,0,normal
2024-07-27 14:20:00,AWS_Chennai_001,36.25,1002.86,86.5,0,0.1547,NORMAL,None,[],0.2387,0.3191,0.1763,0,normal
2024-07-27 14:30:00,AWS_Chennai_001,36.33,1002.95,85.75,0,0.141,NORMAL,None,[],0.2205,0.2567,0.1818,0,normal
2024-07-27 14:40:00,AWS_Chennai_001,36.67,1002.83,89.47,0,0.1602,NORMAL,None,[],0.2287,0.3933,0.1629,0,normal
2024-07-27 14:50:00,AWS_Chennai_001,36.37,1002.83,90.89,0,0.1671,NORMAL,None,[],0.2767,0.3584,0.1516,0,normal
2024-07-27 15:00:00,AWS_Chennai_001,36.2,1002.7,92.4,0,0.169,NORMAL,None,[],0.3045,0.3119,0.154,0,normal
2024-07-27 15:10:00,AWS_Chennai_001,36.06,1002.69,92.37,0,0.1479,NORMAL,None,[],0.2644,0.2539,0.1523,0,normal
2024-07-27 15:20:00,AWS_Chennai_001,35.9,1002.67,91.5,0,0.1269,NORMAL,None,[],0.229,0.1873,0.1505,0,normal
2024-07-27 15:30:00,AWS_Chennai_001,35.92,1002.63,91.01,0,0.1187,NORMAL,None,[],0.2239,0.1461,0.1482,0,normal
2024-07-27 15:40:00,AWS_Chennai_001,36.01,1002.52,90.39,0,0.1074,NORMAL,None,[],0.2102,0.1003,0.1465,0,normal
2024-07-27 15:50:00,AWS_Chennai_001,35.95,1002.59,87.85,0,0.1016,NORMAL,None,[],0.2189,0.0453,0.1459,0,normal
2024-07-27 16:00:00,AWS_Chennai_001,35.73,1002.45,87.22,0,0.1054,NORMAL,None,[],0.2134,0.0887,0.1404,0,normal
2024-07-27 16:10:00,AWS_Chennai_001,35.38,1002.4,86.05,0,0.123,NORMAL,None,[],0.2032,0.2037,0.1577,0,normal
2024-07-27 16:20:00,AWS_Chennai_001,35.17,1002.41,88.24,0,0.1076,NORMAL,None,[],0.1727,0.1943,0.1335,0,normal
2024-07-27 16:30:00,AWS_Chennai_001,34.58,1002.43,85.87,0,0.1421,NORMAL,None,[],0.2068,0.3316,0.1517,0,normal
2024-07-27 16:40:00,AWS_Chennai_001,34.19,1002.18,86.65,0,0.1465,NORMAL,None,[],0.1906,0.4031,0.1442,0,normal
2024-07-27 16:50:00,AWS_Chennai_001,33.89,1002.12,86.16,0,0.1354,NORMAL,None,[],0.1559,0.3925,0.1488,0,normal
2024-07-27 17:00:00,AWS_Chennai_001,33.29,1002.14,86.64,0,0.1255,NORMAL,None,[],0.1501,0.3574,0.1345,0,normal
2024-07-27 17:10:00,AWS_Chennai_001,32.85,1002.17,88.18,0,0.1063,NORMAL,None,[],0.1284,0.2769,0.1314,0,normal
2024-07-27 17:20:00,AWS_Chennai_001,32.7,1002.14,86.6,0,0.1049,NORMAL,None,[],0.1103,0.3026,0.1322,0,normal
2024-07-27 17:30:00,AWS_Chennai_001,32.73,1002.04,85.01,0,0.1009,NORMAL,None,[],0.0684,0.3433,0.1443,0,normal
2024-07-27 17:40:00,AWS_Chennai_001,32.48,1001.99,86.76,0,0.0881,NORMAL,None,[],0.0668,0.2814,0.1292,0,normal
2024-07-27 17:50:00,AWS_Chennai_001,32.45,1001.74,86.78,0,0.0898,NORMAL,None,[],0.06,0.3049,0.1305,0,normal
2024-07-27 18:00:00,AWS_Chennai_001,32.61,1001.78,87.42,0,0.0811,NORMAL,None,[],0.0708,0.229,0.1277,0,normal
2024-07-27 18:10:00,AWS_Chennai_001,32.31,1001.64,90.37,0,0.1039,NORMAL,None,[],0.094,0.3353,0.1272,0,normal
2024-07-27 18:20:00,AWS_Chennai_001,32.09,1001.65,90.68,0,0.0956,NORMAL,None,[],0.0666,0.3365,0.1257,0,normal
2024-07-27 18:30:00,AWS_Chennai_001,31.9,1001.49,91.27,0,0.1083,NORMAL,None,[],0.0904,0.373,0.126,0,normal
2024-07-27 18:40:00,AWS_Chennai_001,31.47,1001.13,90.82,0,0.1178,NORMAL,None,[],0.1108,0.3976,0.1245,0,normal
2024-07-27 18:50:00,AWS_Chennai_001,30.86,1001.03,91.74,0,0.1337,NORMAL,None,[],0.1552,0.4149,0.1243,0,normal
2024-07-27 19:00:00,AWS_Chennai_001,30.38,1001.01,89.89,0,0.1158,NORMAL,None,[],0.1362,0.3336,0.1245,0,normal
2024-07-27 19:10:00,AWS_Chennai_001,30.41,1001.24,91.38,0,0.1097,NORMAL,None,[],0.1265,0.3105,0.1257,0,normal
2024-07-27 19:20:00,AWS_Chennai_001,30.6,1001.17,93.35,0,0.1093,NORMAL,None,[],0.1146,0.3319,0.1254,0,normal
2024-07-27 19:30:00,AWS_Chennai_001,30.8,1001.14,92.63,0,0.0917,NORMAL,None,[],0.0836,0.2747,0.1273,0,normal
2024-07-27 19:40:00,AWS_Chennai_001,30.28,1001.14,89.0,0,0.0931,NORMAL,None,[],0.1311,0.1904,0.1261,0,normal
2024-07-27 19:50:00,AWS_Chennai_001,30.55,1001.22,89.9,0,0.089,NORMAL,None,[],0.1333,0.1575,0.1267,0,normal
2024-07-27 20:00:00,AWS_Chennai_001,30.79,1001.34,88.37,0,0.0822,NORMAL,None,[],0.1262,0.1245,0.1285,0,normal
2024-07-27 20:10:00,AWS_Chennai_001,30.34,1001.38,90.11,0,0.0784,NORMAL,None,[],0.118,0.1184,0.1263,0,normal
2024-07-27 20:20:00,AWS_Chennai_001,30.17,1001.31,88.32,0,0.0869,NORMAL,None,[],0.1255,0.1565,0.1291,0,normal
2024-07-27 20:30:00,AWS_Chennai_001,29.51,1001.17,88.09,0,0.1052,NORMAL,None,[],0.1382,0.2409,0.1377,0,normal
2024-07-27 20:40:00,AWS_Chennai_001,29.26,1000.86,89.26,0,0.0934,NORMAL,None,[],0.0861,0.2789,0.1289,0,normal
2024-07-27 20:50:00,AWS_Chennai_001,29.66,1001.04,91.04,0,0.0868,NORMAL,None,[],0.1074,0.1925,0.1285,0,normal
2024-07-27 21:00:00,AWS_Chennai_001,29.45,1001.11,92.81,0,0.0915,NORMAL,None,[],0.0924,0.2468,0.1337,1,drift_humidity
2024-07-27 21:10:00,AWS_Chennai_001,28.65,1001.24,93.18,0,0.1002,NORMAL,None,[],0.1123,0.2711,0.1293,1,drift_humidity
2024-07-27 21:20:00,AWS_Chennai_001,28.44,1001.04,92.56,0,0.0937,NORMAL,None,[],0.0834,0.2849,0.1296,1,drift_humidity
2024-07-27 21:30:00,AWS_Chennai_001,28.39,1001.03,91.99,0,0.0799,NORMAL,None,[],0.053,0.2487,0.1333,1,drift_humidity
2024-07-27 21:40:00,AWS_Chennai_001,28.33,1000.98,90.91,0,0.073,NORMAL,None,[],0.0498,0.2129,0.1304,1,drift_humidity
2024-07-27 21:50:00,AWS_Chennai_001,28.85,1000.9,93.65,0,0.1034,NORMAL,None,[],0.1098,0.297,0.1294,1,drift_humidity
2024-07-27 22:00:00,AWS_Chennai_001,28.29,1001.01,95.05,0,0.1035,NORMAL,None,[],0.1066,0.3017,0.1314,1,drift_humidity
2024-07-27 22:10:00,AWS_Chennai_001,28.5,1001.02,95.92,0,0.1028,NORMAL,None,[],0.1202,0.2677,0.133,1,drift_humidity
2024-07-27 22:20:00,AWS_Chennai_001,28.2,1001.23,94.3,0,0.0855,NORMAL,None,[],0.0813,0.2322,0.1313,1,drift_humidity
2024-07-27 22:30:00,AWS_Chennai_001,27.98,1001.3,96.9,0,0.1116,NORMAL,None,[],0.1145,0.3211,0.1455,1,drift_humidity
2024-07-27 22:40:00,AWS_Chennai_001,27.37,1001.19,98.43,0,0.1181,NORMAL,None,[],0.1345,0.3047,0.1602,1,drift_humidity
2024-07-27 22:50:00,AWS_Chennai_001,27.1,1001.51,98.85,0,0.1389,NORMAL,None,[],0.144,0.4153,0.167,1,drift_humidity
2024-07-27 23:00:00,AWS_Chennai_001,26.54,1001.74,101.2,1,0.517,MEDIUM,Physical Impossibility - Humidity,['out_of_range_humidity'],0.1915,0.4954,0.1762,1,drift_humidity
2024-07-27 23:10:00,AWS_Chennai_001,26.09,1001.69,92.75,0,0.1632,NORMAL,None,[],0.216,0.3237,0.2494,0,normal
2024-07-27 23:20:00,AWS_Chennai_001,26.0,1001.77,95.2,0,0.1449,NORMAL,None,[],0.1499,0.3132,0.265,0,normal
2024-07-27 23:30:00,AWS_Chennai_001,25.44,1001.82,93.3,0,0.155,NORMAL,None,[],0.2012,0.3061,0.2435,0,normal
2024-07-27 23:40:00,AWS_Chennai_001,25.68,1001.8,93.05,0,0.1229,NORMAL,None,[],0.1096,0.2682,0.249,0,normal
2024-07-27 23:50:00,AWS_Chennai_001,25.91,1001.74,94.74,0,0.0919,NORMAL,None,[],0.0693,0.183,0.2183,0,normal
2024-07-28 00:00:00,AWS_Chennai_001,26.05,1001.87,92.17,0,0.1044,NORMAL,None,[],0.1196,0.249,0.1559,0,normal
2024-07-28 00:10:00,AWS_Chennai_001,26.02,1001.69,91.33,0,0.0872,NORMAL,None,[],0.0823,0.2158,0.1508,0,normal
2024-07-28 00:20:00,AWS_Chennai_001,26.04,1001.58,89.6,0,0.0864,NORMAL,None,[],0.0774,0.2117,0.1569,0,normal
2024-07-28 00:30:00,AWS_Chennai_001,25.77,1001.74,91.02,0,0.097,NORMAL,None,[],0.114,0.2098,0.1568,0,normal
2024-07-28 00:40:00,AWS_Chennai_001,25.85,1001.96,93.38,0,0.0881,NORMAL,None,[],0.0962,0.1827,0.159,0,normal
2024-07-28 00:50:00,AWS_Chennai_001,25.26,1001.99,94.34,0,0.0941,NORMAL,None,[],0.117,0.191,0.1517,0,normal
2024-07-28 01:00:00,AWS_Chennai_001,25.47,1002.15,95.28,0,0.0963,NORMAL,None,[],0.115,0.2102,0.1514,0,normal
2024-07-28 01:10:00,AWS_Chennai_001,25.45,1002.15,95.82,0,0.0992,NORMAL,None,[],0.12,0.2148,0.1548,0,normal
2024-07-28 01:20:00,AWS_Chennai_001,24.98,1002.38,96.71,0,0.13,NORMAL,None,[],0.1784,0.3075,0.1517,0,normal
2024-07-28 01:30:00,AWS_Chennai_001,25.16,1002.59,96.22,0,0.1231,NORMAL,None,[],0.1645,0.2971,0.146,0,normal
2024-07-28 01:40:00,AWS_Chennai_001,25.43,1002.59,94.35,0,0.1171,NORMAL,None,[],0.1796,0.2058,0.1617,0,normal
2024-07-28 01:50:00,AWS_Chennai_001,25.33,1002.61,92.38,0,0.1228,NORMAL,None,[],0.1875,0.2484,0.1464,0,normal
2024-07-28 02:00:00,AWS_Chennai_001,25.63,1002.46,95.24,0,0.0998,NORMAL,None,[],0.1705,0.1509,0.1301,0,normal
2024-07-28 02:10:00,AWS_Chennai_001,25.52,1002.46,94.48,0,0.1056,NORMAL,None,[],0.1975,0.1268,0.1366,0,normal
2024-07-28 02:20:00,AWS_Chennai_001,25.8,1002.66,97.39,0,0.147,NORMAL,None,[],0.2628,0.2768,0.1332,0,normal
2024-07-28 02:30:00,AWS_Chennai_001,25.41,1002.71,97.89,0,0.1334,NORMAL,None,[],0.2178,0.2671,0.1399,0,normal
2024-07-28 02:40:00,AWS_Chennai_001,25.44,1002.59,97.42,0,0.1201,NORMAL,None,[],0.2101,0.1981,0.1365,0,normal
2024-07-28 02:50:00,AWS_Chennai_001,25.26,1002.63,96.41,0,0.1167,NORMAL,None,[],0.1992,0.1965,0.1375,0,normal
2024-07-28 03:00:00,AWS_Chennai_001,25.14,1002.79,93.7,0,0.1216,NORMAL,None,[],0.2151,0.2074,0.1301,0,normal
2024-07-28 03:10:00,AWS_Chennai_001,24.94,1002.92,92.69,0,0.124,NORMAL,None,[],0.1822,0.2937,0.1262,0,normal
2024-07-28 03:20:00,AWS_Chennai_001,24.8,1002.97,93.21,0,0.1285,NORMAL,None,[],0.1862,0.3172,0.1252,0,normal
2024-07-28 03:30:00,AWS_Chennai_001,24.88,1002.98,92.99,0,0.1159,NORMAL,None,[],0.1532,0.3011,0.1239,0,normal
2024-07-28 03:40:00,AWS_Chennai_001,25.08,1002.87,93.46,0,0.0932,NORMAL,None,[],0.1307,0.1938,0.1244,0,normal
2024-07-28 03:50:00,AWS_Chennai_001,25.11,1003.09,91.66,0,0.1183,NORMAL,None,[],0.166,0.2903,0.125,0,normal
2024-07-28 04:00:00,AWS_Chennai_001,24.88,1002.85,93.22,0,0.1086,NORMAL,None,[],0.1767,0.202,0.1263,0,normal
2024-07-28 04:10:00,AWS_Chennai_001,25.08,1002.63,92.4,0,0.0861,NORMAL,None,[],0.1348,0.1447,0.1197,0,normal
2024-07-28 04:20:00,AWS_Chennai_001,25.52,1002.82,91.64,0,0.1048,NORMAL,None,[],0.1632,0.202,0.1276,0,normal
2024-07-28 04:30:00,AWS_Chennai_001,25.32,1002.96,91.86,0,0.0967,NORMAL,None,[],0.1535,0.1765,0.121,0,normal
2024-07-28 04:40:00,AWS_Chennai_001,25.24,1002.91,92.0,0,0.0794,NORMAL,None,[],0.121,0.1223,0.1237,0,normal
2024-07-28 04:50:00,AWS_Chennai_001,24.86,1002.68,90.95,0,0.0928,NORMAL,None,[],0.1175,0.2266,0.1176,0,normal
2024-07-28 05:00:00,AWS_Chennai_001,24.86,1002.56,91.03,0,0.1211,NORMAL,None,[],0.1989,0.2602,0.112,0,normal
2024-07-28 05:10:00,AWS_Chennai_001,25.17,1002.72,90.99,0,0.0972,NORMAL,None,[],0.2032,0.1172,0.0934,0,normal
2024-07-28 05:20:00,AWS_Chennai_001,24.95,1002.62,90.77,0,0.1113,NORMAL,None,[],0.1911,0.2113,0.1116,0,normal
2024-07-28 05:30:00,AWS_Chennai_001,25.08,1002.55,90.98,0,0.1018,NORMAL,None,[],0.1851,0.1743,0.1007,0,normal
2024-07-28 05:40:00,AWS_Chennai_001,25.34,1002.49,93.57,0,0.1259,NORMAL,None,[],0.2023,0.2771,0.1181,0,normal
2024-07-28 05:50:00,AWS_Chennai_001,25.21,1002.39,92.21,0,0.1083,NORMAL,None,[],0.186,0.1926,0.1179,0,normal
2024-07-28 06:00:00,AWS_Chennai_001,25.67,1002.09,92.36,0,0.1308,NORMAL,None,[],0.1678,0.3784,0.1187,0,normal
2024-07-28 06:10:00,AWS_Chennai_001,25.57,1001.96,93.65,0,0.1248,NORMAL,None,[],0.1351,0.4043,0.118,0,normal
2024-07-28 06:20:00,AWS_Chennai_001,25.88,1002.02,93.06,0,0.1192,NORMAL,None,[],0.1315,0.3696,0.1215,0,normal
2024-07-28 06:30:00,AWS_Chennai_001,26.42,1002.28,92.41,0,0.1201,NORMAL,None,[],0.1565,0.2982,0.1419,0,normal
2024-07-28 06:40:00,AWS_Chennai_001,27.04,1002.1,88.99,0,0.1669,NORMAL,None,[],0.206,0.4927,0.156,0,normal
2024-07-28 06:50:00,AWS_Chennai_001,27.3,1002.07,90.38,0,0.128,NORMAL,None,[],0.1405,0.3636,0.1564,0,normal
2024-07-28 07:00:00,AWS_Chennai_001,27.8,1001.94,89.0,0,0.1403,NORMAL,None,[],0.1464,0.4303,0.159,0,normal
2024-07-28 07:10:00,AWS_Chennai_001,28.52,1002.06,89.36,0,0.1318,NORMAL,None,[],0.1538,0.361,0.1574,0,normal
2024-07-28 07:20:00,AWS_Chennai_001,28.83,1001.91,88.0,0,0.1325,NORMAL,None,[],0.133,0.4007,0.1627,0,normal
2024-07-28 07:30:00,AWS_Chennai_001,28.61,1001.76,86.14,0,0.1355,NORMAL,None,[],0.1386,0.4162,0.1573,0,normal
2024-07-28 07:40:00,AWS_Chennai_001,29.09,1001.75,86.32,0,0.1217,NORMAL,None,[],0.1155,0.3763,0.1529,0,normal
2024-07-28 07:50:00,AWS_Chennai_001,29.29,1001.8,86.05,0,0.1075,NORMAL,None,[],0.0894,0.3335,0.1532,0,normal
2024-07-28 08:00:00,AWS_Chennai_001,29.29,1001.67,86.94,0,0.1118,NORMAL,None,[],0.1194,0.2994,0.1551,0,normal
2024-07-28 08:10:00,AWS_Chennai_001,30.33,1001.67,87.8,0,0.132,NORMAL,None,[],0.1981,0.2862,0.1483,0,normal
2024-07-28 08:20:00,AWS_Chennai_001,30.4,1001.43,86.47,0,0.1457,NORMAL,None,[],0.2094,0.343,0.1573,0,normal
2024-07-28 08:30:00,AWS_Chennai_001,30.93,1001.52,85.93,0,0.1503,NORMAL,None,[],0.2329,0.3195,0.1627,0,normal
2024-07-28 08:40:00,AWS_Chennai_001,31.05,1001.29,85.23,0,0.1501,NORMAL,None,[],0.2226,0.3579,0.1481,0,normal
2024-07-28 08:50:00,AWS_Chennai_001,30.92,1001.13,85.4,0,0.1404,NORMAL,None,[],0.1939,0.3412,0.1553,0,normal
2024-07-28 09:00:00,AWS_Chennai_001,31.42,1001.16,85.85,0,0.131,NORMAL,None,[],0.1825,0.2998,0.1567,0,normal
2024-07-28 09:10:00,AWS_Chennai_001,32.08,1001.25,86.54,0,0.1196,NORMAL,None,[],0.1598,0.2562,0.1661,0,normal
2024-07-28 09:20:00,AWS_Chennai_001,32.25,1001.05,83.51,0,0.1395,NORMAL,None,[],0.1786,0.3655,0.1556,0,normal
2024-07-28 09:30:00,AWS_Chennai_001,32.91,1001.22,84.08,0,0.1318,NORMAL,None,[],0.1788,0.3178,0.1522,0,normal
2024-07-28 09:40:00,AWS_Chennai_001,33.46,1001.29,84.62,0,0.1284,NORMAL,None,[],0.1868,0.2708,0.1585,0,normal
2024-07-28 09:50:00,AWS_Chennai_001,33.09,1001.11,83.31,0,0.1324,NORMAL,None,[],0.1807,0.3209,0.1502,0,normal
2024-07-28 10:00:00,AWS_Chennai_001,33.37,1001.07,82.78,0,0.1112,NORMAL,None,[],0.1076,0.3275,0.149,0,normal
2024-07-28 10:10:00,AWS_Chennai_001,33.91,1001.19,82.95,0,0.1225,NORMAL,None,[],0.1581,0.2879,0.1594,0,normal
2024-07-28 10:20:00,AWS_Chennai_001,33.65,1001.47,81.45,0,0.1215,NORMAL,None,[],0.1659,0.2775,0.1504,0,normal
2024-07-28 10:30:00,AWS_Chennai_001,34.08,1001.71,79.47,0,0.1293,NORMAL,None,[],0.1406,0.3814,0.1494,0,normal
2024-07-28 10:40:00,AWS_Chennai_001,34.11,1001.76,78.53,0,0.1406,NORMAL,None,[],0.1763,0.3732,0.1587,0,normal
2024-07-28 10:50:00,AWS_Chennai_001,34.38,1001.61,79.67,0,0.1066,NORMAL,None,[],0.1031,0.2888,0.1619,0,normal
2024-07-28 11:00:00,AWS_Chennai_001,34.13,1001.52,78.49,0,0.0979,NORMAL,None,[],0.0817,0.2596,0.1722,0,normal
2024-07-28 11:10:00,AWS_Chennai_001,33.83,1001.44,79.35,0,0.0776,NORMAL,None,[],0.0605,0.1856,0.1579,0,normal
2024-07-28 11:20:00,AWS_Chennai_001,33.97,1001.54,77.43,0,0.0949,NORMAL,None,[],0.0785,0.2489,0.1698,0,normal
2024-07-28 11:30:00,AWS_Chennai_001,34.46,1001.85,75.93,0,0.1228,NORMAL,None,[],0.1158,0.3633,0.1678,0,normal
2024-07-28 11:40:00,AWS_Chennai_001,34.39,1002.0,76.09,0,0.1193,NORMAL,None,[],0.1088,0.3405,0.1779,0,normal
2024-07-28 11:50:00,AWS_Chennai_001,34.38,1002.15,74.03,0,0.1237,NORMAL,None,[],0.1125,0.3611,0.179,0,normal
2024-07-28 12:00:00,AWS_Chennai_001,34.78,1001.95,75.32,0,0.117,NORMAL,None,[],0.1292,0.2988,0.1673,0,normal
2024-07-28 12:10:00,AWS_Chennai_001,35.13,1001.93,75.41,0,0.1079,NORMAL,None,[],0.0904,0.3019,0.1776,0,normal
2024-07-28 12:20:00,AWS_Chennai_001,34.81,1002.34,75.18,0,0.1227,NORMAL,None,[],0.13,0.3245,0.175,0,normal
2024-07-28 12:30:00,AWS_Chennai_001,34.56,1002.31,75.13,0,0.0988,NORMAL,None,[],0.089,0.2566,0.1683,0,normal
2024-07-28 12:40:00,AWS_Chennai_001,34.81,1002.42,75.72,0,0.102,NORMAL,None,[],0.0933,0.2643,0.1719,0,normal
2024-07-28 12:50:00,AWS_Chennai_001,35.04,1002.48,76.01,0,0.1035,NORMAL,None,[],0.0816,0.274,0.1895,0,normal
2024-07-28 13:00:00,AWS_Chennai_001,34.51,1002.67,74.77,0,0.1013,NORMAL,None,[],0.1083,0.231,0.1707,0,normal
2024-07-28 13:10:00,AWS_Chennai_001,34.6,1002.81,73.57,0,0.0965,NORMAL,None,[],0.0882,0.2786,0.1414,0,normal
2024-07-28 13:20:00,AWS_Chennai_001,34.43,1002.63,72.21,0,0.0913,NORMAL,None,[],0.0931,0.2443,0.1335,0,normal
2024-07-28 13:30:00,AWS_Chennai_001,35.19,1002.92,74.92,0,0.124,NORMAL,None,[],0.1763,0.293,0.136,0,normal
2024-07-28 13:40:00,AWS_Chennai_001,35.11,1003.06,74.82,0,0.1036,NORMAL,None,[],0.1241,0.2627,0.1346,0,normal
2024-07-28 13:50:00,AWS_Chennai_001,35.22,1003.07,74.46,0,0.0971,NORMAL,None,[],0.101,0.2628,0.1368,0,normal
2024-07-28 14:00:00,AWS_Chennai_001,35.07,1003.36,74.76,0,0.1058,NORMAL,None,[],0.1432,0.2294,0.1424,0,normal
2024-07-28 14:10:00,AWS_Chennai_001,35.01,1003.33,76.37,0,0.098,NORMAL,None,[],0.1122,0.2522,0.1323,0,normal
2024-07-28 14:20:00,AWS_Chennai_001,34.98,1003.07,76.07,0,0.0956,NORMAL,None,[],0.1383,0.1919,0.1268,0,normal
2024-07-28 14:30:00,AWS_Chennai_001,35.39,1003.18,74.39,0,0.1101,NORMAL,None,[],0.1582,0.2492,0.1265,0,normal
2024-07-28 14:40:00,AWS_Chennai_001,35.12,1003.47,74.12,0,0.1109,NORMAL,None,[],0.1711,0.2228,0.1305,0,normal
2024-07-28 14:50:00,AWS_Chennai_001,34.88,1003.47,76.32,0,0.1026,NORMAL,None,[],0.1531,0.2096,0.126,0,normal
2024-07-28 15:00:00,AWS_Chennai_001,34.56,1003.49,77.14,0,0.1173,NORMAL,None,[],0.1444,0.3212,0.1288,0,normal
2024-07-28 15:10:00,AWS_Chennai_001,34.25,1003.51,78.4,0,0.136,NORMAL,None,[],0.1635,0.4057,0.1302,0,normal
2024-07-28 15:20:00,AWS_Chennai_001,33.67,1003.44,78.51,0,0.1462,NORMAL,None,[],0.1876,0.4153,0.1379,0,normal
2024-07-28 15:30:00,AWS_Chennai_001,33.54,1003.4,77.14,0,0.1289,NORMAL,None,[],0.1614,0.3061,0.1731,0,normal
2024-07-28 15:40:00,AWS_Chennai_001,33.61,1005.17,78.09,1,0.3175,LOW,Pattern-Based Anomaly (Learned),[],0.2814,0.4843,0.8019,1,noise_burst_pressure
2024-07-28 15:50:00,AWS_Chennai_001,33.21,988.77,77.89,1,0.6694,HIGH,Spike / Transient Fault - Pressure,['spike_pressure'],0.4208,0.5309,0.5674,1,noise_burst_pressure
2024-07-28 16:00:00,AWS_Chennai_001,32.72,1003.05,76.75,0,0.2277,NORMAL,None,[],0.3265,0.2099,0.4912,1,noise_burst_pressure
2024-07-28 16:10:00,AWS_Chennai_001,32.02,996.29,75.69,1,0.2927,LOW,None,[],0.4118,0.3028,0.6185,1,noise_burst_pressure
2024-07-28 16:20:00,AWS_Chennai_001,32.56,1004.34,76.52,1,0.2668,LOW,None,[],0.3731,0.1709,0.646,1,noise_burst_pressure
2024-07-28 16:30:00,AWS_Chennai_001,32.48,999.85,76.22,0,0.2196,NORMAL,None,[],0.3079,0.1541,0.5205,1,noise_burst_pressure
2024-07-28 16:40:00,AWS_Chennai_001,32.66,1014.4,76.5,1,0.3484,LOW,Pattern-Based Anomaly (Learned),[],0.4074,0.269,0.9294,1,noise_burst_pressure
2024-07-28 16:50:00,AWS_Chennai_001,32.73,1007.97,76.38,1,0.2803,LOW,Pattern-Based Anomaly (Learned),[],0.377,0.1535,0.7209,1,noise_burst_pressure
2024-07-28 17:00:00,AWS_Chennai_001,32.42,1006.13,78.36,1,0.2741,LOW,None,[],0.3656,0.2236,0.6546,1,noise_burst_pressure
2024-07-28 17:10:00,AWS_Chennai_001,32.3,1002.99,83.42,1,0.2579,LOW,None,[],0.4039,0.3151,0.4472,0,normal
2024-07-28 17:20:00,AWS_Chennai_001,32.59,1002.92,82.05,0,0.2145,NORMAL,None,[],0.3593,0.2057,0.3795,0,normal
2024-07-28 17:30:00,AWS_Chennai_001,32.17,1002.88,81.48,0,0.2012,NORMAL,None,[],0.2773,0.1961,0.4426,0,normal
2024-07-28 17:40:00,AWS_Chennai_001,32.28,1002.82,82.05,0,0.1789,NORMAL,None,[],0.2555,0.1869,0.3712,0,normal
2024-07-28 17:50:00,AWS_Chennai_001,32.35,1002.48,80.9,0,0.176,NORMAL,None,[],0.2388,0.1359,0.4198,0,normal
2024-07-28 18:00:00,AWS_Chennai_001,32.13,1002.33,80.37,0,0.1144,NORMAL,None,[],0.2033,0.1343,0.1664,0,normal
2024-07-28 18:10:00,AWS_Chennai_001,31.31,1002.32,81.7,0,0.1265,NORMAL,None,[],0.2037,0.2497,0.1397,0,normal
2024-07-28 18:20:00,AWS_Chennai_001,30.82,1002.11,84.37,0,0.157,NORMAL,None,[],0.2467,0.3239,0.1719,0,normal
2024-07-28 18:30:00,AWS_Chennai_001,29.81,1001.98,82.59,0,0.1683,NORMAL,None,[],0.2865,0.2982,0.188,0,normal
2024-07-28 18:40:00,AWS_Chennai_001,29.16,1001.83,84.82,0,0.1937,NORMAL,None,[],0.3362,0.3257,0.2203,0,normal
2024-07-28 18:50:00,AWS_Chennai_001,28.63,1001.7,84.81,0,0.1826,NORMAL,None,[],0.2622,0.3144,0.284,0,normal
2024-07-28 19:00:00,AWS_Chennai_001,28.23,1001.56,86.14,0,0.1787,NORMAL,None,[],0.2796,0.3098,0.2415,0,normal
2024-07-28 19:10:00,AWS_Chennai_001,27.98,1001.49,89.29,0,0.1901,NORMAL,None,[],0.3211,0.3421,0.212,0,normal
2024-07-28 19:20:00,AWS_Chennai_001,28.4,1001.29,90.7,0,0.1804,NORMAL,None,[],0.3033,0.3057,0.2179,0,normal
2024-07-28 19:30:00,AWS_Chennai_001,28.07,1001.57,93.17,0,0.1955,NORMAL,None,[],0.3511,0.3111,0.2175,0,normal
2024-07-28 19:40:00,AWS_Chennai_001,27.41,1001.68,92.57,0,0.1681,NORMAL,None,[],0.2682,0.2917,0.2192,0,normal
2024-07-28 19:50:00,AWS_Chennai_001,27.79,1001.74,95.28,0,0.1762,NORMAL,None,[],0.3,0.281,0.2204,0,normal
2024-07-28 20:00:00,AWS_Chennai_001,27.56,1001.69,96.16,0,0.1496,NORMAL,None,[],0.2295,0.2808,0.1933,0,normal
2024-07-28 20:10:00,AWS_Chennai_001,27.05,1001.7,96.86,0,0.1419,NORMAL,None,[],0.2122,0.2675,0.1904,0,normal
2024-07-28 20:20:00,AWS_Chennai_001,26.74,1001.24,96.98,0,0.16,NORMAL,None,[],0.2528,0.3116,0.1871,0,normal
2024-07-28 20:30:00,AWS_Chennai_001,26.98,1001.26,96.79,0,0.1422,NORMAL,None,[],0.2051,0.2708,0.2,0,normal
2024-07-28 20:40:00,AWS_Chennai_001,26.9,1001.33,95.5,0,0.133,NORMAL,None,[],0.1968,0.229,0.198,0,normal
2024-07-28 20:50:00,AWS_Chennai_001,26.55,1001.31,97.64,0,0.1394,NORMAL,None,[],0.2039,0.2528,0.2019,0,normal
2024-07-28 21:00:00,AWS_Chennai_001,26.29,1001.19,100.0,0,0.152,NORMAL,None,[],0.2213,0.2991,0.2039,0,normal
2024-07-28 21:10:00,AWS_Chennai_001,26.37,1000.95,100.0,0,0.2072,NORMAL,None,[],0.3161,0.3289,0.3153,0,normal
2024-07-28 21:20:00,AWS_Chennai_001,26.35,1001.1,97.74,0,0.1896,NORMAL,None,[],0.2889,0.25,0.3274,0,normal
2024-07-28 21:30:00,AWS_Chennai_001,26.14,1001.37,97.91,0,0.1736,NORMAL,None,[],0.2803,0.1806,0.3121,0,normal
2024-07-28 21:40:00,AWS_Chennai_001,25.9,1001.59,98.18,0,0.1784,NORMAL,None,[],0.2858,0.2188,0.2991,0,normal
2024-07-28 21:50:00,AWS_Chennai_001,25.12,1001.63,97.4,0,0.1746,NORMAL,None,[],0.2946,0.2572,0.238,0,normal
2024-07-28 22:00:00,AWS_Chennai_001,25.44,1001.82,99.08,0,0.1822,NORMAL,None,[],0.3066,0.2976,0.2277,0,normal
2024-07-28 22:10:00,AWS_Chennai_001,25.75,1001.94,99.87,0,0.1607,NORMAL,None,[],0.2525,0.2959,0.2028,0,normal
2024-07-28 22:20:00,AWS_Chennai_001,25.46,1002.0,98.64,0,0.1466,NORMAL,None,[],0.2469,0.2688,0.1608,0,normal
2024-07-28 22:30:00,AWS_Chennai_001,26.19,1001.94,96.45,0,0.1282,NORMAL,None,[],0.2296,0.1595,0.1768,0,normal
2024-07-28 22:40:00,AWS_Chennai_001,25.56,1001.78,94.82,0,0.1499,NORMAL,None,[],0.2633,0.2617,0.1581,0,normal
2024-07-28 22:50:00,AWS_Chennai_001,25.42,1001.73,94.09,0,0.1405,NORMAL,None,[],0.2193,0.2787,0.1646,0,normal
2024-07-28 23:00:00,AWS_Chennai_001,25.51,1001.74,93.99,0,0.128,NORMAL,None,[],0.1898,0.2518,0.1663,0,normal
2024-07-28 23:10:00,AWS_Chennai_001,25.83,1001.7,93.67,0,0.1237,NORMAL,None,[],0.1965,0.1899,0.1815,0,normal
2024-07-28 23:20:00,AWS_Chennai_001,25.59,1001.95,94.14,0,0.1324,NORMAL,None,[],0.2144,0.2345,0.1646,0,normal
2024-07-28 23:30:00,AWS_Chennai_001,25.66,1001.82,94.57,0,0.1272,NORMAL,None,[],0.2256,0.1614,0.1763,0,normal
2024-07-28 23:40:00,AWS_Chennai_001,25.96,1001.71,93.65,0,0.126,NORMAL,None,[],0.2248,0.1401,0.1875,0,normal
2024-07-28 23:50:00,AWS_Chennai_001,25.59,1001.58,92.92,0,0.1252,NORMAL,None,[],0.222,0.1601,0.173,0,normal
2024-07-29 00:00:00,AWS_Chennai_001,25.75,1001.59,96.09,0,0.1048,NORMAL,None,[],0.2327,0.0266,0.1553,0,normal
2024-07-29 00:10:00,AWS_Chennai_001,25.55,1001.73,95.42,0,0.0881,NORMAL,None,[],0.1797,0.067,0.1207,0,normal
2024-07-29 00:20:00,AWS_Chennai_001,25.39,1001.56,95.3,0,0.1002,NORMAL,None,[],0.1692,0.1705,0.1195,0,normal
2024-07-29 00:30:00,AWS_Chennai_001,25.6,1001.74,95.64,0,0.0904,NORMAL,None,[],0.2084,0.0195,0.1246,0,normal
2024-07-29 00:40:00,AWS_Chennai_001,25.87,1001.79,96.13,0,0.0951,NORMAL,None,[],0.183,0.107,0.1205,0,normal
2024-07-29 00:50:00,AWS_Chennai_001,25.67,1001.94,97.0,0,0.1048,NORMAL,None,[],0.1906,0.1449,0.1294,0,normal
2024-07-29 01:00:00,AWS_Chennai_001,25.74,1002.22,99.28,0,0.154,NORMAL,None,[],0.2593,0.3429,0.1238,0,normal
2024-07-29 01:10:00,AWS_Chennai_001,25.39,1002.41,98.0,0,0.1605,NORMAL,None,[],0.2571,0.3884,0.1258,0,normal
2024-07-29 01:20:00,AWS_Chennai_001,25.23,1002.26,97.87,0,0.1394,NORMAL,None,[],0.2016,0.362,0.123,0,normal
2024-07-29 01:30:00,AWS_Chennai_001,24.82,1002.57,98.57,0,0.1698,NORMAL,None,[],0.2371,0.5019,0.1169,0,normal
2024-07-29 01:40:00,AWS_Chennai_001,24.96,1002.53,100.0,0,0.151,NORMAL,None,[],0.2094,0.4217,0.1248,0,normal
2024-07-29 01:50:00,AWS_Chennai_001,24.67,1002.49,98.37,0,0.1271,NORMAL,None,[],0.1666,0.3563,0.1185,0,normal
2024-07-29 02:00:00,AWS_Chennai_001,24.55,1002.4,97.7,0,0.1105,NORMAL,None,[],0.1428,0.2848,0.1245,0,normal
2024-07-29 02:10:00,AWS_Chennai_001,24.5,1002.56,99.72,0,0.1331,NORMAL,None,[],0.189,0.344,0.124,0,normal
2024-07-29 02:20:00,AWS_Chennai_001,24.48,1002.84,100.0,0,0.1433,NORMAL,None,[],0.2218,0.3542,0.1182,0,normal
2024-07-29 02:30:00,AWS_Chennai_001,24.63,1003.0,100.0,0,0.1607,NORMAL,None,[],0.2996,0.3126,0.1195,0,normal
2024-07-29 02:40:00,AWS_Chennai_001,24.41,1003.22,100.0,0,0.1754,NORMAL,None,[],0.3345,0.331,0.1268,0,normal
2024-07-29 02:50:00,AWS_Chennai_001,24.62,1003.3,100.0,0,0.1734,NORMAL,None,[],0.3452,0.2815,0.1382,0,normal
2024-07-29 03:00:00,AWS_Chennai_001,24.89,1003.39,100.0,0,0.1844,NORMAL,None,[],0.3728,0.2234,0.1951,0,normal
2024-07-29 03:10:00,AWS_Chennai_001,24.71,1003.18,97.28,0,0.1439,NORMAL,None,[],0.3397,0.1835,0.0724,0,normal
2024-07-29 03:20:00,AWS_Chennai_001,24.46,1003.18,96.71,0,0.1589,NORMAL,None,[],0.3621,0.2424,0.0694,0,normal
2024-07-29 03:30:00,AWS_Chennai_001,24.3,1003.31,93.72,0,0.1961,NORMAL,None,[],0.4184,0.3759,0.0711,0,normal
2024-07-29 03:40:00,AWS_Chennai_001,23.63,1003.35,95.72,0,0.1898,NORMAL,None,[],0.3964,0.3633,0.0818,0,normal
2024-07-29 03:50:00,AWS_Chennai_001,23.88,1003.31,96.09,0,0.1642,NORMAL,None,[],0.343,0.283,0.0943,0,normal
2024-07-29 04:00:00,AWS_Chennai_001,24.15,1003.26,94.78,0,0.1387,NORMAL,None,[],0.2676,0.2563,0.1001,0,normal
2024-07-29 04:10:00,AWS_Chennai_001,24.46,1002.94,95.18,0,0.1176,NORMAL,None,[],0.2774,0.1085,0.0905,0,normal
2024-07-29 04:20:00,AWS_Chennai_001,24.57,1002.83,96.32,0,0.1047,NORMAL,None,[],0.2307,0.1029,0.1001,0,normal
2024-07-29 04:30:00,AWS_Chennai_001,24.72,1002.66,93.18,0,0.1425,NORMAL,None,[],0.2708,0.2604,0.111,0,normal
2024-07-29 04:40:00,AWS_Chennai_001,24.59,1002.65,92.87,0,0.1221,NORMAL,None,[],0.2087,0.2331,0.1224,0,normal
2024-07-29 04:50:00,AWS_Chennai_001,24.81,1002.77,94.16,0,0.1145,NORMAL,None,[],0.1878,0.2153,0.1291,0,normal
2024-07-29 05:00:00,AWS_Chennai_001,24.79,1002.63,95.71,0,0.1109,NORMAL,None,[],0.1873,0.2017,0.1222,0,normal
2024-07-29 05:10:00,AWS_Chennai_001,25.38,1002.66,96.98,0,0.1311,NORMAL,None,[],0.2165,0.272,0.1267,0,normal
2024-07-29 05:20:00,AWS_Chennai_001,25.72,1002.87,100.0,0,0.1567,NORMAL,None,[],0.273,0.3177,0.1357,0,normal
2024-07-29 05:30:00,AWS_Chennai_001,25.78,1002.91,95.79,0,0.1266,NORMAL,None,[],0.2175,0.198,0.1582,0,normal
2024-07-29 05:40:00,AWS_Chennai_001,25.91,1002.92,92.6,0,0.1261,NORMAL,None,[],0.1757,0.2691,0.1653,0,normal
2024-07-29 05:50:00,AWS_Chennai_001,26.58,1002.81,93.86,0,0.1376,NORMAL,None,[],0.197,0.2765,0.1853,0,normal
2024-07-29 06:00:00,AWS_Chennai_001,26.07,1002.54,95.24,0,0.1116,NORMAL,None,[],0.1544,0.2182,0.1628,0,normal
2024-07-29 06:10:00,AWS_Chennai_001,26.32,1002.54,95.47,0,0.1299,NORMAL,None,[],0.2183,0.217,0.1594,0,normal
2024-07-29 06:20:00,AWS_Chennai_001,26.6,1002.8,95.96,0,0.115,NORMAL,None,[],0.197,0.1699,0.1521,0,normal
2024-07-29 06:30:00,AWS_Chennai_001,27.04,1002.52,97.53,0,0.144,NORMAL,None,[],0.2265,0.3072,0.1499,0,normal
2024-07-29 06:40:00,AWS_Chennai_001,27.63,1001.98,97.57,0,0.1697,NORMAL,None,[],0.254,0.4257,0.1482,0,normal
2024-07-29 06:50:00,AWS_Chennai_001,27.85,1001.82,99.59,0,0.1893,NORMAL,None,[],0.2986,0.467,0.1485,0,normal
2024-07-29 07:00:00,AWS_Chennai_001,27.92,1001.83,96.88,0,0.1491,NORMAL,None,[],0.2387,0.3227,0.1455,0,normal
2024-07-29 07:10:00,AWS_Chennai_001,28.11,1001.63,97.8,0,0.1357,NORMAL,None,[],0.1955,0.3451,0.1266,0,normal
2024-07-29 07:20:00,AWS_Chennai_001,28.47,1001.36,97.28,0,0.1365,NORMAL,None,[],0.1953,0.3324,0.1402,0,normal
2024-07-29 07:30:00,AWS_Chennai_001,28.98,1001.17,95.7,0,0.1451,NORMAL,None,[],0.2411,0.3051,0.1351,0,normal
2024-07-29 07:40:00,AWS_Chennai_001,29.14,1001.19,95.46,0,0.1216,NORMAL,None,[],0.1702,0.2875,0.137,0,normal
2024-07-29 07:50:00,AWS_Chennai_001,29.81,1001.06,96.59,0,0.1408,NORMAL,None,[],0.2445,0.2686,0.1359,0,normal
2024-07-29 08:00:00,AWS_Chennai_001,30.18,1001.26,96.99,0,0.1317,NORMAL,None,[],0.2282,0.2477,0.1305,0,normal
2024-07-29 08:10:00,AWS_Chennai_001,30.39,1001.19,97.56,0,0.1285,NORMAL,None,[],0.2101,0.2573,0.1344,0,normal
2024-07-29 08:20:00,AWS_Chennai_001,30.87,1001.33,96.18,0,0.1294,NORMAL,None,[],0.241,0.2029,0.1334,0,normal
2024-07-29 08:30:00,AWS_Chennai_001,30.66,1001.31,96.85,0,0.1169,NORMAL,None,[],0.2041,0.1891,0.1366,0,normal
2024-07-29 08:40:00,AWS_Chennai_001,30.62,1001.27,98.47,0,0.1221,NORMAL,None,[],0.1896,0.2503,0.1382,0,normal
2024-07-29 08:50:00,AWS_Chennai_001,30.5,1001.28,96.69,0,0.1032,NORMAL,None,[],0.1828,0.1438,0.1338,0,normal
2024-07-29 09:00:00,AWS_Chennai_001,30.62,1001.27,97.01,0,0.1078,NORMAL,None,[],0.2049,0.1271,0.1363,0,normal
2024-07-29 09:10:00,AWS_Chennai_001,30.49,1001.29,98.75,0,0.1233,NORMAL,None,[],0.1979,0.2142,0.1591,0,normal
2024-07-29 09:20:00,AWS_Chennai_001,31.27,1001.36,98.05,0,0.125,NORMAL,None,[],0.2398,0.1731,0.1356,0,normal
2024-07-29 09:30:00,AWS_Chennai_001,30.48,1000.94,97.15,0,0.1336,NORMAL,None,[],0.2663,0.1712,0.1403,0,normal
2024-07-29 09:40:00,AWS_Chennai_001,30.58,1000.53,97.14,0,0.1324,NORMAL,None,[],0.2271,0.2449,0.1378,0,normal
2024-07-29 09:50:00,AWS_Chennai_001,31.0,1000.59,95.7,0,0.1389,NORMAL,None,[],0.2069,0.3297,0.137,0,normal
2024-07-29 10:00:00,AWS_Chennai_001,31.06,1000.85,95.85,0,0.1154,NORMAL,None,[],0.174,0.2409,0.1352,0,normal
2024-07-29 10:10:00,AWS_Chennai_001,31.28,1000.78,93.26,0,0.1556,NORMAL,None,[],0.2284,0.3826,0.1486,0,normal
2024-07-29 10:20:00,AWS_Chennai_001,31.67,1000.96,92.65,0,0.1392,NORMAL,None,[],0.1963,0.3384,0.1477,0,normal
2024-07-29 10:30:00,AWS_Chennai_001,31.66,1000.85,91.65,0,0.1432,NORMAL,None,[],0.1923,0.3546,0.1615,0,normal
2024-07-29 10:40:00,AWS_Chennai_001,31.89,1001.03,89.82,0,0.1441,NORMAL,None,[],0.1992,0.335,0.1706,0,normal
2024-07-29 10:50:00,AWS_Chennai_001,32.23,1001.44,90.2,0,0.1498,NORMAL,None,[],0.1837,0.3979,0.175,0,normal
2024-07-29 11:00:00,AWS_Chennai_001,32.21,1001.39,88.41,0,0.1502,NORMAL,None,[],0.2019,0.3668,0.1733,0,normal
2024-07-29 11:10:00,AWS_Chennai_001,32.24,1001.51,88.98,0,0.1296,NORMAL,None,[],0.1486,0.3402,0.1698,0,normal
2024-07-29 11:20:00,AWS_Chennai_001,32.23,1001.82,88.22,0,0.1376,NORMAL,None,[],0.1655,0.371,0.1615,0,normal
2024-07-29 11:30:00,AWS_Chennai_001,33.02,1002.2,85.74,0,0.1745,NORMAL,None,[],0.2203,0.4708,0.1887,0,normal
2024-07-29 11:40:00,AWS_Chennai_001,33.76,1002.09,85.33,0,0.1738,NORMAL,None,[],0.2469,0.4342,0.1731,0,normal
2024-07-29 11:50:00,AWS_Chennai_001,33.65,1002.24,83.98,0,0.1638,NORMAL,None,[],0.2278,0.3997,0.1777,0,normal
2024-07-29 12:00:00,AWS_Chennai_001,33.87,1002.26,82.49,0,0.1552,NORMAL,None,[],0.2124,0.3788,0.1735,0,normal
2024-07-29 12:10:00,AWS_Chennai_001,33.83,1002.61,81.51,0,0.1716,NORMAL,None,[],0.2674,0.3761,0.1751,0,normal
2024-07-29 12:20:00,AWS_Chennai_001,34.3,1002.47,81.52,0,0.1549,NORMAL,None,[],0.2366,0.3419,0.1632,0,normal
2024-07-29 12:30:00,AWS_Chennai_001,34.5,1002.59,80.92,0,0.1372,NORMAL,None,[],0.1828,0.3325,0.1622,0,normal
2024-07-29 12:40:00,AWS_Chennai_001,34.77,1002.76,79.81,0,0.139,NORMAL,None,[],0.185,0.3418,0.1611,0,normal
2024-07-29 12:50:00,AWS_Chennai_001,35.19,1002.69,76.09,0,0.1604,NORMAL,None,[],0.2427,0.3625,0.1662,0,normal
2024-07-29 13:00:00,AWS_Chennai_001,35.72,1002.51,77.24,0,0.1553,NORMAL,None,[],0.2555,0.318,0.1544,0,normal
2024-07-29 13:10:00,AWS_Chennai_001,35.52,1002.5,79.04,0,0.1273,NORMAL,None,[],0.1884,0.2522,0.165,0,normal
2024-07-29 13:20:00,AWS_Chennai_001,35.87,1002.62,78.31,0,0.1301,NORMAL,None,[],0.192,0.2653,0.1637,0,normal
2024-07-29 13:30:00,AWS_Chennai_001,36.53,1002.91,75.94,0,0.1519,NORMAL,None,[],0.2327,0.3359,0.1584,0,normal
2024-07-29 13:40:00,AWS_Chennai_001,36.92,1002.6,76.53,0,0.1404,NORMAL,None,[],0.2266,0.2705,0.1594,0,normal
2024-07-29 13:50:00,AWS_Chennai_001,37.14,1002.43,75.89,0,0.1236,NORMAL,None,[],0.1839,0.2309,0.169,0,normal
2024-07-29 14:00:00,AWS_Chennai_001,36.47,1002.44,78.81,0,0.1109,NORMAL,None,[],0.1865,0.1291,0.1777,0,normal
2024-07-29 14:10:00,AWS_Chennai_001,36.41,1002.43,75.99,0,0.1027,NORMAL,None,[],0.1431,0.1626,0.1767,0,normal
2024-07-29 14:20:00,AWS_Chennai_001,36.59,1002.54,72.77,0,0.1207,NORMAL,None,[],0.1656,0.2287,0.1833,0,normal
2024-07-29 14:30:00,AWS_Chennai_001,36.7,1002.64,71.31,0,0.1392,NORMAL,None,[],0.1993,0.2677,0.1965,0,normal
2024-07-29 14:40:00,AWS_Chennai_001,36.31,1002.42,70.52,0,0.1401,NORMAL,None,[],0.1976,0.2414,0.2229,0,normal
2024-07-29 14:50:00,AWS_Chennai_001,36.21,1002.6,70.3,0,0.1414,NORMAL,None,[],0.2107,0.1861,0.2516,0,normal
2024-07-29 15:00:00,AWS_Chennai_001,35.78,1002.79,70.15,0,0.1255,NORMAL,None,[],0.1756,0.2309,0.1911,0,normal
2024-07-29 15:10:00,AWS_Chennai_001,35.27,1002.89,72.48,0,0.127,NORMAL,None,[],0.1723,0.2595,0.1817,0,normal
2024-07-29 15:20:00,AWS_Chennai_001,35.41,1003.03,75.2,0,0.1345,NORMAL,None,[],0.216,0.2221,0.1818,0,normal
2024-07-29 15:30:00,AWS_Chennai_001,35.13,1003.09,75.35,0,0.1317,NORMAL,None,[],0.1942,0.2513,0.1788,0,normal
2024-07-29 15:40:00,AWS_Chennai_001,35.09,1003.25,75.51,0,0.1287,NORMAL,None,[],0.1634,0.287,0.1833,0,normal
2024-07-29 15:50:00,AWS_Chennai_001,35.23,1003.36,76.88,0,0.1363,NORMAL,None,[],0.1844,0.2978,0.1814,0,normal
2024-07-29 16:00:00,AWS_Chennai_001,35.31,1003.38,76.4,0,0.1258,NORMAL,None,[],0.1719,0.2517,0.1825,0,normal
2024-07-29 16:10:00,AWS_Chennai_001,34.93,1003.31,77.44,0,0.1214,NORMAL,None,[],0.1535,0.2848,0.163,0,normal
2024-07-29 16:20:00,AWS_Chennai_001,35.23,1003.19,77.87,0,0.1098,NORMAL,None,[],0.1426,0.2266,0.1651,0,normal
2024-07-29 16:30:00,AWS_Chennai_001,34.82,1003.08,79.92,0,0.119,NORMAL,None,[],0.1423,0.2672,0.1811,0,normal
2024-07-29 16:40:00,AWS_Chennai_001,34.57,1003.03,82.83,0,0.1417,NORMAL,None,[],0.206,0.2993,0.1752,0,normal
2024-07-29 16:50:00,AWS_Chennai_001,34.03,1003.11,83.85,0,0.1575,NORMAL,None,[],0.2232,0.3342,0.202,0,normal
2024-07-29 17:00:00,AWS_Chennai_001,34.08,1002.95,82.09,0,0.1097,NORMAL,None,[],0.131,0.2286,0.1805,0,normal
2024-07-29 17:10:00,AWS_Chennai_001,34.33,1002.57,82.19,0,0.1184,NORMAL,None,[],0.1362,0.2805,0.1776,0,normal
2024-07-29 17:20:00,AWS_Chennai_001,33.92,1002.58,79.92,0,0.1202,NORMAL,None,[],0.1542,0.2618,0.1732,0,normal
2024-07-29 17:30:00,AWS_Chennai_001,33.3,1002.33,80.89,0,0.14,NORMAL,None,[],0.1693,0.3545,0.1801,0,normal
2024-07-29 17:40:00,AWS_Chennai_001,32.61,1002.02,83.08,0,0.1611,NORMAL,None,[],0.2026,0.4449,0.1681,0,normal
2024-07-29 17:50:00,AWS_Chennai_001,32.68,1002.05,79.77,0,0.1338,NORMAL,None,[],0.178,0.3209,0.1616,0,normal
2024-07-29 18:00:00,AWS_Chennai_001,31.76,1001.81,78.32,0,0.1403,NORMAL,None,[],0.177,0.3413,0.1803,0,normal
2024-07-29 18:10:00,AWS_Chennai_001,31.54,1001.7,79.6,0,0.1136,NORMAL,None,[],0.1329,0.3032,0.1415,0,normal
2024-07-29 18:20:00,AWS_Chennai_001,30.98,1001.31,78.19,0,0.1336,NORMAL,None,[],0.1779,0.3432,0.1437,0,normal
2024-07-29 18:30:00,AWS_Chennai_001,30.75,1001.49,79.96,0,0.0952,NORMAL,None,[],0.1008,0.2619,0.1284,0,normal
2024-07-29 18:40:00,AWS_Chennai_001,30.36,1001.5,80.9,0,0.083,NORMAL,None,[],0.0597,0.2641,0.1274,0,normal
2024-07-29 18:50:00,AWS_Chennai_001,30.11,1001.35,81.15,0,0.0791,NORMAL,None,[],0.0538,0.26,0.1197,0,normal
2024-07-29 19:00:00,AWS_Chennai_001,29.73,1001.27,79.49,0,0.0769,NORMAL,None,[],0.0483,0.2588,0.1179,0,normal
2024-07-29 19:10:00,AWS_Chennai_001,29.46,1001.08,78.94,0,0.0865,NORMAL,None,[],0.0652,0.2887,0.1181,1,drift_temperature
2024-07-29 19:20:00,AWS_Chennai_001,30.2,1001.28,82.9,0,0.1038,NORMAL,None,[],0.1408,0.2495,0.1204,1,drift_temperature
2024-07-29 19:30:00,AWS_Chennai_001,31.37,1001.34,84.3,0,0.0967,NORMAL,None,[],0.1226,0.2203,0.1345,1,drift_temperature
2024-07-29 19:40:00,AWS_Chennai_001,32.49,1001.3,86.13,0,0.1823,NORMAL,None,[],0.2234,0.2568,0.3838,1,drift_temperature
2024-07-29 19:50:00,AWS_Chennai_001,33.81,1001.24,87.96,1,0.2528,LOW,None,[],0.2806,0.3373,0.5901,1,drift_temperature
2024-07-29 20:00:00,AWS_Chennai_001,35.04,1001.43,90.64,1,0.2941,LOW,None,[],0.3755,0.3594,0.638,1,drift_temperature
2024-07-29 20:10:00,AWS_Chennai_001,36.16,1001.28,90.44,1,0.3053,LOW,None,[],0.3995,0.3651,0.6537,1,drift_temperature
2024-07-29 20:20:00,AWS_Chennai_001,37.48,1001.0,90.52,1,0.3184,LOW,Pattern-Based Anomaly (Learned),[],0.3508,0.4029,0.7633,1,drift_temperature
2024-07-29 20:30:00,AWS_Chennai_001,38.61,1001.01,88.73,1,0.3004,LOW,Pattern-Based Anomaly (Learned),[],0.3315,0.3523,0.7406,1,drift_temperature
2024-07-29 20:40:00,AWS_Chennai_001,39.3,1001.19,91.1,1,0.2749,LOW,None,[],0.3773,0.3105,0.5759,1,drift_temperature
2024-07-29 20:50:00,AWS_Chennai_001,39.68,1001.13,88.98,1,0.2528,LOW,None,[],0.347,0.2692,0.5414,1,drift_temperature
2024-07-29 21:00:00,AWS_Chennai_001,40.63,1000.98,89.34,1,0.2687,LOW,None,[],0.3287,0.3114,0.6166,1,drift_temperature
2024-07-29 21:10:00,AWS_Chennai_001,41.27,1001.12,88.6,0,0.2424,NORMAL,None,[],0.3487,0.2267,0.5188,1,drift_temperature
2024-07-29 21:20:00,AWS_Chennai_001,41.98,1000.98,86.76,0,0.2476,NORMAL,None,[],0.3191,0.2351,0.5828,1,drift_temperature
2024-07-29 21:30:00,AWS_Chennai_001,42.53,1000.84,86.71,0,0.2388,NORMAL,None,[],0.3163,0.2599,0.5246,1,drift_temperature
2024-07-29 21:40:00,AWS_Chennai_001,43.14,1000.74,88.59,0,0.2475,NORMAL,None,[],0.3235,0.2984,0.5286,1,drift_temperature
2024-07-29 21:50:00,AWS_Chennai_001,44.52,1000.53,90.87,1,0.3349,LOW,Pattern-Based Anomaly (Learned),[],0.4143,0.3656,0.779,1,drift_temperature
2024-07-29 22:00:00,AWS_Chennai_001,45.56,1000.7,93.89,1,0.3404,LOW,Pattern-Based Anomaly (Learned),[],0.445,0.3482,0.7736,1,drift_temperature
2024-07-29 22:10:00,AWS_Chennai_001,46.69,1000.39,93.55,1,0.3392,LOW,None,[],0.497,0.4003,0.6501,1,drift_temperature
2024-07-29 22:20:00,AWS_Chennai_001,26.99,1000.5,93.37,1,0.6443,MEDIUM,Spike / Transient Fault - Temperature,['spike_temp'],0.442,0.3907,0.5154,0,normal
2024-07-29 22:30:00,AWS_Chennai_001,26.4,1000.8,91.96,1,0.2634,LOW,None,[],0.3698,0.2574,0.5691,0,normal
2024-07-29 22:40:00,AWS_Chennai_001,26.14,1000.83,91.74,0,0.2469,NORMAL,None,[],0.3513,0.2168,0.5452,0,normal
2024-07-29 22:50:00,AWS_Chennai_001,26.09,1000.68,90.96,0,0.2229,NORMAL,None,[],0.2995,0.2021,0.5134,0,normal
2024-07-29 23:00:00,AWS_Chennai_001,25.89,1000.71,91.57,0,0.2269,NORMAL,None,[],0.3027,0.1958,0.5335,0,normal
2024-07-29 23:10:00,AWS_Chennai_001,25.84,1000.93,92.84,0,0.1238,NORMAL,None,[],0.23,0.2082,0.118,0,normal
2024-07-29 23:20:00,AWS_Chennai_001,25.61,1001.01,91.09,0,0.1081,NORMAL,None,[],0.2018,0.1653,0.1139,0,normal
2024-07-29 23:30:00,AWS_Chennai_001,25.65,1000.98,92.09,0,0.111,NORMAL,None,[],0.2089,0.1742,0.111,0,normal
2024-07-29 23:40:00,AWS_Chennai_001,25.1,1000.83,92.0,0,0.1001,NORMAL,None,[],0.195,0.1226,0.116,0,normal
2024-07-29 23:50:00,AWS_Chennai_001,25.28,1001.12,91.48,0,0.1203,NORMAL,None,[],0.2211,0.1954,0.1231,0,normal
2024-07-30 00:00:00,AWS_Chennai_001,25.01,1001.21,90.95,0,0.1127,NORMAL,None,[],0.2065,0.1934,0.1086,0,normal
2024-07-30 00:10:00,AWS_Chennai_001,24.72,1001.27,91.08,0,0.1131,NORMAL,None,[],0.1978,0.198,0.1205,0,normal
2024-07-30 00:20:00,AWS_Chennai_001,24.21,1001.6,90.98,0,0.151,NORMAL,None,[],0.2763,0.2573,0.1478,0,normal
2024-07-30 00:30:00,AWS_Chennai_001,24.24,1001.59,90.74,0,0.1426,NORMAL,None,[],0.2613,0.2505,0.1332,0,normal
2024-07-30 00:40:00,AWS_Chennai_001,23.91,947.79,91.62,1,0.6785,HIGH,Spike / Transient Fault - Pressure,['spike_pressure'],0.676,0.3581,0.3598,1,spike_pressure
2024-07-30 00:50:00,AWS_Chennai_001,23.79,1001.74,90.96,1,0.6016,MEDIUM,Spike / Transient Fault - Pressure,['spike_pressure'],0.5966,0.1292,0.2661,0,normal
2024-07-30 01:00:00,AWS_Chennai_001,23.46,1001.87,93.46,0,0.2339,NORMAL,None,[],0.5536,0.1965,0.1916,0,normal
2024-07-30 01:10:00,AWS_Chennai_001,23.43,1002.03,93.02,0,0.2181,NORMAL,None,[],0.4297,0.2436,0.2631,0,normal
2024-07-30 01:20:00,AWS_Chennai_001,23.76,1002.01,93.35,0,0.1926,NORMAL,None,[],0.3839,0.2414,0.2063,0,normal
2024-07-30 01:30:00,AWS_Chennai_001,24.27,1002.14,91.68,0,0.1711,NORMAL,None,[],0.4013,0.0705,0.2007,0,normal
2024-07-30 01:40:00,AWS_Chennai_001,24.37,1002.16,91.82,0,0.1198,NORMAL,None,[],0.2912,0.0548,0.121,0,normal
2024-07-30 01:50:00,AWS_Chennai_001,24.59,1002.28,92.01,0,0.1203,NORMAL,None,[],0.3104,0.0412,0.1048,0,normal
2024-07-30 02:00:00,AWS_Chennai_001,24.45,1002.46,92.06,0,0.1235,NORMAL,None,[],0.3162,0.0498,0.1056,0,normal
2024-07-30 02:10:00,AWS_Chennai_001,24.52,1002.47,92.16,0,0.1237,NORMAL,None,[],0.3093,0.0598,0.1094,0,normal
2024-07-30 02:20:00,AWS_Chennai_001,24.4,1002.18,92.95,0,0.1306,NORMAL,None,[],0.3067,0.1117,0.1092,0,normal
2024-07-30 02:30:00,AWS_Chennai_001,24.83,1002.37,93.18,0,0.148,NORMAL,None,[],0.3286,0.187,0.1069,0,normal
2024-07-30 02:40:00,AWS_Chennai_001,24.97,1002.48,95.08,0,0.1676,NORMAL,None,[],0.3422,0.2973,0.1019,0,normal
2024-07-30 02:50:00,AWS_Chennai_001,24.68,1002.66,96.3,0,0.1636,NORMAL,None,[],0.3337,0.2702,0.1146,0,normal
2024-07-30 03:00:00,AWS_Chennai_001,24.49,1002.62,92.05,0,0.125,NORMAL,None,[],0.3104,0.076,0.1023,0,normal
2024-07-30 03:10:00,AWS_Chennai_001,24.06,1002.54,91.29,0,0.1303,NORMAL,None,[],0.3092,0.1121,0.1039,0,normal
2024-07-30 03:20:00,AWS_Chennai_001,24.0,1002.66,92.04,0,0.1271,NORMAL,None,[],0.3123,0.0857,0.1029,0,normal
2024-07-30 03:30:00,AWS_Chennai_001,23.62,1002.69,91.38,0,0.1437,NORMAL,None,[],0.3208,0.1772,0.1044,0,normal
2024-07-30 03:40:00,AWS_Chennai_001,23.73,1002.73,92.21,0,0.1167,NORMAL,None,[],0.2033,0.1905,0.1358,0,normal
2024-07-30 03:50:00,AWS_Chennai_001,23.97,1002.8,93.68,0,0.1158,NORMAL,None,[],0.1975,0.1955,0.136,0,normal
2024-07-30 04:00:00,AWS_Chennai_001,24.21,1002.67,95.34,0,0.1234,NORMAL,None,[],0.2249,0.2005,0.1295,0,normal
2024-07-30 04:10:00,AWS_Chennai_001,24.3,1002.78,95.73,0,0.1307,NORMAL,None,[],0.2422,0.2195,0.1255,0,normal
2024-07-30 04:20:00,AWS_Chennai_001,24.47,1002.8,93.88,0,0.1148,NORMAL,None,[],0.2168,0.1587,0.1295,0,normal
2024-07-30 04:30:00,AWS_Chennai_001,24.34,1002.69,95.89,0,0.131,NORMAL,None,[],0.265,0.1641,0.1342,0,normal
2024-07-30 04:40:00,AWS_Chennai_001,25.23,1002.47,96.13,0,0.158,NORMAL,None,[],0.2775,0.3046,0.1453,0,normal
2024-07-30 04:50:00,AWS_Chennai_001,24.86,1002.08,97.02,0,0.168,NORMAL,None,[],0.2744,0.3817,0.1422,0,normal
2024-07-30 05:00:00,AWS_Chennai_001,24.59,1002.13,95.24,0,0.1228,NORMAL,None,[],0.2112,0.2174,0.1343,0,normal
2024-07-30 05:10:00,AWS_Chennai_001,24.69,1002.02,96.9,0,0.1442,NORMAL,None,[],0.2445,0.2921,0.1351,0,normal
2024-07-30 05:20:00,AWS_Chennai_001,24.68,1001.75,96.07,0,0.1443,NORMAL,None,[],0.2398,0.2852,0.1479,0,normal
2024-07-30 05:30:00,AWS_Chennai_001,24.75,1001.72,95.64,0,0.1299,NORMAL,None,[],0.2089,0.2506,0.1483,0,normal
2024-07-30 05:40:00,AWS_Chennai_001,25.94,1001.53,93.91,0,0.1659,NORMAL,None,[],0.2742,0.3738,0.1379,0,normal
2024-07-30 05:50:00,AWS_Chennai_001,26.04,1001.77,97.72,0,0.1826,NORMAL,None,[],0.311,0.3791,0.1622,0,normal
2024-07-30 06:00:00,AWS_Chennai_001,26.27,1001.97,94.72,0,0.1365,NORMAL,None,[],0.246,0.2138,0.1529,0,normal
2024-07-30 06:10:00,AWS_Chennai_001,26.46,1001.73,96.44,0,0.156,NORMAL,None,[],0.2701,0.2901,0.1574,0,normal
2024-07-30 06:20:00,AWS_Chennai_001,26.81,1001.89,92.76,0,0.1672,NORMAL,None,[],0.3061,0.2957,0.1552,0,normal
2024-07-30 06:30:00,AWS_Chennai_001,27.48,1002.01,93.12,0,0.1538,NORMAL,None,[],0.2622,0.2859,0.1614,0,normal
2024-07-30 06:40:00,AWS_Chennai_001,27.51,1001.87,94.46,0,0.1408,NORMAL,None,[],0.2482,0.2283,0.1606,0,normal
2024-07-30 06:50:00,AWS_Chennai_001,27.31,1001.93,94.42,0,0.1207,NORMAL,None,[],0.2031,0.1896,0.1566,0,normal
2024-07-30 07:00:00,AWS_Chennai_001,27.49,1001.84,96.96,0,0.1392,NORMAL,None,[],0.2413,0.2311,0.1608,0,normal
2024-07-30 07:10:00,AWS_Chennai_001,27.44,1001.86,94.93,0,0.115,NORMAL,None,[],0.2097,0.1462,0.1508,0,normal
2024-07-30 07:20:00,AWS_Chennai_001,27.8,1001.8,93.12,0,0.1427,NORMAL,None,[],0.2502,0.2513,0.1498,0,normal
2024-07-30 07:30:00,AWS_Chennai_001,27.93,1001.78,92.96,0,0.1449,NORMAL,None,[],0.2586,0.2441,0.1537,0,normal
2024-07-30 07:40:00,AWS_Chennai_001,28.02,1001.6,91.42,0,0.1604,NORMAL,None,[],0.2597,0.3528,0.1478,0,normal
2024-07-30 07:50:00,AWS_Chennai_001,28.35,1001.45,91.37,0,0.1653,NORMAL,None,[],0.2603,0.3813,0.15,0,normal
2024-07-30 08:00:00,AWS_Chennai_001,28.56,1001.68,91.51,0,0.1512,NORMAL,None,[],0.2692,0.2586,0.1583,0,normal
2024-07-30 08:10:00,AWS_Chennai_001,28.99,1001.78,90.95,0,0.1462,NORMAL,None,[],0.2705,0.2296,0.1532,0,normal
2024-07-30 08:20:00,AWS_Chennai_001,29.3,1001.72,89.1,0,0.1468,NORMAL,None,[],0.2331,0.2995,0.16,0,normal
2024-07-30 08:30:00,AWS_Chennai_001,29.65,1001.65,89.85,0,0.143,NORMAL,None,[],0.2167,0.306,0.1603,0,normal
2024-07-30 08:40:00,AWS_Chennai_001,30.2,1001.84,89.37,0,0.1576,NORMAL,None,[],0.2735,0.2858,0.1631,0,normal
2024-07-30 08:50:00,AWS_Chennai_001,30.84,1001.66,89.93,0,0.1682,NORMAL,None,[],0.2988,0.3082,0.1616,0,normal
2024-07-30 09:00:00,AWS_Chennai_001,31.18,1001.39,93.74,0,0.1818,NORMAL,None,[],0.3251,0.355,0.155,0,normal
2024-07-30 09:10:00,AWS_Chennai_001,31.53,1001.37,92.88,0,0.1678,NORMAL,None,[],0.3016,0.3078,0.1556,0,normal
2024-07-30 09:20:00,AWS_Chennai_001,31.89,1001.66,92.75,0,0.1582,NORMAL,None,[],0.336,0.1752,0.1557,0,normal
2024-07-30 09:30:00,AWS_Chennai_001,32.46,1001.63,95.46,0,0.1801,NORMAL,None,[],0.3611,0.2662,0.1591,0,normal
2024-07-30 09:40:00,AWS_Chennai_001,32.24,1002.06,95.0,0,0.1983,NORMAL,None,[],0.3859,0.3382,0.1589,0,normal
2024-07-30 09:50:00,AWS_Chennai_001,32.26,1001.98,94.89,0,0.1734,NORMAL,None,[],0.327,0.2849,0.1631,0,normal
2024-07-30 10:00:00,AWS_Chennai_001,32.8,1001.97,93.98,0,0.1608,NORMAL,None,[],0.2967,0.2637,0.1614,1,drift_humidity
2024-07-30 10:10:00,AWS_Chennai_001,33.37,1001.94,96.2,0,0.1869,NORMAL,None,[],0.3475,0.3269,0.1679,1,drift_humidity
2024-07-30 10:20:00,AWS_Chennai_001,33.36,1002.1,96.34,0,0.1821,NORMAL,None,[],0.3254,0.3449,0.1638,1,drift_humidity
2024-07-30 10:30:00,AWS_Chennai_001,33.74,1002.53,94.22,0,0.1879,NORMAL,None,[],0.3467,0.3482,0.1581,1,drift_humidity
2024-07-30 10:40:00,AWS_Chennai_001,33.87,1002.41,95.09,0,0.1811,NORMAL,None,[],0.3459,0.3047,0.1581,1,drift_humidity
2024-07-30 10:50:00,AWS_Chennai_001,34.16,1002.25,93.12,0,0.1467,NORMAL,None,[],0.2804,0.1952,0.1666,1,drift_humidity
2024-07-30 11:00:00,AWS_Chennai_001,34.49,1002.35,90.43,0,0.1679,NORMAL,None,[],0.2901,0.2828,0.1921,1,drift_humidity
2024-07-30 11:10:00,AWS_Chennai_001,34.84,1002.44,90.68,0,0.1768,NORMAL,None,[],0.3142,0.2843,0.1993,1,drift_humidity
2024-07-30 11:20:00,AWS_Chennai_001,34.93,1002.41,89.37,0,0.1779,NORMAL,None,[],0.3016,0.3035,0.2093,1,drift_humidity
2024-07-30 11:30:00,AWS_Chennai_001,35.11,1002.5,85.62,0,0.2215,NORMAL,None,[],0.3346,0.3817,0.3193,1,drift_humidity
2024-07-30 11:40:00,AWS_Chennai_001,34.99,1002.65,87.24,0,0.1868,NORMAL,None,[],0.3065,0.3301,0.2267,1,drift_humidity
2024-07-30 11:50:00,AWS_Chennai_001,34.84,1002.56,86.67,0,0.164,NORMAL,None,[],0.2788,0.2878,0.1859,1,drift_humidity
2024-07-30 12:00:00,AWS_Chennai_001,35.1,1002.5,86.3,0,0.1557,NORMAL,None,[],0.2641,0.2679,0.1814,1,drift_humidity
2024-07-30 12:10:00,AWS_Chennai_001,51.87,1076.55,98.91,1,0.9433,CRITICAL,Multivariate Inconsistency (Hot+Humid) | Spike / Transient Fault - Temperature | Spike / Transient Fault - Pressure,"['impossible_hot_humid', 'spike_temp', 'spike_pressure']",1.0,0.7068,0.9364,1,drift_humidity
2024-07-30 12:20:00,AWS_Chennai_001,35.5,1002.69,84.91,1,0.6601,HIGH,Spike / Transient Fault - Temperature | Spike / Transient Fault - Pressure,"['spike_temp', 'spike_pressure']",0.9031,0.1442,0.0876,1,drift_humidity
2024-07-30 12:30:00,AWS_Chennai_001,35.48,1002.89,77.57,1,0.307,LOW,Multivariate Statistical Outlier (Isolation Forest),[],0.8812,0.2041,0.0601,0,normal
2024-07-30 12:40:00,AWS_Chennai_001,35.64,1002.85,76.67,1,0.2716,LOW,Multivariate Statistical Outlier (Isolation Forest),[],0.789,0.1777,0.0414,0,normal
2024-07-30 12:50:00,AWS_Chennai_001,35.36,1002.65,77.32,1,0.2506,LOW,Multivariate Statistical Outlier (Isolation Forest),[],0.7411,0.1466,0.0317,0,normal
2024-07-30 13:00:00,AWS_Chennai_001,35.65,1002.29,80.29,1,0.2506,LOW,Multivariate Statistical Outlier (Isolation Forest),[],0.7515,0.103,0.0485,0,normal
2024-07-30 13:10:00,AWS_Chennai_001,35.61,1002.42,80.1,0,0.2154,NORMAL,None,[],0.613,0.0987,0.0835,0,normal
2024-07-30 13:20:00,AWS_Chennai_001,35.79,1002.28,79.2,0,0.1846,NORMAL,None,[],0.5159,0.0996,0.0746,0,normal
2024-07-30 13:30:00,AWS_Chennai_001,35.58,1002.22,79.09,0,0.1679,NORMAL,None,[],0.4635,0.0987,0.0703,0,normal
2024-07-30 13:40:00,AWS_Chennai_001,35.97,1002.47,79.18,0,0.177,NORMAL,None,[],0.5035,0.0846,0.0665,0,normal
2024-07-30 13:50:00,AWS_Chennai_001,35.74,1002.56,79.26,0,0.172,NORMAL,None,[],0.4872,0.0827,0.0673,0,normal
2024-07-30 14:00:00,AWS_Chennai_001,35.48,1002.56,79.47,0,0.1752,NORMAL,None,[],0.4948,0.0799,0.0737,0,normal
2024-07-30 14:10:00,AWS_Chennai_001,35.58,1002.38,78.76,0,0.182,NORMAL,None,[],0.5078,0.0821,0.0866,0,normal
2024-07-30 14:20:00,AWS_Chennai_001,36.37,1002.39,78.97,0,0.1882,NORMAL,None,[],0.5422,0.0597,0.0826,0,normal
2024-07-30 14:30:00,AWS_Chennai_001,36.26,1002.59,77.85,0,0.1845,NORMAL,None,[],0.53,0.0715,0.0736,0,normal
2024-07-30 14:40:00,AWS_Chennai_001,35.85,1002.71,78.06,0,0.1827,NORMAL,None,[],0.5242,0.0712,0.0737,0,normal
2024-07-30 14:50:00,AWS_Chennai_001,35.9,1002.62,80.26,0,0.1771,NORMAL,None,[],0.5249,0.0366,0.0709,0,normal
2024-07-30 15:00:00,AWS_Chennai_001,35.92,1002.67,81.98,0,0.1772,NORMAL,None,[],0.5116,0.0539,0.0779,0,normal
2024-07-30 15:10:00,AWS_Chennai_001,36.4,1003.0,80.59,0,0.175,NORMAL,None,[],0.3165,0.341,0.1447,0,normal
2024-07-30 15:20:00,AWS_Chennai_001,36.21,1003.0,80.97,0,0.1813,NORMAL,None,[],0.3536,0.315,0.1397,0,normal
2024-07-30 15:30:00,AWS_Chennai_001,36.15,1003.16,80.2,0,0.1727,NORMAL,None,[],0.3537,0.2722,0.1285,0,normal
2024-07-30 15:40:00,AWS_Chennai_001,36.1,1003.25,80.21,0,0.1729,NORMAL,None,[],0.3608,0.2473,0.1377,0,normal
2024-07-30 15:50:00,AWS_Chennai_001,35.65,1003.18,84.41,0,0.2131,NORMAL,None,[],0.4195,0.4017,0.1348,0,normal
2024-07-30 16:00:00,AWS_Chennai_001,36.14,1002.95,84.55,0,0.186,NORMAL,None,[],0.3933,0.2882,0.1237,0,normal
2024-07-30 16:10:00,AWS_Chennai_001,35.86,1003.19,84.11,0,0.1717,NORMAL,None,[],0.3589,0.2548,0.1292,0,normal
2024-07-30 16:20:00,AWS_Chennai_001,35.74,1003.01,84.71,0,0.1504,NORMAL,None,[],0.3016,0.2368,0.1221,0,normal
2024-07-30 16:30:00,AWS_Chennai_001,35.53,1003.15,84.18,0,0.1593,NORMAL,None,[],0.3048,0.2846,0.1257,0,normal
2024-07-30 16:40:00,AWS_Chennai_001,35.57,1002.92,83.19,0,0.1361,NORMAL,None,[],0.2804,0.1651,0.1359,0,normal
2024-07-30 16:50:00,AWS_Chennai_001,35.55,1003.07,84.41,0,0.1687,NORMAL,None,[],0.3576,0.2232,0.1395,0,normal
2024-07-30 17:00:00,AWS_Chennai_001,35.13,1003.18,85.83,0,0.1719,NORMAL,None,[],0.3222,0.3462,0.1167,0,normal
2024-07-30 17:10:00,AWS_Chennai_001,34.9,1003.48,84.93,0,0.1764,NORMAL,None,[],0.3165,0.3843,0.1193,0,normal
2024-07-30 17:20:00,AWS_Chennai_001,35.04,1003.15,82.15,0,0.1334,NORMAL,None,[],0.2734,0.1743,0.1264,0,normal
2024-07-30 17:30:00,AWS_Chennai_001,34.78,1002.98,85.64,0,0.1546,NORMAL,None,[],0.3059,0.2549,0.1229,0,normal
2024-07-30 17:40:00,AWS_Chennai_001,34.52,1002.74,84.46,0,0.1518,NORMAL,None,[],0.2701,0.3021,0.127,0,normal
2024-07-30 17:50:00,AWS_Chennai_001,34.64,1002.99,85.91,0,0.1346,NORMAL,None,[],0.2459,0.2353,0.1277,0,normal
2024-07-30 18:00:00,AWS_Chennai_001,33.99,1003.08,84.62,0,0.1261,NORMAL,None,[],0.2317,0.1974,0.135,0,normal
2024-07-30 18:10:00,AWS_Chennai_001,33.07,1002.96,84.2,0,0.1358,NORMAL,None,[],0.2304,0.2644,0.1353,0,normal
2024-07-30 18:20:00,AWS_Chennai_001,32.72,1002.67,83.42,0,0.1398,NORMAL,None,[],0.2096,0.3537,0.1194,0,normal
2024-07-30 18:30:00,AWS_Chennai_001,32.46,1002.55,81.25,0,0.1601,NORMAL,None,[],0.214,0.4535,0.1396,0,normal
2024-07-30 18:40:00,AWS_Chennai_001,32.3,1002.63,82.67,0,0.1328,NORMAL,None,[],0.1813,0.346,0.1324,0,normal
2024-07-30 18:50:00,AWS_Chennai_001,32.63,1002.9,83.99,0,0.0995,NORMAL,None,[],0.1751,0.1393,0.1306,0,normal
2024-07-30 19:00:00,AWS_Chennai_001,32.4,1002.65,85.05,0,0.1185,NORMAL,None,[],0.179,0.2551,0.1328,0,normal
2024-07-30 19:10:00,AWS_Chennai_001,32.02,1002.34,83.07,0,0.1158,NORMAL,None,[],0.1404,0.3267,0.123,0,normal
2024-07-30 19:20:00,AWS_Chennai_001,31.8,1002.12,82.83,0,0.1205,NORMAL,None,[],0.1465,0.3429,0.1253,0,normal
2024-07-30 19:30:00,AWS_Chennai_001,30.81,1001.91,84.87,0,0.1442,NORMAL,None,[],0.2184,0.3538,0.1281,0,normal
2024-07-30 19:40:00,AWS_Chennai_001,30.36,1001.98,84.91,0,0.1218,NORMAL,None,[],0.1703,0.3127,0.1192,0,normal
2024-07-30 19:50:00,AWS_Chennai_001,29.54,1001.94,87.47,0,0.1749,NORMAL,None,[],0.2386,0.4211,0.201,0,normal
2024-07-30 20:00:00,AWS_Chennai_001,29.61,1002.05,87.2,0,0.1257,NORMAL,None,[],0.1693,0.3441,0.1164,0,normal
2024-07-30 20:10:00,AWS_Chennai_001,28.71,1002.1,84.93,0,0.1528,NORMAL,None,[],0.2273,0.2405,0.2428,0,normal
2024-07-30 20:20:00,AWS_Chennai_001,28.29,1001.95,84.54,0,0.1128,NORMAL,None,[],0.1769,0.2281,0.1274,0,normal
2024-07-30 20:30:00,AWS_Chennai_001,28.57,1002.05,82.82,0,0.1096,NORMAL,None,[],0.1545,0.2494,0.1291,0,normal
2024-07-30 20:40:00,AWS_Chennai_001,28.8,1001.73,85.22,0,0.1086,NORMAL,None,[],0.1632,0.2392,0.1189,0,normal
2024-07-30 20:50:00,AWS_Chennai_001,28.51,1001.81,87.24,0,0.1094,NORMAL,None,[],0.1345,0.3025,0.1184,0,normal
2024-07-30 21:00:00,AWS_Chennai_001,28.61,1001.88,89.13,0,0.1198,NORMAL,None,[],0.1625,0.3133,0.1202,0,normal
2024-07-30 21:10:00,AWS_Chennai_001,28.6,1001.59,91.25,0,0.1529,NORMAL,None,[],0.2135,0.3683,0.1682,0,normal
2024-07-30 21:20:00,AWS_Chennai_001,28.93,1001.62,89.94,0,0.1257,NORMAL,None,[],0.1674,0.2719,0.1735,0,normal
2024-07-30 21:30:00,AWS_Chennai_001,29.02,1001.66,88.35,0,0.09,NORMAL,None,[],0.1217,0.1944,0.1214,0,normal
2024-07-30 21:40:00,AWS_Chennai_001,29.12,1001.48,86.55,0,0.088,NORMAL,None,[],0.1349,0.152,0.1235,0,normal
2024-07-30 21:50:00,AWS_Chennai_001,28.86,1001.64,88.15,0,0.0941,NORMAL,None,[],0.1499,0.1676,0.1198,0,normal
2024-07-30 22:00:00,AWS_Chennai_001,28.8,1001.7,89.6,0,0.0951,NORMAL,None,[],0.1429,0.1806,0.1258,0,normal
2024-07-30 22:10:00,AWS_Chennai_001,29.06,1001.68,90.79,0,0.0966,NORMAL,None,[],0.1441,0.178,0.1335,0,normal
2024-07-30 22:20:00,AWS_Chennai_001,28.89,1001.58,90.59,0,0.0954,NORMAL,None,[],0.1304,0.1986,0.1326,0,normal
2024-07-30 22:30:00,AWS_Chennai_001,29.0,1001.57,90.64,0,0.0905,NORMAL,None,[],0.1294,0.1709,0.1301,0,normal
2024-07-30 22:40:00,AWS_Chennai_001,28.91,1001.72,91.0,0,0.083,NORMAL,None,[],0.1406,0.1099,0.1217,0,normal
2024-07-30 22:50:00,AWS_Chennai_001,28.45,1001.44,92.21,0,0.1269,NORMAL,None,[],0.1814,0.3079,0.1314,0,normal
2024-07-30 23:00:00,AWS_Chennai_001,28.27,1001.41,91.62,0,0.1255,NORMAL,None,[],0.1598,0.3274,0.1423,0,normal
2024-07-30 23:10:00,AWS_Chennai_001,28.41,1001.44,91.8,0,0.1117,NORMAL,None,[],0.1489,0.2582,0.1417,0,normal
2024-07-30 23:20:00,AWS_Chennai_001,28.19,1001.56,87.24,0,0.1153,NORMAL,None,[],0.1818,0.2332,0.1288,0,normal
2024-07-30 23:30:00,AWS_Chennai_001,28.46,1001.52,88.11,0,0.1016,NORMAL,None,[],0.1776,0.1677,0.1156,0,normal
2024-07-30 23:40:00,AWS_Chennai_001,28.35,1001.37,87.67,0,0.1141,NORMAL,None,[],0.1606,0.2831,0.1171,0,normal
2024-07-30 23:50:00,AWS_Chennai_001,28.6,1001.5,89.62,0,0.089,NORMAL,None,[],0.1844,0.0707,0.1153,0,normal
